"Payload.ClientPayload.time_stamp","Payload.ClientPayload.game_id","Payload.ClientPayload.game_name","Payload.ClientPayload.game_provider_id","Payload.ClientPayload.client_type","Payload.ClientPayload.unit_name","Payload.ClientPayload.spin_type","Payload.ClientPayload.bet_amount","Payload.ClientPayload.win_amount","Payload.ClientPayload.win_type","Payload.ClientPayload.spin_event_id"
"2026-09-17T04:10:33.8753Z",starburstgalaxy,playSWEEPSWinZone,evolution,web,gold,regular,"3000.0","0.0",lose,"ae9fd2fa-c58b-4686-9fdc-a0e78f7002bf"
"2026-09-17T04:10:28.8054Z",starburstgalaxy,playSWEEPSWinZone,evolution,web,gold,regular,"3000.0","750.0",win,"28e1355d-b64e-49f2-918e-b78d357eb5c8"
"2026-09-17T04:10:24.0239Z",starburstgalaxy,playSWEEPSWinZone,evolution,web,gold,regular,"3000.0","0.0",lose,"2c228171-f425-4880-afc4-70168eb045d5"
"2026-09-17T04:10:23.0658Z",starburstgalaxy,playSWEEPSWinZone,evolution,web,gold,regular,"3000.0","0.0",lose,"52769293-6815-43fe-82f2-8ebceeeea1f4"
"2026-09-17T04:08:21.5833Z",starburstgalaxy,playSWEEPSWinZone,evolution,web,gold,regular,"3000.0","0.0",lose,"a9084723-727b-4722-8363-854e0671b06a"
"2026-09-17T04:08:17.4542Z",starburstgalaxy,playSWEEPSWinZone,evolution,web,gold,regular,"3000.0","0.0",lose,"113bcd60-f250-4dd3-b949-69e3b865c98d"
"2026-09-17T04:08:12.4344Z",starburstgalaxy,playSWEEPSWinZone,evolution,web,gold,regular,"3000.0","0.0",lose,"e067fa23-b1ef-4cdc-bfb0-89d139d05b1e"
"2026-09-17T04:08:09.0820Z",starburstgalaxy,playSWEEPSWinZone,evolution,web,gold,regular,"3000.0","0.0",lose,"8543d640-08fa-49cc-8ce7-d935e194f9e6"
"2026-09-17T04:08:06.0971Z",starburstgalaxy,playSWEEPSWinZone,evolution,web,gold,regular,"3000.0","0.0",lose,"8905760d-01f0-4a2c-91b5-2e9d5f983b67"
"2026-09-17T04:08:04.4495Z",starburstgalaxy,playSWEEPSWinZone,evolution,web,gold,regular,"3000.0","1500.0",win,"57320983-36d2-4e49-8631-ff0c4b2cd690"
"2026-09-17T04:07:59.0820Z",starburstgalaxy,playSWEEPSWinZone,evolution,web,gold,regular,"3000.0","6750.0",win,"f761f99d-c46d-4cfa-95c0-25423ec352bf"
"2026-09-17T04:07:49.2566Z",starburstgalaxy,playSWEEPSWinZone,evolution,web,gold,regular,"3000.0","0.0",lose,"1a0e0188-3e7b-4608-a41b-d75a063d08fd"
"2026-09-17T04:07:47.9134Z",starburstgalaxy,playSWEEPSWinZone,evolution,web,gold,regular,"3000.0","1500.0",win,"60f277a2-d224-486a-aa4f-14fbd558f93c"
"2026-09-17T04:07:28.4959Z",starburstgalaxy,playSWEEPSWinZone,evolution,web,gold,regular,"3000.0","0.0",lose,"a003b38f-d835-4da8-923b-7b9e9804e86b"
"2026-09-17T04:07:26.8378Z",starburstgalaxy,playSWEEPSWinZone,evolution,web,gold,regular,"3000.0","0.0",lose,"c32ca7f9-676d-440b-8df1-06c69bea0f66"
"2026-09-17T04:05:47.8644Z",starburstgalaxy,playSWEEPSWinZone,evolution,web,gold,regular,"3000.0","0.0",lose,"dc9dee9a-e345-4486-a339-cff139483279"
"2026-09-17T04:05:36.8570Z",starburstgalaxy,playSWEEPSWinZone,evolution,web,gold,regular,"3000.0","0.0",lose,"028242cf-8fa3-4c70-be37-9ff1722eef01"
"2026-09-17T04:05:34.7796Z",starburstgalaxy,playSWEEPSWinZone,evolution,web,gold,regular,"3000.0","0.0",lose,"9b65f998-09f7-4670-ac6f-75d7d2c4680d"
"2026-09-17T04:05:25.2323Z",starburstgalaxy,playSWEEPSWinZone,evolution,web,gold,regular,"3000.0","0.0",lose,"a523bdde-eed7-4935-81f8-042a8a6f756b"
"2026-09-17T04:04:11.9444Z",starburstgalaxy,playSWEEPSWinZone,evolution,web,gold,regular,"3000.0","0.0",lose,"fbe91c52-449d-4bfa-b145-27ed9de209e4"
"2026-09-17T04:04:10.4825Z",starburstgalaxy,playSWEEPSWinZone,evolution,web,gold,regular,"3000.0","0.0",lose,"9264291e-5d88-4a52-93eb-26d027545f30"
"2026-09-17T04:04:09.0545Z",starburstgalaxy,playSWEEPSWinZone,evolution,web,gold,regular,"3000.0","0.0",lose,"3aa5f684-5fbd-444e-a711-2efdca22e127"
"2026-09-17T04:04:06.2318Z",starburstgalaxy,playSWEEPSWinZone,evolution,web,gold,regular,"3000.0","0.0",lose,"22b5f2c0-9964-4343-bb07-a9e6d221cf58"
"2026-09-17T04:04:04.5694Z",starburstgalaxy,playSWEEPSWinZone,evolution,web,gold,regular,"3000.0","0.0",lose,"c62d11fc-464a-4d8a-8950-7da1d4583d3b"
"2026-09-17T04:04:02.6742Z",starburstgalaxy,playSWEEPSWinZone,evolution,web,gold,regular,"3000.0","0.0",lose,"e5b36417-8ec0-4eb4-9675-9dff05c5359a"
"2026-09-17T04:03:56.7005Z",starburstgalaxy,playSWEEPSWinZone,evolution,web,gold,regular,"3000.0","0.0",lose,"1cfacc54-74a9-4871-8c58-65343e24ea72"
"2026-09-17T04:03:55.3448Z",starburstgalaxy,playSWEEPSWinZone,evolution,web,gold,regular,"3000.0","0.0",lose,"a5451819-f20b-40fa-aa03-aa49e6a2f178"
"2026-09-17T04:03:53.6378Z",starburstgalaxy,playSWEEPSWinZone,evolution,web,gold,regular,"3000.0","0.0",lose,"51f7cea1-3a15-41b7-858d-24dd63e2ea4d"
"2026-09-17T04:03:51.5846Z",starburstgalaxy,playSWEEPSWinZone,evolution,web,gold,regular,"3000.0","1500.0",win,"d7326a44-a067-4a6b-8f13-30de969c7fbe"
"2026-09-17T04:03:47.7399Z",starburstgalaxy,playSWEEPSWinZone,evolution,web,gold,regular,"3000.0","0.0",lose,"3b49bd72-1bc2-4776-aea2-d5c736671093"
"2026-09-17T04:03:44.0024Z",starburstgalaxy,playSWEEPSWinZone,evolution,web,gold,regular,"3000.0","0.0",lose,"a087f23e-0a44-4ab0-8041-56c09c928066"
"2026-09-17T04:03:41.8887Z",starburstgalaxy,playSWEEPSWinZone,evolution,web,gold,regular,"3000.0","1500.0",win,"a3f09b3e-a531-44ab-b729-45af924527c7"
"2026-09-17T04:03:37.6556Z",starburstgalaxy,playSWEEPSWinZone,evolution,web,gold,regular,"3000.0","0.0",lose,"ae346521-5f06-4921-ab49-4f4949c0ca8c"
"2026-09-17T04:03:36.0932Z",starburstgalaxy,playSWEEPSWinZone,evolution,web,gold,regular,"3000.0","0.0",lose,"07a1bc83-bcd1-49e3-96c7-6f8f90b97f25"
"2026-09-17T04:03:34.3006Z",starburstgalaxy,playSWEEPSWinZone,evolution,web,gold,regular,"3000.0","0.0",lose,"e1d5b47e-a6e3-4b44-a58f-145ed4c097dd"
"2026-09-17T03:55:12.8379Z",sherlock,playSWEEPSWinZone,ps,web,gold,regular,"1000.0","0.0",lose,"7CZ71WW50v+jPF621iCyvw=="
"2026-09-17T03:55:05.6607Z",sherlock,playSWEEPSWinZone,ps,web,gold,regular,"1000.0","0.0",lose,"rSWqDcvU81qS36g84qPF6g=="
"2026-09-17T03:55:01.9862Z",sherlock,playSWEEPSWinZone,ps,web,gold,regular,"1000.0","0.0",lose,"WNDyS3X3obhNDUlmXM+G5w=="
"2026-09-17T03:54:51.1016Z",sherlock,playSWEEPSWinZone,ps,web,gold,regular,"1000.0","0.0",lose,"kSh2T8G+fTyqq/Pl1rqUkw=="
"2026-09-17T03:54:42.4367Z",sherlock,playSWEEPSWinZone,ps,web,gold,regular,"1000.0","0.0",lose,"gIRDoejzRK5AojdAC+MkaQ=="
"2026-09-17T03:54:39.2354Z",sherlock,playSWEEPSWinZone,ps,web,gold,regular,"1000.0","0.0",lose,"bQaO1SGc88g4rOyEfVrMmg=="
"2026-09-17T03:54:14.2898Z",sherlock,playSWEEPSWinZone,ps,web,gold,regular,"1000.0","0.0",lose,"7Tnw2Ijkvvi02cmt6IQIzQ=="
"2026-09-17T03:53:38.2368Z",sherlock,playSWEEPSWinZone,ps,web,gold,regular,"1000.0","0.0",lose,"1h/jiGBpBwl2/cxRxB4d/A=="
"2026-09-17T03:54:35.9545Z",sherlock,playSWEEPSWinZone,ps,web,gold,regular,"1000.0","0.0",lose,"NSBz6g2veXJJh9U+igJ8iA=="
"2026-09-17T03:54:32.6848Z",sherlock,playSWEEPSWinZone,ps,web,gold,regular,"1000.0","0.0",lose,"wBuhqAfco2T+9vAnV3GGog=="
"2026-09-17T03:54:17.5289Z",sherlock,playSWEEPSWinZone,ps,web,gold,regular,"1000.0","0.0",lose,"piuwwZgTTcPkZGb1TpCXVg=="
"2026-09-17T03:52:10.6263Z",sherlock,playSWEEPSWinZone,ps,web,gold,regular,"1000.0","0.0",lose,"utxCRnPe6uca6u61exQs/Q=="
"2026-09-17T03:52:07.5436Z",sherlock,playSWEEPSWinZone,ps,web,gold,regular,"1000.0","0.0",lose,"U87maiURTvxvuOcoUiC3Pw=="
"2026-09-17T03:52:01.0505Z",sherlock,playSWEEPSWinZone,ps,web,gold,regular,"1000.0","0.0",lose,"bZsZHyqTtDyCT9efcbp7VQ=="
"2026-09-17T03:51:49.1559Z",sherlock,playSWEEPSWinZone,ps,web,gold,regular,"1000.0","400.0",win,"OncEBoUQPoYQ0YfPv1ihdw=="
"2026-09-17T03:51:44.9911Z",sherlock,playSWEEPSWinZone,ps,web,gold,regular,"1000.0","0.0",lose,"fk82yvwv1C37RyFVN9GhHQ=="
"2026-09-17T03:51:41.9064Z",sherlock,playSWEEPSWinZone,ps,web,gold,regular,"1000.0","0.0",lose,"BVqdW5X3mZb3dLnBCtbE1g=="
"2026-09-17T03:51:38.5980Z",sherlock,playSWEEPSWinZone,ps,web,gold,regular,"1000.0","0.0",lose,"BVSHGw/mQfpFmtCluAA+Tg=="
"2026-09-17T03:51:34.8517Z",sherlock,playSWEEPSWinZone,ps,web,gold,regular,"1000.0","0.0",lose,"03rUyndZqCTRbAr7NcLiwA=="
"2026-09-17T03:51:20.9104Z",sherlock,playSWEEPSWinZone,ps,web,gold,regular,"1000.0","0.0",lose,"xKdi0BFj42RWQ+Z5ua1BfQ=="
"2026-09-17T03:50:13.6821Z",sherlock,playSWEEPSWinZone,ps,web,gold,regular,"1000.0","0.0",lose,"iagPXIsiUjojT92mLeCyVQ=="
"2026-09-17T03:50:09.9723Z",sherlock,playSWEEPSWinZone,ps,web,gold,regular,"1000.0","0.0",lose,"cK23WlldVBhJXVqb47UOzQ=="
"2026-09-17T03:50:05.1311Z",sherlock,playSWEEPSWinZone,ps,web,gold,regular,"1000.0","0.0",lose,"8juO/R/k0Rv03qmzxXKQrA=="
"2026-09-17T03:49:49.9701Z",sherlock,playSWEEPSWinZone,ps,web,gold,regular,"1000.0","1600.0",win,"mY/3yB4nqpxYm3vkJ0VC6Q=="
"2026-09-17T03:49:46.9280Z",sherlock,playSWEEPSWinZone,ps,web,gold,regular,"1000.0","0.0",lose,"BERU3CwTCpZUV0PZJ7bouQ=="
"2026-09-17T03:49:43.4736Z",sherlock,playSWEEPSWinZone,ps,web,gold,regular,"1000.0","0.0",lose,"/e1QLjg0PQe7BOHxmKS6Ag=="
"2026-09-17T03:49:36.6880Z",sherlock,playSWEEPSWinZone,ps,web,gold,regular,"1000.0","0.0",lose,"QKv1tBkS6JVXQo3ZNxAn1g=="
"2026-09-17T03:49:33.2638Z",sherlock,playSWEEPSWinZone,ps,web,gold,regular,"1000.0","0.0",lose,"uUbqkYTkcd4Wk2xy5mnBng=="
"2026-09-17T03:45:06.6689Z",sherlock,playSWEEPSWinZone,ps,web,gold,regular,"1000.0","0.0",lose,"EQcVtNotalxnA9kKxV8Seg=="
"2026-09-17T03:44:58.1815Z",sherlock,playSWEEPSWinZone,ps,web,gold,regular,"1000.0","0.0",lose,"zir9m3xH/16sGqeulno6Tw=="
"2026-09-17T03:44:54.8243Z",sherlock,playSWEEPSWinZone,ps,web,gold,regular,"1000.0","0.0",lose,"Eg1VKOROYpInxOJdrsVKIw=="
"2026-09-17T03:44:38.4542Z",sherlock,playSWEEPSWinZone,ps,web,gold,regular,"1000.0","0.0",lose,"/HR+XObYgFTtuOTVDY07GQ=="
"2026-09-17T03:44:32.2443Z",sherlock,playSWEEPSWinZone,ps,web,gold,regular,"1000.0","0.0",lose,"diKKDtogUvatjgrM8wlcSQ=="
"2026-09-17T03:44:29.0554Z",sherlock,playSWEEPSWinZone,ps,web,gold,regular,"1000.0","0.0",lose,"ui500sp8OmzCPLCzE5aufQ=="
"2026-09-17T03:44:17.6328Z",sherlock,playSWEEPSWinZone,ps,web,gold,regular,"1000.0","300.0",win,"lWMc4hQ5wxasoB16GepE5Q=="
"2026-09-17T03:44:14.2089Z",sherlock,playSWEEPSWinZone,ps,web,gold,regular,"1000.0","0.0",lose,"ikfnFyJvQBAafT0zKofOfA=="
"2026-09-17T03:44:06.9483Z",sherlock,playSWEEPSWinZone,ps,web,gold,regular,"1000.0","0.0",lose,"8EgzyOwFQZhkQ4Rq7PmeFQ=="
"2026-09-17T03:44:02.8379Z",sherlock,playSWEEPSWinZone,ps,web,gold,regular,"1000.0","0.0",lose,"T1Os36N31dQtb0TuM7vw3A=="
"2026-09-17T03:43:59.6498Z",sherlock,playSWEEPSWinZone,ps,web,gold,regular,"1000.0","0.0",lose,"0LtS6gT+ZXyGJqyUEQYj9g=="
"2026-09-17T03:43:56.5760Z",sherlock,playSWEEPSWinZone,ps,web,gold,regular,"1000.0","0.0",lose,"Eia7Ilbbt1mRpAxYQsiURg=="
"2026-09-17T03:43:53.4770Z",sherlock,playSWEEPSWinZone,ps,web,gold,regular,"1000.0","0.0",lose,"1dWfO7Mvg1dzYf6mDK1IMQ=="
"2026-09-17T03:43:50.3869Z",sherlock,playSWEEPSWinZone,ps,web,gold,regular,"1000.0","0.0",lose,"iOV7trwXSMFKYGuymmkfpQ=="
"2026-09-17T03:43:46.8556Z",sherlock,playSWEEPSWinZone,ps,web,gold,regular,"1000.0","0.0",lose,"Z59og42eZGtM/8OCi0jaFA=="
"2026-09-17T03:43:43.4191Z",sherlock,playSWEEPSWinZone,ps,web,gold,regular,"1000.0","0.0",lose,"OnADL1MZ4eZgjOeZCYpxPg=="
"2026-09-17T03:43:39.8618Z",sherlock,playSWEEPSWinZone,ps,web,gold,regular,"1000.0","0.0",lose,"cclBScGQzBVRkWDH2CkWdA=="
"2026-09-17T03:43:36.7700Z",sherlock,playSWEEPSWinZone,ps,web,gold,regular,"1000.0","0.0",lose,"PcVMsv24jCZe2P2/eRX+9Q=="
"2026-09-17T03:43:21.8644Z",sherlock,playSWEEPSWinZone,ps,web,gold,regular,"1000.0","0.0",lose,"wdFUbquQwJU9rszJ2P9MbQ=="
"2026-09-17T03:43:10.7519Z",sherlock,playSWEEPSWinZone,ps,web,gold,regular,"1000.0","400.0",win,"dOeWeBl13mt23nQ8ODp6dA=="
"2026-09-17T03:43:07.7649Z",sherlock,playSWEEPSWinZone,ps,web,gold,regular,"1000.0","0.0",lose,"i9z6AQ1PFH7kwNOwYDdN4A=="
"2026-09-17T03:43:02.1880Z",sherlock,playSWEEPSWinZone,ps,web,gold,regular,"1000.0","500.0",win,"3tjnH2Bs5tqV12urvJf9pA=="
"2026-09-17T03:42:58.9861Z",sherlock,playSWEEPSWinZone,ps,web,gold,regular,"1000.0","0.0",lose,"cCedMADbeVZnPl73ANvONw=="
"2026-09-17T03:42:49.3949Z",sherlock,playSWEEPSWinZone,ps,web,gold,regular,"1000.0","0.0",lose,"/TOnXZSjSBu5f30dI2AFlA=="
"2026-09-17T03:40:33.5121Z",sherlock,playSWEEPSWinZone,ps,web,gold,regular,"1000.0","0.0",lose,"1ODqLjQlPRNuxMPR0S8XBA=="
"2026-09-17T03:40:29.9570Z",sherlock,playSWEEPSWinZone,ps,web,gold,regular,"1000.0","0.0",lose,"Z8p5txrNpi1N90IX5VAxLA=="
"2026-09-17T03:40:26.6692Z",sherlock,playSWEEPSWinZone,ps,web,gold,regular,"1000.0","0.0",lose,"l9wu9CmrgaVU3FH25Qwd1w=="
"2026-09-17T03:40:18.1130Z",sherlock,playSWEEPSWinZone,ps,web,gold,regular,"1000.0","0.0",lose,"LCg/EEhiiPBr3Ii2WX/e+A=="
"2026-09-17T03:36:54.5858Z",sherlock,playSWEEPSWinZone,ps,web,gold,regular,"1000.0","0.0",lose,"wvG+sNAP4diyZ6dSPFgxUA=="
"2026-09-17T03:36:48.3054Z",sherlock,playSWEEPSWinZone,ps,web,gold,regular,"1000.0","0.0",lose,"DN/Db1Gfi3248nebBE2zIw=="
"2026-09-17T03:36:35.1815Z",sherlock,playSWEEPSWinZone,ps,web,gold,regular,"1000.0","0.0",lose,"AlfzD2fIZrFtFdugYYi1LQ=="
"2026-09-17T03:36:16.9290Z",sherlock,playSWEEPSWinZone,ps,web,gold,regular,"1000.0","0.0",lose,"AM2RB7ba4i1fjVuFBGG5hw=="
"2026-09-17T03:34:59.7957Z",sherlock,playSWEEPSWinZone,ps,web,gold,regular,"1000.0","0.0",lose,"cm48N0CZzIGMV6GHqkxVDg=="
"2026-09-17T03:34:50.5579Z",sherlock,playSWEEPSWinZone,ps,web,gold,regular,"1000.0","0.0",lose,"m3j2Xlq89sNLkSUcUyiI3w=="
"2026-09-17T03:34:46.9508Z",sherlock,playSWEEPSWinZone,ps,web,gold,regular,"1000.0","0.0",lose,"5TP+gJ9yMouy2PcB1y5Pvg=="
"2026-09-17T03:34:29.9457Z",sherlock,playSWEEPSWinZone,ps,web,gold,regular,"1000.0","3200.0",win,"Z88VXh7Fvq5tmlx4WiFidg=="
"2026-09-17T03:34:27.0135Z",sherlock,playSWEEPSWinZone,ps,web,gold,regular,"1000.0","0.0",lose,"8zIpzQJmU+Pr8/Wd87D/+w=="
"2026-09-17T03:34:20.8191Z",sherlock,playSWEEPSWinZone,ps,web,gold,regular,"1000.0","0.0",lose,"zYSBYq4gMnqyW7hQ+LjEVQ=="
"2026-09-17T03:34:17.2664Z",sherlock,playSWEEPSWinZone,ps,web,gold,regular,"1000.0","0.0",lose,"9atYrF78/rqeeSyaofZQiw=="
"2026-09-17T03:34:10.5069Z",sherlock,playSWEEPSWinZone,ps,web,gold,regular,"1000.0","0.0",lose,"CryA4o0w3x1pyiyCIjyD2Q=="
"2026-09-17T03:34:07.3268Z",sherlock,playSWEEPSWinZone,ps,web,gold,regular,"1000.0","0.0",lose,"rXVoows15gBcxtn8l3eG/g=="
"2026-09-17T03:34:03.8953Z",sherlock,playSWEEPSWinZone,ps,web,gold,regular,"1000.0","0.0",lose,"V7mXCl/qWh8gu41+5t571A=="
"2026-09-17T03:33:47.2985Z",sherlock,playSWEEPSWinZone,ps,web,gold,regular,"1000.0","0.0",lose,"l7LKUEJdjJ8GjuAqD57aNQ=="
"2026-09-17T03:33:43.8481Z",sherlock,playSWEEPSWinZone,ps,web,gold,regular,"1000.0","0.0",lose,"uC49yIdh/YTlzjB9aqTYjA=="
"2026-09-17T03:33:31.9577Z",sherlock,playSWEEPSWinZone,ps,web,gold,regular,"1000.0","0.0",lose,"YVlx1wpxDifOtEQWnxQLsg=="
"2026-09-17T03:33:28.6786Z",sherlock,playSWEEPSWinZone,ps,web,gold,regular,"1000.0","0.0",lose,"wt4Yq2Kif4CmqYW0cLyacw=="
"2026-09-17T03:33:20.3147Z",sherlock,playSWEEPSWinZone,ps,web,gold,regular,"1000.0","500.0",win,"1n6jcrjEBSuEVthytM0lWQ=="
"2026-09-17T05:03:14.2615Z",moneybolt,playSWEEPSWinZone,ps,web,gold,regular,"3000.0","300.0",win,"3J7ZVBku1nwsLQy/nJVGrA=="
"2026-09-17T05:03:11.3254Z",moneybolt,playSWEEPSWinZone,ps,web,gold,regular,"3000.0","0.0",lose,"i4Q9WDB0Ri6j4IK279zFww=="
"2026-09-17T05:02:59.6943Z",moneybolt,playSWEEPSWinZone,ps,web,gold,regular,"3000.0","900.0",win,"JkMCRh/hc0xqLzq94J4aGA=="
"2026-09-17T05:02:54.3713Z",moneybolt,playSWEEPSWinZone,ps,web,gold,regular,"3000.0","300.0",win,"G670yfyZTMMhRDne1YFPCQ=="
"2026-09-17T05:02:51.4224Z",moneybolt,playSWEEPSWinZone,ps,web,gold,regular,"3000.0","0.0",lose,"TMwSev+KWZxnXoYBRH+gFw=="
"2026-09-17T05:02:48.3341Z",moneybolt,playSWEEPSWinZone,ps,web,gold,regular,"3000.0","0.0",lose,"Z4jmBXdvYm19miTnflmQ1Q=="
"2026-09-17T05:02:45.3696Z",moneybolt,playSWEEPSWinZone,ps,web,gold,regular,"3000.0","0.0",lose,"pyETFZjV+fmYIzNbpMEPxQ=="
"2026-09-17T05:02:40.3015Z",moneybolt,playSWEEPSWinZone,ps,web,gold,regular,"3000.0","3300.0",win,"VGG18G0dC6QD+Lu3vc1O6g=="
"2026-09-17T05:02:37.2232Z",moneybolt,playSWEEPSWinZone,ps,web,gold,regular,"3000.0","0.0",lose,"bGrm/UETrftuW8pxQP2CUQ=="
"2026-09-17T05:02:34.2623Z",moneybolt,playSWEEPSWinZone,ps,web,gold,regular,"3000.0","0.0",lose,"OIWn2ug6otEI8B2f5D2d3g=="
"2026-09-17T04:58:25.6756Z",moneybolt,playSWEEPSWinZone,ps,web,gold,regular,"3000.0","1500.0",win,"dKc8HQnag2qAV9yRoYpi4Q=="
"2026-09-17T04:57:47.3764Z",moneybolt,playSWEEPSWinZone,ps,web,gold,regular,"3000.0","0.0",lose,"wSaWNzc6BjTjVviqqNvorw=="
"2026-09-17T04:57:41.4890Z",moneybolt,playSWEEPSWinZone,ps,web,gold,regular,"3000.0","0.0",lose,"Kceu++IeIutB9UFjguzTFQ=="
"2026-09-17T04:57:29.6005Z",moneybolt,playSWEEPSWinZone,ps,web,gold,regular,"3000.0","0.0",lose,"4mO4pBk89APPdjheU9XDjA=="
"2026-09-17T04:52:52.6701Z",moneybolt,playSWEEPSWinZone,ps,web,gold,regular,"3000.0","0.0",lose,"tXMqPes2veimmUw7KI1uUQ=="
"2026-09-17T04:52:49.8167Z",moneybolt,playSWEEPSWinZone,ps,web,gold,regular,"3000.0","0.0",lose,"ik/vkP7QwAxyVMb/5Xzvjw=="
"2026-09-17T04:52:43.4498Z",moneybolt,playSWEEPSWinZone,ps,web,gold,regular,"3000.0","0.0",lose,"eFX3gDTB5bww14NZk9CdGw=="
"2026-09-17T04:52:28.4998Z",moneybolt,playSWEEPSWinZone,ps,web,gold,regular,"3000.0","2700.0",win,"bS19Bq0D3unqx5yyVgFP3g=="
"2026-09-17T04:52:25.6538Z",moneybolt,playSWEEPSWinZone,ps,web,gold,regular,"3000.0","0.0",lose,"eNDbqMZEn+JJMBSuI41wcw=="
"2026-09-17T04:52:12.8308Z",moneybolt,playSWEEPSWinZone,ps,web,gold,regular,"3000.0","300.0",win,"vtwrOhLVlK+JHhj7UyQ+6w=="
"2026-09-17T04:52:09.7310Z",moneybolt,playSWEEPSWinZone,ps,web,gold,regular,"3000.0","0.0",lose,"5oKYN8VFpYZ63/6LX7EpNA=="
"2026-09-17T04:52:06.7722Z",moneybolt,playSWEEPSWinZone,ps,web,gold,regular,"3000.0","0.0",lose,"fHMPzvRTvNIh5FY5qyDDlQ=="
"2026-09-17T04:51:58.4964Z",moneybolt,playSWEEPSWinZone,ps,web,gold,regular,"3000.0","0.0",lose,"HSXeMWxEUcjZgBfNMxK/Vg=="
"2026-09-17T04:51:55.6535Z",moneybolt,playSWEEPSWinZone,ps,web,gold,regular,"3000.0","0.0",lose,"BWikQOjL+emLFvppVWNU+A=="
"2026-09-17T04:51:50.6459Z",moneybolt,playSWEEPSWinZone,ps,web,gold,regular,"3000.0","600.0",win,"JOcDN1iCxX/KzoKTIMJJlg=="
"2026-09-17T04:51:47.6802Z",moneybolt,playSWEEPSWinZone,ps,web,gold,regular,"3000.0","0.0",lose,"gkkdpMZWPgTihdXUXXEyMA=="
"2026-09-17T04:51:44.5283Z",moneybolt,playSWEEPSWinZone,ps,web,gold,regular,"3000.0","0.0",lose,"EPb9St6MKG2GSs+XkQlZbQ=="
"2026-09-17T04:51:39.2398Z",moneybolt,playSWEEPSWinZone,ps,web,gold,regular,"3000.0","600.0",win,"30LCb4StNU5VrQRc9LLa2w=="
"2026-09-17T04:51:27.6476Z",moneybolt,playSWEEPSWinZone,ps,web,gold,regular,"3000.0","0.0",lose,"fGMsGL3jS+dyX22C23+2Cw=="
"2026-09-17T04:51:24.5023Z",moneybolt,playSWEEPSWinZone,ps,web,gold,regular,"3000.0","0.0",lose,"vMMmaH599zXLkq4d7QEQyw=="
"2026-09-17T04:51:12.2062Z",moneybolt,playSWEEPSWinZone,ps,web,gold,regular,"3000.0","0.0",lose,"nU5HSPhsxGDU4EznmKy0aw=="
"2026-09-17T04:51:03.4524Z",moneybolt,playSWEEPSWinZone,ps,web,gold,regular,"3000.0","0.0",lose,"9A4us4dHMZLn13rdDaLsFg=="
"2026-09-17T04:50:52.5370Z",moneybolt,playSWEEPSWinZone,ps,web,gold,regular,"3000.0","0.0",lose,"t4DX8DNlR6dYbMZev8qyfg=="
"2026-09-17T04:50:49.5156Z",moneybolt,playSWEEPSWinZone,ps,web,gold,regular,"3000.0","0.0",lose,"FmlJKdb8I9B9S+U+3xgp1Q=="
"2026-09-17T04:50:43.3520Z",moneybolt,playSWEEPSWinZone,ps,web,gold,regular,"3000.0","0.0",lose,"uR6r58b+QTfanejObst2HA=="
"2026-09-17T04:50:34.7170Z",moneybolt,playSWEEPSWinZone,ps,web,gold,regular,"3000.0","0.0",lose,"8lySvVh5omgurKdAgawqpw=="
"2026-09-17T04:43:23.0805Z",moneybolt,playSWEEPSWinZone,ps,web,gold,regular,"3000.0","90000.0",win,"aiBUz8IlEq13MCc7l4WpIg=="
"2026-09-17T04:43:13.4730Z",moneybolt,playSWEEPSWinZone,ps,web,gold,regular,"3000.0","0.0",lose,"TekuFCNRBvAvUsFJ0VJvmg=="
"2026-09-17T04:43:07.4066Z",moneybolt,playSWEEPSWinZone,ps,web,gold,regular,"3000.0","0.0",lose,"3Ke4EwkcRNi47x0f+1MT1A=="
"2026-09-17T04:43:04.0013Z",moneybolt,playSWEEPSWinZone,ps,web,gold,regular,"3000.0","0.0",lose,"KMqRrBkaCA7slLngZTFnXw=="
"2026-09-17T04:42:58.5536Z",moneybolt,playSWEEPSWinZone,ps,web,gold,regular,"3000.0","900.0",win,"8liBOsE7R829lOUzLJqdaA=="
"2026-09-17T04:42:53.5208Z",moneybolt,playSWEEPSWinZone,ps,web,gold,regular,"3000.0","5700.0",win,"fgDXYfSCnCyCWZKznyOisQ=="
"2026-09-17T04:42:50.5181Z",moneybolt,playSWEEPSWinZone,ps,web,gold,regular,"3000.0","0.0",lose,"nMhoSksAAoPWn+H5sDIa6g=="
"2026-09-17T04:40:43.5777Z",moneybolt,playSWEEPSWinZone,ps,web,gold,regular,"3000.0","0.0",lose,"zgqe7syt9EOF1y966YEqIQ=="
"2026-09-17T04:41:27.9022Z",moneybolt,playSWEEPSWinZone,ps,web,gold,regular,"3000.0","0.0",lose,"dEFyhgmOg+U+/Ada7PHpww=="
"2026-09-17T04:41:24.6221Z",moneybolt,playSWEEPSWinZone,ps,web,gold,regular,"3000.0","0.0",lose,"83sF7tTgEe4C/a+6rnMzvw=="
"2026-09-17T04:41:18.5933Z",moneybolt,playSWEEPSWinZone,ps,web,gold,regular,"3000.0","0.0",lose,"pWBkZ+N6lEv2IWAcfteTXQ=="
"2026-09-17T04:41:15.3005Z",moneybolt,playSWEEPSWinZone,ps,web,gold,regular,"3000.0","0.0",lose,"fJhe/OuX+XXe/AD5vY1gLA=="
"2026-09-17T04:41:10.3764Z",moneybolt,playSWEEPSWinZone,ps,web,gold,regular,"3000.0","300.0",win,"EeEX2hprkf8ZRPAx2otLPw=="
"2026-09-17T04:41:06.8190Z",moneybolt,playSWEEPSWinZone,ps,web,gold,regular,"3000.0","0.0",lose,"TTGogycIh+eev5JDH5++tA=="
"2026-09-17T04:41:01.8276Z",moneybolt,playSWEEPSWinZone,ps,web,gold,regular,"3000.0","300.0",win,"I3iIaI/k6x2oHXdx12ND2g=="
"2026-09-17T04:40:58.2724Z",moneybolt,playSWEEPSWinZone,ps,web,gold,regular,"3000.0","0.0",lose,"nOMYHwjUfjwFlGqBuK7jcA=="
"2026-09-17T04:40:55.0293Z",moneybolt,playSWEEPSWinZone,ps,web,gold,regular,"3000.0","0.0",lose,"lpPrMa14St1iSPQgGE3UFA=="
"2026-09-17T04:40:32.4788Z",moneybolt,playSWEEPSWinZone,ps,web,gold,regular,"3000.0","0.0",lose,"Ak/Li9Nyc6dl+H/gJBW7Wg=="
"2026-09-17T04:35:23.6720Z",moneybolt,playSWEEPSWinZone,ps,web,gold,regular,"3000.0","0.0",lose,"beJQv7w7nF0xMO3wkBeeNw=="
"2026-09-17T04:34:56.6474Z",moneybolt,playSWEEPSWinZone,ps,web,gold,regular,"3000.0","54000.0",win,"y1mKyLDskxYt5kowO1QbWQ=="
"2026-09-17T04:34:53.5218Z",moneybolt,playSWEEPSWinZone,ps,web,gold,regular,"3000.0","0.0",lose,"JpHH9JhkNPUg+xeU2GRszg=="
"2026-09-17T04:34:44.3643Z",moneybolt,playSWEEPSWinZone,ps,web,gold,regular,"3000.0","0.0",lose,"jrh5Q+cAjm3TrvwNiyV8pQ=="
"2026-09-17T04:34:41.2002Z",moneybolt,playSWEEPSWinZone,ps,web,gold,regular,"3000.0","0.0",lose,"mRX6mIfE7eCFE6rkSlSvyw=="
"2026-09-17T04:34:38.1225Z",moneybolt,playSWEEPSWinZone,ps,web,gold,regular,"3000.0","0.0",lose,"AowlTOf7umghaHSCl2AGBw=="
"2026-09-17T04:34:26.4731Z",moneybolt,playSWEEPSWinZone,ps,web,gold,regular,"3000.0","0.0",lose,"5WNEs4KQrF8270xz5DJ6XA=="
"2026-09-17T04:32:17.6387Z",moneybolt,playSWEEPSWinZone,ps,web,gold,regular,"3000.0","9000.0",win,"ditieLslEvYIQ8jKbEk8oQ=="
"2026-09-17T04:32:02.4377Z",moneybolt,playSWEEPSWinZone,ps,web,gold,regular,"3000.0","0.0",lose,"fVg51R/aHKteWYpRaAMcgg=="
"2026-09-17T04:31:58.7698Z",moneybolt,playSWEEPSWinZone,ps,web,gold,regular,"3000.0","0.0",lose,"2CPzW1Pfh8wRj4hKhfWfLw=="
"2026-09-17T04:30:14.9714Z",moneybolt,playSWEEPSWinZone,ps,web,gold,regular,"3000.0","2100.0",win,"B8w9Ms3pG4zoufH+g44uLg=="
"2026-09-17T04:30:05.5609Z",moneybolt,playSWEEPSWinZone,ps,web,gold,regular,"3000.0","4800.0",win,"lCmVBJX1onnHo1nf28WNew=="
"2026-09-17T04:30:00.9511Z",moneybolt,playSWEEPSWinZone,ps,web,gold,regular,"3000.0","0.0",lose,"SmpIBht2CE7p5XnbE4e1cA=="
"2026-09-17T04:29:56.9078Z",moneybolt,playSWEEPSWinZone,ps,web,gold,regular,"3000.0","0.0",lose,"o8cWGS2Okdyg++9qmUNxqw=="
"2026-09-17T04:29:53.8868Z",moneybolt,playSWEEPSWinZone,ps,web,gold,regular,"3000.0","0.0",lose,"HUHX7Vdvzyai+bVgpCtyEQ=="
"2026-09-17T04:29:48.7509Z",moneybolt,playSWEEPSWinZone,ps,web,gold,regular,"3000.0","1200.0",win,"zrI08ZzLfczpW3AdUa6IiA=="
"2026-09-17T04:29:26.5332Z",moneybolt,playSWEEPSWinZone,ps,web,gold,regular,"3000.0","0.0",lose,"f37MCfNNKrWO3OoIdveygg=="
"2026-09-17T04:30:11.8171Z",moneybolt,playSWEEPSWinZone,ps,web,gold,regular,"3000.0","0.0",lose,"515/gvwY2arp8wicc7LD/g=="
"2026-09-17T04:29:43.2834Z",moneybolt,playSWEEPSWinZone,ps,web,gold,regular,"3000.0","600.0",win,"bJcHsFrbIxjpt8ZcLVhDLg=="
"2026-09-17T04:29:40.2863Z",moneybolt,playSWEEPSWinZone,ps,web,gold,regular,"3000.0","0.0",lose,"qPeHD3hSo6qyJb/PzotdWQ=="
"2026-09-17T04:29:37.3451Z",moneybolt,playSWEEPSWinZone,ps,web,gold,regular,"3000.0","0.0",lose,"nGilzbPUjBF2Ilg97Qqvyw=="
"2026-09-17T04:29:32.3516Z",moneybolt,playSWEEPSWinZone,ps,web,gold,regular,"3000.0","6900.0",win,"uBI9BhBA0hKRMke5WUpJlA=="
"2026-09-17T04:29:29.4078Z",moneybolt,playSWEEPSWinZone,ps,web,gold,regular,"3000.0","0.0",lose,"KiWsK6CfhrdT/EPdcZlCJQ=="
"2026-09-17T04:28:22.1436Z",moneybolt,playSWEEPSWinZone,ps,web,gold,regular,"3000.0","0.0",lose,"SLnaNPvrfewerXjEQVy9JQ=="
"2026-09-17T04:28:10.9743Z",moneybolt,playSWEEPSWinZone,ps,web,gold,regular,"3000.0","0.0",lose,"B+9ENoH3eC8AqAe4eVyvdQ=="
"2026-09-17T04:28:08.2159Z",moneybolt,playSWEEPSWinZone,ps,web,gold,regular,"3000.0","0.0",lose,"F7zM90FBoFe0bVpqnsbaxQ=="
"2026-09-17T04:28:01.7259Z",moneybolt,playSWEEPSWinZone,ps,web,gold,regular,"3000.0","0.0",lose,"yNtwsjADMu+v1djInHTLjA=="
"2026-09-17T04:27:53.3803Z",moneybolt,playSWEEPSWinZone,ps,web,gold,regular,"3000.0","1500.0",win,"IgVVSO27l2/xiVBUyIIvbQ=="
"2026-09-17T04:27:47.6820Z",moneybolt,playSWEEPSWinZone,ps,web,gold,regular,"3000.0","0.0",lose,"y0Jbybyt1/jmJ4KKcD096g=="
"2026-09-17T04:27:44.7619Z",moneybolt,playSWEEPSWinZone,ps,web,gold,regular,"3000.0","0.0",lose,"k0LYen0vgDPxznGCjlp3Nw=="
"2026-09-17T04:27:41.9346Z",moneybolt,playSWEEPSWinZone,ps,web,gold,regular,"3000.0","0.0",lose,"tuts/NWfYPzocEvbb2gf9w=="
"2026-09-17T04:27:39.0708Z",moneybolt,playSWEEPSWinZone,ps,web,gold,regular,"3000.0","0.0",lose,"McNB6co36LXRCrZHnXAcOw=="
"2026-09-17T04:21:24.0068Z","wildbuccaneerstripletreasure_94",playSWEEPSWinZone,rgs,web,gold,regular,"2000.0","1000.0",win,10031179368
"2026-09-17T04:21:17.1198Z","wildbuccaneerstripletreasure_94",playSWEEPSWinZone,rgs,web,gold,regular,"2000.0","800.0",win,10031178928
"2026-09-17T04:20:55.3671Z","wildbuccaneerstripletreasure_94",playSWEEPSWinZone,rgs,web,gold,regular,"2000.0","6000.0",win,10031177795
"2026-09-17T04:20:47.7042Z","wildbuccaneerstripletreasure_94",playSWEEPSWinZone,rgs,web,gold,regular,"2000.0","0.0",lose,10031177540
"2026-09-17T04:20:42.4036Z","wildbuccaneerstripletreasure_94",playSWEEPSWinZone,rgs,web,gold,regular,"2000.0","2400.0",win,10031177133
"2026-09-17T04:15:09.3540Z",starburstgalaxy,playSWEEPSWinZone,evolution,web,gold,regular,"3000.0","5250.0",win,"25b2a7fa-b1ae-4be8-9743-d0f58d3dd609"
"2026-09-17T04:14:44.7526Z",starburstgalaxy,playSWEEPSWinZone,evolution,web,gold,regular,"3000.0","0.0",lose,"85e2243d-1a59-485f-a123-95006f322085"
"2026-09-17T04:14:42.6543Z",starburstgalaxy,playSWEEPSWinZone,evolution,web,gold,regular,"3000.0","1500.0",win,"3b8a3d63-4c00-4229-aff8-0291c5e0e443"
"2026-09-17T04:14:38.1246Z",starburstgalaxy,playSWEEPSWinZone,evolution,web,gold,regular,"3000.0","0.0",lose,"812ec538-6d33-4b4e-9db1-19f2c41e1d99"
"2026-09-17T04:14:36.7031Z",starburstgalaxy,playSWEEPSWinZone,evolution,web,gold,regular,"3000.0","0.0",lose,"a26a714d-c72b-44a7-ac0e-6083c2ca5d1f"
"2026-09-17T04:14:33.6179Z",starburstgalaxy,playSWEEPSWinZone,evolution,web,gold,regular,"3000.0","0.0",lose,"57f7e5f1-462c-46ea-a68a-4dc773592fa1"
"2026-09-17T04:14:30.0134Z",starburstgalaxy,playSWEEPSWinZone,evolution,web,gold,regular,"3000.0","0.0",lose,"a12fda70-cfab-44b2-a1f4-5e381a5fd199"
"2026-09-17T04:14:28.2908Z",starburstgalaxy,playSWEEPSWinZone,evolution,web,gold,regular,"3000.0","750.0",win,"831b87cb-202f-4cbb-9f05-f412d1076537"
"2026-09-17T04:14:06.7703Z",starburstgalaxy,playSWEEPSWinZone,evolution,web,gold,regular,"3000.0","0.0",lose,"0282c4c4-9d3f-4069-a497-4ba09bb93c74"
"2026-09-17T04:14:04.9281Z",starburstgalaxy,playSWEEPSWinZone,evolution,web,gold,regular,"3000.0","5250.0",win,"d291a145-8e0f-4839-863f-e2b6737816a2"
"2026-09-17T04:13:47.5189Z",starburstgalaxy,playSWEEPSWinZone,evolution,web,gold,regular,"3000.0","5250.0",win,"37a3e332-1e52-4cda-9d80-3c41ff6ec4b2"
"2026-09-17T04:13:25.4284Z",starburstgalaxy,playSWEEPSWinZone,evolution,web,gold,regular,"3000.0","0.0",lose,"b0d677b8-86ae-4d68-90d8-4415d6734dad"
"2026-09-17T04:11:22.3976Z",starburstgalaxy,playSWEEPSWinZone,evolution,web,gold,regular,"3000.0","0.0",lose,"cbba7892-8f5c-41a1-b93c-d56693a185a5"
"2026-09-17T04:11:17.7894Z",starburstgalaxy,playSWEEPSWinZone,evolution,web,gold,regular,"3000.0","6000.0",win,"987a9c8e-c193-4dfc-9138-8579465ea834"
"2026-09-17T04:11:05.3576Z",starburstgalaxy,playSWEEPSWinZone,evolution,web,gold,regular,"3000.0","0.0",lose,"5140ebdb-5c9d-4ae7-a75b-60c800cf3c2a"
"2026-09-17T04:11:03.5433Z",starburstgalaxy,playSWEEPSWinZone,evolution,web,gold,regular,"3000.0","0.0",lose,"13fbf4fe-afdf-4535-86c6-6f385faf822e"
"2026-09-17T04:10:58.9248Z",starburstgalaxy,playSWEEPSWinZone,evolution,web,gold,regular,"3000.0","750.0",win,"b683ed8f-2508-4dc7-926c-903dc80e3b90"
"2026-09-17T04:10:46.5435Z",starburstgalaxy,playSWEEPSWinZone,evolution,web,gold,regular,"3000.0","1500.0",win,"e3cef593-74db-4279-b7d7-c3d813aa2607"
"2026-09-17T04:10:35.3388Z",starburstgalaxy,playSWEEPSWinZone,evolution,web,gold,regular,"3000.0","0.0",lose,"24bff8ad-489c-4d50-898e-2c580ea20a5b"
"2026-09-18T07:46:14.8278Z",moneybolt,playSWEEPSWinZone,ps,app,sweep,regular,"0.2","0.0",lose,"YCp1mXBKagqzcf6l9ooYUA=="
"2026-09-18T07:46:02.4508Z",moneybolt,playSWEEPSWinZone,ps,app,sweep,regular,"0.2","0.0",lose,"Bqv1G9pqLExzn0hA4oXcDQ=="
"2026-09-18T07:45:28.1810Z",moneybolt,playSWEEPSWinZone,ps,app,sweep,regular,"0.2","0.0",lose,"8HPP+34GU/sjVzSULcCWlQ=="
"2026-09-18T07:45:24.4376Z",moneybolt,playSWEEPSWinZone,ps,app,sweep,regular,"0.2","0.0",lose,"25exFdNNjrC3w9Ij5h/giQ=="
"2026-09-18T07:45:21.4256Z",moneybolt,playSWEEPSWinZone,ps,app,sweep,regular,"0.2","0.0",lose,"KtFaq9+69xy09Ny6pKCQiw=="
"2026-09-18T07:44:14.9305Z",moneybolt,playSWEEPSWinZone,ps,app,sweep,regular,"0.2","0.0",lose,"lds7ulrGEE1HL6sOL3kcRg=="
"2026-09-18T07:44:02.5080Z",moneybolt,playSWEEPSWinZone,ps,app,sweep,regular,"0.2","0.0",lose,"1IehvDhM1yo5WXNaHsFNUQ=="
"2026-09-18T07:43:59.5766Z",moneybolt,playSWEEPSWinZone,ps,app,sweep,regular,"0.2","0.0",lose,"D0qvdp2jmkdOGfJZX+12xg=="
"2026-09-18T07:43:53.4518Z",moneybolt,playSWEEPSWinZone,ps,app,sweep,regular,"0.2","0.0",lose,"RB9vBO7dHDp+AG4VD7ghRA=="
"2026-09-18T07:43:38.6196Z",moneybolt,playSWEEPSWinZone,ps,app,sweep,regular,"0.2","0.0",lose,"XNHsK8BrV0OVvjn+NbzG5A=="
"2026-09-18T07:43:35.4492Z",moneybolt,playSWEEPSWinZone,ps,app,sweep,regular,"0.2","0.0",lose,"mr+3Go2TaQkI0IK5czjNDw=="
"2026-09-18T07:42:05.5627Z",moneybolt,playSWEEPSWinZone,ps,app,sweep,regular,"0.2","0.0",lose,"6K66zBLXa0LBqin8Yja5Jg=="
"2026-09-18T07:41:56.1961Z",moneybolt,playSWEEPSWinZone,ps,app,sweep,regular,"0.2","0.0",lose,"6YKIeFhM2Z9fP1/WSAwymQ=="
"2026-09-18T07:41:30.1114Z",moneybolt,playSWEEPSWinZone,ps,app,sweep,regular,"0.2","1.2",win,"0arrbk+IstJm+i+Pn9S/mw=="
"2026-09-18T07:52:33.1197Z",moneybolt,playSWEEPSWinZone,ps,app,sweep,regular,"0.2","0.0",lose,"/+/KghqdFNolQcOjKTmADA=="
"2026-09-18T07:52:30.2167Z",moneybolt,playSWEEPSWinZone,ps,app,sweep,regular,"0.2","0.0",lose,"E9O3C+4eW35srvZ3wAO2nw=="
"2026-09-18T07:47:19.6301Z",moneybolt,playSWEEPSWinZone,ps,app,sweep,regular,"0.2","2.72",win,"tRONaLmg2i4O3jdSGfIUXg=="
"2026-09-18T07:47:16.3740Z",moneybolt,playSWEEPSWinZone,ps,app,sweep,regular,"0.2","0.0",lose,"WrF+fVFY5XI9fbZZ9Ly51A=="
"2026-09-18T07:47:13.3218Z",moneybolt,playSWEEPSWinZone,ps,app,sweep,regular,"0.2","0.0",lose,"jx6cRum9fRr7vIt2i8nZxw=="
"2026-09-18T07:47:10.4103Z",moneybolt,playSWEEPSWinZone,ps,app,sweep,regular,"0.2","0.0",lose,"tjBd4rg5NN9yJWhunWHEUw=="
"2026-09-18T07:47:06.0289Z",moneybolt,playSWEEPSWinZone,ps,app,sweep,regular,"0.2","0.0",lose,"7aFygDKgPTOuFXnILcnw8A=="
"2026-09-18T07:47:00.0026Z",moneybolt,playSWEEPSWinZone,ps,app,sweep,regular,"0.2","0.02",win,"YBLbJ56uisUAVu2fOBDwqw=="
"2026-09-18T07:46:54.0563Z",moneybolt,playSWEEPSWinZone,ps,app,sweep,regular,"0.2","0.0",lose,"s/nc7HEi2TJ90VSC2kcPnQ=="
"2026-09-18T07:46:51.2053Z",moneybolt,playSWEEPSWinZone,ps,app,sweep,regular,"0.2","0.0",lose,"FNklyfuCQOxdrxpXtI0Pkg=="
"2026-09-18T07:46:44.9271Z",moneybolt,playSWEEPSWinZone,ps,app,sweep,regular,"0.2","0.0",lose,"mwkRKxu6suhh89T2C7h0gw=="
"2026-09-18T07:46:31.8090Z",moneybolt,playSWEEPSWinZone,ps,app,sweep,regular,"0.2","0.0",lose,"1BXBWkXP/p6K3qtYxxPQOg=="
"2026-09-18T07:46:26.6694Z",moneybolt,playSWEEPSWinZone,ps,app,sweep,regular,"0.2","0.06",win,"vwC9lOh2WUHuqLYT0dq+xQ=="
"2026-09-18T07:46:23.6379Z",moneybolt,playSWEEPSWinZone,ps,app,sweep,regular,"0.2","0.0",lose,"LWtTK25Xpv+i33lAYXA3tA=="
"2026-09-18T07:46:20.8671Z",moneybolt,playSWEEPSWinZone,ps,app,sweep,regular,"0.2","0.0",lose,"hLiwivHpQZZ8mtrlC2d/mw=="
"2026-09-18T08:01:14.6792Z",moneybolt,playSWEEPSWinZone,ps,app,sweep,regular,"0.2","0.0",lose,"DMW8GfgGyLnlTZ3WBUVx8w=="
"2026-09-18T08:01:11.7382Z",moneybolt,playSWEEPSWinZone,ps,app,sweep,regular,"0.2","0.0",lose,"ARsfMZGjjGYV+AFBs+2PHw=="
"2026-09-18T08:01:05.7573Z",moneybolt,playSWEEPSWinZone,ps,app,sweep,regular,"0.2","0.0",lose,"zTN1xpsBFVwALrVLWK3sBw=="
"2026-09-18T08:00:56.8718Z",moneybolt,playSWEEPSWinZone,ps,app,sweep,regular,"0.2","0.0",lose,"uQ7fDzfTlp3fNvXJ99XjuA=="
"2026-09-18T08:00:50.5236Z",moneybolt,playSWEEPSWinZone,ps,app,sweep,regular,"0.2","0.0",lose,"fGgoCWVVvvQE50sdkzJI1Q=="
"2026-09-18T08:00:47.5690Z",moneybolt,playSWEEPSWinZone,ps,app,sweep,regular,"0.2","0.0",lose,"aZESr721hA33Zi4bvYoNaA=="
"2026-09-18T08:00:43.7123Z",moneybolt,playSWEEPSWinZone,ps,app,sweep,regular,"0.2","0.0",lose,"z48HLTbtRv/zfkU/ECroIw=="
"2026-09-18T08:00:37.9126Z",moneybolt,playSWEEPSWinZone,ps,app,sweep,regular,"0.2","0.26",win,"PS1coHkqi5IVYQI4NzY7pw=="
"2026-09-18T07:53:30.1249Z",moneybolt,playSWEEPSWinZone,ps,app,sweep,regular,"0.2","0.0",lose,"Wq63q1AifiLAzVv/6NSHpg=="
"2026-09-18T07:53:17.7186Z",moneybolt,playSWEEPSWinZone,ps,app,sweep,regular,"0.2","0.0",lose,"LSYbvkOzTu2cClqnRP9ovA=="
"2026-09-18T07:53:03.6301Z",moneybolt,playSWEEPSWinZone,ps,app,sweep,regular,"0.2","0.0",lose,"HckxMomQZpmdC7fHEFODzw=="
"2026-09-18T07:52:59.6955Z",moneybolt,playSWEEPSWinZone,ps,app,sweep,regular,"0.2","0.0",lose,"uNw++HZWQ1FJwn3bMVTP0A=="
"2026-09-18T07:52:53.9985Z",moneybolt,playSWEEPSWinZone,ps,app,sweep,regular,"0.2","0.0",lose,"MiCdIr1HJiKHC1bZaIUfBQ=="
"2026-09-18T07:52:50.4088Z",moneybolt,playSWEEPSWinZone,ps,app,sweep,regular,"0.2","0.0",lose,"ezy8aM5NeSAvniTi5j3duA=="
"2026-09-18T07:52:47.2144Z",moneybolt,playSWEEPSWinZone,ps,app,sweep,regular,"0.2","0.0",lose,"LwFkggvRKpdAU8dRp86POA=="
"2026-09-18T08:08:45.9832Z",cashpig2,playSWEEPSWinZone,"booming_games",app,gold,"free_spin","0.0","0.0",lose,6aacf18d664629d3eae43b71
"2026-09-18T08:08:42.9339Z",cashpig2,playSWEEPSWinZone,"booming_games",app,gold,"free_spin","0.0","0.0",lose,6aacf189664629d3eae43250
"2026-09-18T08:08:27.7861Z",cashpig2,playSWEEPSWinZone,"booming_games",app,gold,"free_spin","0.0","0.0",lose,6aacf17a664629d3eae40329
"2026-09-18T08:08:13.8562Z",cashpig2,playSWEEPSWinZone,"booming_games",app,gold,regular,"81000.0","2160.0",win,6aacf16c664629d3eae3d772
"2026-09-18T08:01:38.9749Z",moneybolt,playSWEEPSWinZone,ps,app,sweep,regular,"0.2","0.06",win,"F1YC5EHB7WubwjZjJNvJeQ=="
"2026-09-18T08:01:32.4969Z",moneybolt,playSWEEPSWinZone,ps,app,sweep,regular,"0.2","0.0",lose,"IjW+9gDIbr5Q3Xq/Qd/K3g=="
"2026-09-18T08:01:29.5945Z",moneybolt,playSWEEPSWinZone,ps,app,sweep,regular,"0.2","0.0",lose,"UM1IBB6mEx2ph2FBkefm3A=="
"2026-09-18T08:01:23.7228Z",moneybolt,playSWEEPSWinZone,ps,app,sweep,regular,"0.2","0.0",lose,"4JMQP3DfblP04UqiVn7ouw=="
"2026-09-18T08:01:17.9024Z",moneybolt,playSWEEPSWinZone,ps,app,sweep,regular,"0.2","0.0",lose,"sT1Ig7bgE9Vifnc2FNEKnw=="
"2026-09-17T05:59:10.2243Z",moneybolt,playSWEEPSWinZone,ps,web,gold,regular,"3000.0","0.0",lose,"DojPxfQMrHbHeJcXCCcbEg=="
"2026-09-17T05:59:07.0141Z",moneybolt,playSWEEPSWinZone,ps,web,gold,regular,"3000.0","0.0",lose,"58Hz+hV/mWWlIdIVHn454g=="
"2026-09-17T05:59:01.9290Z",moneybolt,playSWEEPSWinZone,ps,web,gold,regular,"3000.0","1500.0",win,"TTSqwA11sscnVeMn51+BTQ=="
"2026-09-17T05:55:23.3570Z",moneybolt,playSWEEPSWinZone,ps,web,gold,regular,"3000.0","0.0",lose,"aC4FpKVDHhvRJOm28ibv2g=="
"2026-09-17T05:55:13.6697Z",moneybolt,playSWEEPSWinZone,ps,web,gold,regular,"3000.0","0.0",lose,"ediKBG+MPTuKqr01vh84WA=="
"2026-09-17T05:55:01.8515Z",moneybolt,playSWEEPSWinZone,ps,web,gold,regular,"3000.0","36900.0",win,"IXqHHWSXIXiTgjygfEMZ1w=="
"2026-09-17T05:49:00.9218Z",moneybolt,playSWEEPSWinZone,ps,web,gold,regular,"3000.0","0.0",lose,"hKqRExRN2YZKYsO/xM1t8g=="
"2026-09-17T05:48:54.1314Z",moneybolt,playSWEEPSWinZone,ps,web,gold,regular,"3000.0","0.0",lose,"OheXcpOSeNeqCh3EzxmHqg=="
"2026-09-17T05:43:30.0723Z",moneybolt,playSWEEPSWinZone,ps,web,gold,regular,"3000.0","0.0",lose,"55LdWTl0qMar+iBAa7CSgg=="
"2026-09-17T05:43:21.9969Z",moneybolt,playSWEEPSWinZone,ps,web,gold,regular,"3000.0","0.0",lose,"EWJkJ3EWEUJDDNh17sEMzA=="
"2026-09-17T05:43:18.9274Z",moneybolt,playSWEEPSWinZone,ps,web,gold,regular,"3000.0","0.0",lose,"z2HXuNKHO/KME+jntFvdgQ=="
"2026-09-17T05:43:12.5528Z",moneybolt,playSWEEPSWinZone,ps,web,gold,regular,"3000.0","0.0",lose,"g/Vq/i0D7SwOZLRqJj6PMg=="
"2026-09-17T05:43:06.1969Z",moneybolt,playSWEEPSWinZone,ps,web,gold,regular,"3000.0","0.0",lose,"gSY0cxin3+rp2hgvNkpqKw=="
"2026-09-17T05:43:02.4032Z",moneybolt,playSWEEPSWinZone,ps,web,gold,regular,"3000.0","0.0",lose,"F099KwWqcsIWJIIPHayXQg=="
"2026-09-17T05:42:37.9022Z",moneybolt,playSWEEPSWinZone,ps,web,gold,regular,"3000.0","1500.0",win,"T9Hwt6jILml2e6n7IDSsng=="
"2026-09-17T05:42:34.9849Z",moneybolt,playSWEEPSWinZone,ps,web,gold,regular,"3000.0","0.0",lose,"keR7BZovaNwFWXFcoLsLDQ=="
"2026-09-17T05:41:42.8476Z",moneybolt,playSWEEPSWinZone,ps,web,gold,regular,"3000.0","1200.0",win,"FtiVN5mUo3DnkgI8i/dhEA=="
"2026-09-17T05:41:30.6489Z",moneybolt,playSWEEPSWinZone,ps,web,gold,regular,"3000.0","0.0",lose,"jICJC/R0cXoVK7nHgygQLQ=="
"2026-09-17T05:41:17.9297Z",moneybolt,playSWEEPSWinZone,ps,web,gold,regular,"3000.0","0.0",lose,"xv1aLSFPp+EJMWquM8bzVA=="
"2026-09-17T05:41:14.8435Z",moneybolt,playSWEEPSWinZone,ps,web,gold,regular,"3000.0","0.0",lose,"PfX4wvY4iD9MUzdzItHwNA=="
"2026-09-17T05:41:09.5117Z",moneybolt,playSWEEPSWinZone,ps,web,gold,regular,"3000.0","3000.0",win,"oDBV/DntdNTcleGe8JSkDA=="
"2026-09-17T05:41:06.1936Z",moneybolt,playSWEEPSWinZone,ps,web,gold,regular,"3000.0","0.0",lose,"DboE+LgkeiYfCE7no4cMoA=="
"2026-09-17T05:41:01.1807Z",moneybolt,playSWEEPSWinZone,ps,web,gold,regular,"3000.0","600.0",win,"+tW55Id/N7dqASvDYP+1LA=="
"2026-09-17T05:40:55.8144Z",moneybolt,playSWEEPSWinZone,ps,web,gold,regular,"3000.0","600.0",win,"XHgcJs6AyPlXTTolp3A8bA=="
"2026-09-17T05:40:43.9529Z",moneybolt,playSWEEPSWinZone,ps,web,gold,regular,"3000.0","0.0",lose,"RvPevrl02UuZCAdkVeXHcQ=="
"2026-09-17T05:40:09.5217Z",moneybolt,playSWEEPSWinZone,ps,web,gold,regular,"3000.0","0.0",lose,"p0uaaChQVo/xDAkeMGSlVA=="
"2026-09-17T05:39:52.5336Z",moneybolt,playSWEEPSWinZone,ps,web,gold,"free_spin","0.0","29700.0",win,"addjTH8naif5IMHJFQx1Bw=="
"2026-09-17T05:39:28.2675Z",moneybolt,playSWEEPSWinZone,ps,web,gold,regular,"3000.0","0.0",lose,"GdEG3wfcNsn+DGK6u6JaPQ=="
"2026-09-17T05:39:22.8804Z",moneybolt,playSWEEPSWinZone,ps,web,gold,regular,"3000.0","1500.0",win,"SX+S/+D/gddBfb6NBtrhaA=="
"2026-09-17T05:39:19.9764Z",moneybolt,playSWEEPSWinZone,ps,web,gold,regular,"3000.0","0.0",lose,"OtSy0ClhvRPw69pNoCwc8Q=="
"2026-09-17T05:39:16.7776Z",moneybolt,playSWEEPSWinZone,ps,web,gold,regular,"3000.0","0.0",lose,"PiUwSIBdc3fkHtEUHYCGbQ=="
"2026-09-17T05:39:04.4005Z",moneybolt,playSWEEPSWinZone,ps,web,gold,regular,"3000.0","0.0",lose,"D5JoIU7C3mn+zcZTau6YDQ=="
"2026-09-17T05:39:01.3169Z",moneybolt,playSWEEPSWinZone,ps,web,gold,regular,"3000.0","0.0",lose,"USE7Uq74mj0+uuhlWfDuGg=="
"2026-09-17T05:38:58.1928Z",moneybolt,playSWEEPSWinZone,ps,web,gold,regular,"3000.0","0.0",lose,"szmDwn2Yc6lqwOf0aO+qdw=="
"2026-09-17T05:38:55.0408Z",moneybolt,playSWEEPSWinZone,ps,web,gold,regular,"3000.0","0.0",lose,"fkDxfZalXz4VcRol8ZQS6Q=="
"2026-09-17T05:31:44.2932Z",moneybolt,playSWEEPSWinZone,ps,web,gold,regular,"3000.0","0.0",lose,"+ocIKsfiTWVoNT8bQsiPNg=="
"2026-09-17T05:31:39.0862Z",moneybolt,playSWEEPSWinZone,ps,web,gold,regular,"3000.0","2700.0",win,"yGYnGTQyl+A0PLZfuyGmxA=="
"2026-09-17T05:31:33.1166Z",moneybolt,playSWEEPSWinZone,ps,web,gold,regular,"3000.0","0.0",lose,"xwkhggGz8Tn3AejpirisTg=="
"2026-09-17T05:31:27.1716Z",moneybolt,playSWEEPSWinZone,ps,web,gold,regular,"3000.0","0.0",lose,"KchQ8FqinoF/gIFHrwDXtQ=="
"2026-09-17T05:31:21.1366Z",moneybolt,playSWEEPSWinZone,ps,web,gold,regular,"3000.0","0.0",lose,"T1bZOuQfcyfKUDRWwnX8nw=="
"2026-09-17T05:31:17.1699Z",moneybolt,playSWEEPSWinZone,ps,web,gold,regular,"3000.0","0.0",lose,"brwN5UcL/6fOh6jkodgtvg=="
"2026-09-17T05:31:13.6582Z",moneybolt,playSWEEPSWinZone,ps,web,gold,regular,"3000.0","0.0",lose,"Wj/AaOGcaQKrUzzLLJV3Aw=="
"2026-09-17T05:31:10.3005Z",moneybolt,playSWEEPSWinZone,ps,web,gold,regular,"3000.0","0.0",lose,"FZ/UN8QfwxaCzvSRF1crXw=="
"2026-09-17T05:26:00.4023Z",moneybolt,playSWEEPSWinZone,ps,web,gold,regular,"3000.0","4500.0",win,"MmXYo/ufCdlXh/4mUmBWqg=="
"2026-09-17T05:25:52.5273Z",moneybolt,playSWEEPSWinZone,ps,web,gold,regular,"3000.0","0.0",lose,"c7Y9PQ/dkWm7DeViG4uh6Q=="
"2026-09-17T05:19:44.1814Z",moneybolt,playSWEEPSWinZone,ps,web,gold,regular,"3000.0","3000.0",win,"rY/cEuyUKKH8jeuA8p1iEw=="
"2026-09-17T05:19:35.1503Z",moneybolt,playSWEEPSWinZone,ps,web,gold,regular,"3000.0","0.0",lose,"Fd162PY5ftLNHjUgJiKRXA=="
"2026-09-17T05:19:29.3542Z",moneybolt,playSWEEPSWinZone,ps,web,gold,regular,"3000.0","0.0",lose,"aZRv4RZ8TY80UlXXO2Lgaw=="
"2026-09-17T05:19:20.7661Z",moneybolt,playSWEEPSWinZone,ps,web,gold,regular,"3000.0","2100.0",win,"6kkY2oYQwD/lN7fpHInjtQ=="
"2026-09-17T05:19:14.7112Z",moneybolt,playSWEEPSWinZone,ps,web,gold,regular,"3000.0","600.0",win,"KvRSnO35xfZOmCZW2C54vg=="
"2026-09-17T05:18:59.4671Z",moneybolt,playSWEEPSWinZone,ps,web,gold,regular,"3000.0","0.0",lose,"QXq+4rh2JnzLhHU9/BFapQ=="
"2026-09-17T05:18:56.4221Z",moneybolt,playSWEEPSWinZone,ps,web,gold,regular,"3000.0","0.0",lose,"UwTjWEcnIalQPOuQ1oy4xQ=="
"2026-09-17T05:13:17.5454Z",moneybolt,playSWEEPSWinZone,ps,web,gold,regular,"3000.0","0.0",lose,"Y2SsS/csbY+7tzPTjvXWLg=="
"2026-09-17T05:13:11.6599Z",moneybolt,playSWEEPSWinZone,ps,web,gold,regular,"3000.0","0.0",lose,"hVDCYbrzueRdTNUddJQNBw=="
"2026-09-17T05:13:08.7002Z",moneybolt,playSWEEPSWinZone,ps,web,gold,regular,"3000.0","0.0",lose,"1L8Nd5QA5t+HvFa3YKd9tQ=="
"2026-09-17T05:13:05.7874Z",moneybolt,playSWEEPSWinZone,ps,web,gold,regular,"3000.0","0.0",lose,"hlWWI4oEMSsLIXHakDLPjA=="
"2026-09-17T05:13:00.0983Z",moneybolt,playSWEEPSWinZone,ps,web,gold,regular,"3000.0","0.0",lose,"7+xw9tK845t3MwShXvoaDw=="
"2026-09-17T05:12:54.9802Z",moneybolt,playSWEEPSWinZone,ps,web,gold,regular,"3000.0","900.0",win,"lNucrueFe3Iwz+dm5GzoaA=="
"2026-09-17T05:12:51.8096Z",moneybolt,playSWEEPSWinZone,ps,web,gold,regular,"3000.0","0.0",lose,"7CanCmZH6cc2+wB35SCoyw=="
"2026-09-17T05:12:36.8924Z",moneybolt,playSWEEPSWinZone,ps,web,gold,regular,"3000.0","0.0",lose,"UGLA8xUxMDcASK6u+7MhHQ=="
"2026-09-17T05:12:31.7924Z",moneybolt,playSWEEPSWinZone,ps,web,gold,regular,"3000.0","300.0",win,"QUuYckdzm3ROAPpcIz3Hxw=="
"2026-09-17T05:07:36.7797Z",moneybolt,playSWEEPSWinZone,ps,web,gold,regular,"3000.0","3600.0",win,"KDXzWUGkIrvNpSeH5GkXqA=="
"2026-09-17T05:07:28.6042Z",moneybolt,playSWEEPSWinZone,ps,web,gold,regular,"3000.0","0.0",lose,"hEQ+M8L0nfVQiykgiLPy6Q=="
"2026-09-17T05:07:16.5349Z",moneybolt,playSWEEPSWinZone,ps,web,gold,regular,"3000.0","0.0",lose,"PgonTWsts1b6DraTRXvW/w=="
"2026-09-17T05:07:07.6132Z",moneybolt,playSWEEPSWinZone,ps,web,gold,regular,"3000.0","27600.0",win,"xlkwrJ7nQktoqvse9RzIyg=="
"2026-09-17T05:07:00.8363Z",moneybolt,playSWEEPSWinZone,ps,web,gold,regular,"3000.0","0.0",lose,"W72P23ag2D2rHuY8GKKzYw=="
"2026-09-17T05:06:56.9364Z",moneybolt,playSWEEPSWinZone,ps,web,gold,regular,"3000.0","0.0",lose,"5ivoeJiRI5xw4FC1Ui4jsg=="
"2026-09-17T04:55:12.6301Z",moneybolt,playSWEEPSWinZone,ps,web,gold,regular,"3000.0","3000.0",win,"hLL1yqWe09LhKdO8xuQurg=="
"2026-09-17T04:55:09.1518Z",moneybolt,playSWEEPSWinZone,ps,web,gold,regular,"3000.0","0.0",lose,"/5TvUWmjQDqxuXUeRgLpfQ=="
"2026-09-17T04:55:05.8509Z",moneybolt,playSWEEPSWinZone,ps,web,gold,regular,"3000.0","0.0",lose,"oEe4GkkSk7cXkJx++aqSaw=="
"2026-09-17T04:54:54.5609Z",moneybolt,playSWEEPSWinZone,ps,web,gold,regular,"3000.0","600.0",win,"Gf/BiBPRnnwNwr2OryvvMQ=="
"2026-09-17T04:54:46.5192Z",moneybolt,playSWEEPSWinZone,ps,web,gold,regular,"3000.0","0.0",lose,"ctSt8fmgzj7o8f2FhW1FGA=="
"2026-09-17T04:54:43.4289Z",moneybolt,playSWEEPSWinZone,ps,web,gold,regular,"3000.0","0.0",lose,"cMNZLmONPE6RlgUBfjjiHg=="
"2026-09-17T04:54:32.0989Z",moneybolt,playSWEEPSWinZone,ps,web,gold,regular,"3000.0","0.0",lose,"eyQLpr+8EYzI4IXac6h2ZA=="
"2026-09-17T04:54:29.1247Z",moneybolt,playSWEEPSWinZone,ps,web,gold,regular,"3000.0","0.0",lose,"TwqJiHqq+8oOanD4D3xW7w=="
"2026-09-17T04:49:22.0772Z",moneybolt,playSWEEPSWinZone,ps,web,gold,regular,"3000.0","0.0",lose,"AIgB+5zE12pMkhNdlLKhsA=="
"2026-09-17T04:49:05.2466Z",moneybolt,playSWEEPSWinZone,ps,web,gold,regular,"3000.0","2400.0",win,"fA3cSfroUneD1X5t4TyEng=="
"2026-09-17T04:49:02.4278Z",moneybolt,playSWEEPSWinZone,ps,web,gold,regular,"3000.0","0.0",lose,"TQZXl+sgo5VkXW4Ri/grtA=="
"2026-09-17T04:48:56.6202Z",moneybolt,playSWEEPSWinZone,ps,web,gold,regular,"3000.0","0.0",lose,"oiAYMEiMdHV95fCyq24qDw=="
"2026-09-17T04:48:50.9860Z",moneybolt,playSWEEPSWinZone,ps,web,gold,regular,"3000.0","0.0",lose,"IGbNjuVB4h8pqCVDRL2+Yg=="
"2026-09-17T04:48:47.8507Z",moneybolt,playSWEEPSWinZone,ps,web,gold,regular,"3000.0","0.0",lose,"mZ3Y+ywXydzAbVHaS1cP6A=="
"2026-09-17T04:48:41.7655Z",moneybolt,playSWEEPSWinZone,ps,web,gold,regular,"3000.0","0.0",lose,"i+Y4w5LsB2klRDujsjjmFQ=="
"2026-09-17T04:48:38.9621Z",moneybolt,playSWEEPSWinZone,ps,web,gold,regular,"3000.0","0.0",lose,"qodTiOEqJP4Ok0RMQMmX0A=="
"2026-09-17T04:48:36.0640Z",moneybolt,playSWEEPSWinZone,ps,web,gold,regular,"3000.0","0.0",lose,"C1sIYX1YSHmiwpjzA49U2g=="
"2026-09-17T04:48:32.6456Z",moneybolt,playSWEEPSWinZone,ps,web,gold,regular,"3000.0","0.0",lose,"4RgeO9AMLjxJufJ4yD8wlA=="
"2026-09-17T04:42:20.7026Z",moneybolt,playSWEEPSWinZone,ps,web,gold,regular,"3000.0","49500.0",win,"shh5pjLmlHIjhlknR2dV2w=="
"2026-09-17T04:41:54.2306Z",moneybolt,playSWEEPSWinZone,ps,web,gold,regular,"3000.0","0.0",lose,"A2ealaUb7hY2X9G+7YkOJg=="
"2026-09-17T04:41:51.2125Z",moneybolt,playSWEEPSWinZone,ps,web,gold,regular,"3000.0","0.0",lose,"P5TBXRtv3pBDcqoT59PHnA=="
"2026-09-17T04:41:37.1736Z",moneybolt,playSWEEPSWinZone,ps,web,gold,regular,"3000.0","0.0",lose,"ZbDJRm2U+W6jGyyRsGuStQ=="
"2026-09-17T04:41:34.1362Z",moneybolt,playSWEEPSWinZone,ps,web,gold,regular,"3000.0","0.0",lose,"Blh4BI4AXcZ+nqH2XzgvEQ=="
"2026-09-17T04:29:10.9426Z",moneybolt,playSWEEPSWinZone,ps,web,gold,"free_spin","0.0","18000.0",win,"wMXgwPqq0iCiXAjoOGUKtw=="
"2026-09-17T04:28:49.8531Z",moneybolt,playSWEEPSWinZone,ps,web,gold,regular,"3000.0","0.0",lose,"ys+laxMm/PRzCaXdWBsOPg=="
"2026-09-17T04:28:46.7993Z",moneybolt,playSWEEPSWinZone,ps,web,gold,regular,"3000.0","0.0",lose,"mTCDbzw2mURn8ZyHZV/Xzw=="
"2026-09-17T04:28:40.3136Z",moneybolt,playSWEEPSWinZone,ps,web,gold,regular,"3000.0","0.0",lose,"CTk9HKsWcypqy7LaIJ1csw=="
"2026-09-17T04:28:34.1741Z",moneybolt,playSWEEPSWinZone,ps,web,gold,regular,"3000.0","0.0",lose,"0fvUoEavx4efG+hGmSoXTw=="
"2026-09-17T04:28:31.0219Z",moneybolt,playSWEEPSWinZone,ps,web,gold,regular,"3000.0","0.0",lose,"N4OQcSmbTBXYtQn0618w+w=="
"2026-09-17T04:28:27.9954Z",moneybolt,playSWEEPSWinZone,ps,web,gold,regular,"3000.0","0.0",lose,"i7yjaodMx8nMBjh4Qc14ew=="
"2026-09-17T07:39:37.1673Z",moneybolt,playSWEEPSWinZone,ps,web,gold,regular,"3000.0","0.0",lose,"G+ecMenNk0MwX0pV+hAR9Q=="
"2026-09-17T07:39:27.9574Z",moneybolt,playSWEEPSWinZone,ps,web,gold,regular,"3000.0","0.0",lose,"SSJQZ2TXycJ2jkZH3aoS5A=="
"2026-09-17T07:39:21.8569Z",moneybolt,playSWEEPSWinZone,ps,web,gold,regular,"3000.0","0.0",lose,"CG36M3yma0LCCnJ06Z4jBQ=="
"2026-09-17T07:39:16.5408Z",moneybolt,playSWEEPSWinZone,ps,web,gold,regular,"3000.0","900.0",win,"fN0UG88c235bHO2umgWugQ=="
"2026-09-17T07:33:06.8685Z",moneybolt,playSWEEPSWinZone,ps,web,gold,regular,"3000.0","0.0",lose,"TRlioJmHetYc2j4ffp9F3w=="
"2026-09-17T07:32:53.2339Z",moneybolt,playSWEEPSWinZone,ps,web,gold,regular,"3000.0","600.0",win,"5thYFPmHeFmnNpI7EeAQsQ=="
"2026-09-17T07:32:18.0071Z",moneybolt,playSWEEPSWinZone,ps,web,gold,regular,"3000.0","0.0",lose,"CqSJvQLLFGrhKc4Quuln3A=="
"2026-09-17T07:30:11.2180Z",moneybolt,playSWEEPSWinZone,ps,web,gold,regular,"3000.0","0.0",lose,"Lf6o9KbZixil/b4NKnr81A=="
"2026-09-17T07:29:58.2516Z",moneybolt,playSWEEPSWinZone,ps,web,gold,regular,"3000.0","0.0",lose,"INfRhxoCqpCMi2RjWQXpsA=="
"2026-09-17T07:29:52.9782Z",moneybolt,playSWEEPSWinZone,ps,web,gold,regular,"3000.0","300.0",win,"to1ZtHpJyePDy7vRgDKBPQ=="
"2026-09-17T07:29:49.6468Z",moneybolt,playSWEEPSWinZone,ps,web,gold,regular,"3000.0","0.0",lose,"o7ybiO+EElTZro0Z3k8a0g=="
"2026-09-17T07:29:46.6366Z",moneybolt,playSWEEPSWinZone,ps,web,gold,regular,"3000.0","0.0",lose,"NkJdss4jULCIpfRJokGswA=="
"2026-09-17T07:29:35.3172Z",moneybolt,playSWEEPSWinZone,ps,web,gold,regular,"3000.0","0.0",lose,"1DLl3pir1KoQnXQLMQZh3g=="
"2026-09-17T07:29:32.3380Z",moneybolt,playSWEEPSWinZone,ps,web,gold,regular,"3000.0","0.0",lose,"AtRvY8NpS9raZqKfw/4GGg=="
"2026-09-17T07:29:23.8892Z",moneybolt,playSWEEPSWinZone,ps,web,gold,regular,"3000.0","0.0",lose,"BJS7wE+hnDbplcXfkW63bA=="
"2026-09-17T07:29:20.6359Z",moneybolt,playSWEEPSWinZone,ps,web,gold,regular,"3000.0","0.0",lose,"Gb1T0tpiOC4A1JDXaJUiKw=="
"2026-09-17T07:29:17.5350Z",moneybolt,playSWEEPSWinZone,ps,web,gold,regular,"3000.0","0.0",lose,"F8aJwRce/jk3mqS0M22f1g=="
"2026-09-17T07:29:14.2571Z",moneybolt,playSWEEPSWinZone,ps,web,gold,regular,"3000.0","0.0",lose,"/F6+/MI4hdn4OxHDKL+NBg=="
"2026-09-17T07:29:11.4700Z",moneybolt,playSWEEPSWinZone,ps,web,gold,regular,"3000.0","0.0",lose,"pS61acspgmD/CkklY2bYdg=="
"2026-09-17T07:28:48.7379Z",moneybolt,playSWEEPSWinZone,ps,web,gold,regular,"3000.0","30000.0",win,"NaOCvURsN2fzppZPgpFsxQ=="
"2026-09-17T07:28:45.0302Z",moneybolt,playSWEEPSWinZone,ps,web,gold,regular,"3000.0","0.0",lose,"Kftbz8yoX3kymkaO+/s3Gg=="
"2026-09-17T07:28:42.2003Z",moneybolt,playSWEEPSWinZone,ps,web,gold,regular,"3000.0","0.0",lose,"0qTerHE4RpYtdOkh8QJvUQ=="
"2026-09-17T07:28:36.4910Z",moneybolt,playSWEEPSWinZone,ps,web,gold,regular,"3000.0","0.0",lose,"DdQVfj3unDVWq47I+jyALg=="
"2026-09-17T07:28:31.4378Z",moneybolt,playSWEEPSWinZone,ps,web,gold,regular,"3000.0","600.0",win,"TqWmX7cnEyoqO2M14AzomQ=="
"2026-09-17T07:28:13.1708Z",moneybolt,playSWEEPSWinZone,ps,web,gold,"free_spin","0.0","110100.0",win,"fDdG12F6FLX529HtMA8KKQ=="
"2026-09-17T07:25:17.9944Z",moneybolt,playSWEEPSWinZone,ps,web,gold,regular,"3000.0","0.0",lose,"QxgvyFDXcwFFY5tLnPaUxQ=="
"2026-09-17T07:21:59.4472Z",moneybolt,playSWEEPSWinZone,ps,web,gold,regular,"3000.0","0.0",lose,"NkfBkf3XSiY19YeSiHcFyA=="
"2026-09-17T07:21:56.6188Z",moneybolt,playSWEEPSWinZone,ps,web,gold,regular,"3000.0","0.0",lose,"Hs+jwjGuO/g8QRYQHGgnKA=="
"2026-09-17T07:21:53.8616Z",moneybolt,playSWEEPSWinZone,ps,web,gold,regular,"3000.0","0.0",lose,"Z20tRteZhy4mr9X3ZVqWug=="
"2026-09-17T07:21:45.8521Z",moneybolt,playSWEEPSWinZone,ps,web,gold,regular,"3000.0","600.0",win,"g+5/FJPOq64UO20a9HwUeA=="
"2026-09-17T07:21:40.7239Z",moneybolt,playSWEEPSWinZone,ps,web,gold,regular,"3000.0","600.0",win,"Q9oSht7TkhUkoLAUmB49Xg=="
"2026-09-17T07:21:37.9661Z",moneybolt,playSWEEPSWinZone,ps,web,gold,regular,"3000.0","0.0",lose,"PwUcm9gm1KAqQhEeepYsTg=="
"2026-09-17T07:21:32.1736Z",moneybolt,playSWEEPSWinZone,ps,web,gold,regular,"3000.0","0.0",lose,"zqhJIrF1n4j9bcJIbm7FFg=="
"2026-09-17T07:21:29.0057Z",moneybolt,playSWEEPSWinZone,ps,web,gold,regular,"3000.0","0.0",lose,"Pdz4iJ37zZJOfVjInBb+Mg=="
"2026-09-17T07:21:26.2772Z",moneybolt,playSWEEPSWinZone,ps,web,gold,regular,"3000.0","0.0",lose,"vQt7FCpgrpu26nNBlpGNWQ=="
"2026-09-17T07:21:23.0851Z",moneybolt,playSWEEPSWinZone,ps,web,gold,regular,"3000.0","0.0",lose,"phJwrkWU1+lUNwL+VySACA=="
"2026-09-17T07:21:20.2237Z",moneybolt,playSWEEPSWinZone,ps,web,gold,regular,"3000.0","0.0",lose,"kl8w5A90eZ4plnokShSmTg=="
"2026-09-17T07:21:17.0760Z",moneybolt,playSWEEPSWinZone,ps,web,gold,regular,"3000.0","0.0",lose,"gtNOuUkgGbJDiVmTZ2QT3Q=="
"2026-09-17T07:21:10.9251Z",moneybolt,playSWEEPSWinZone,ps,web,gold,regular,"3000.0","0.0",lose,"kSN+O5RbEXJXls7cT/Txow=="
"2026-09-17T06:42:15.9494Z",moneybolt,playSWEEPSWinZone,ps,web,gold,regular,"3000.0","0.0",lose,"u873JlYl43OyKIRGpsp/yg=="
"2026-09-17T06:42:10.9108Z",moneybolt,playSWEEPSWinZone,ps,web,gold,regular,"3000.0","300.0",win,"HJOYB3OHJNoUhIFm7ALDjw=="
"2026-09-17T06:42:05.7099Z",moneybolt,playSWEEPSWinZone,ps,web,gold,regular,"3000.0","600.0",win,"wMBPKjSEt2T6d8UWF2JxzQ=="
"2026-09-17T06:17:58.9664Z",moneybolt,playSWEEPSWinZone,ps,web,gold,regular,"3000.0","30000.0",win,"umphixBDMiWRuiL2CIEHNg=="
"2026-09-17T06:17:56.1345Z",moneybolt,playSWEEPSWinZone,ps,web,gold,regular,"3000.0","0.0",lose,"FO8tQRM8NYXKxQt3waE+0w=="
"2026-09-17T06:17:53.0832Z",moneybolt,playSWEEPSWinZone,ps,web,gold,regular,"3000.0","0.0",lose,"vJJ7DdfwRUtELmcylJhh2Q=="
"2026-09-17T06:17:50.2115Z",moneybolt,playSWEEPSWinZone,ps,web,gold,regular,"3000.0","0.0",lose,"NAoK6scE+Gn5PHUGHu9Dnw=="
"2026-09-17T06:17:43.4351Z",moneybolt,playSWEEPSWinZone,ps,web,gold,regular,"3000.0","0.0",lose,"iT311ogi5726O4ROtQSGQA=="
"2026-09-17T06:17:37.3085Z",moneybolt,playSWEEPSWinZone,ps,web,gold,regular,"3000.0","0.0",lose,"2cE3clSF3Zbypi1w3dKS0Q=="
"2026-09-17T06:17:29.0466Z",moneybolt,playSWEEPSWinZone,ps,web,gold,regular,"3000.0","1200.0",win,"I/TAco7wWg1CjbknCvTXDw=="
"2026-09-17T06:17:20.0819Z",moneybolt,playSWEEPSWinZone,ps,web,gold,regular,"3000.0","0.0",lose,"gHb1YtrIALQNFTbOnBDjaA=="
"2026-09-17T06:17:11.2787Z",moneybolt,playSWEEPSWinZone,ps,web,gold,regular,"3000.0","0.0",lose,"jQppGHmeJpS24VN5bDUZXQ=="
"2026-09-17T06:17:02.3982Z",moneybolt,playSWEEPSWinZone,ps,web,gold,regular,"3000.0","0.0",lose,"/u8dowE/89IqoF37CTDsaw=="
"2026-09-17T06:16:47.8022Z",moneybolt,playSWEEPSWinZone,ps,web,gold,regular,"3000.0","0.0",lose,"4kAQvqMUuuk7Q8keNg2d9w=="
"2026-09-17T06:16:42.4807Z",moneybolt,playSWEEPSWinZone,ps,web,gold,regular,"3000.0","300.0",win,"dp2nLXMNrr3kc+eqBCrv7g=="
"2026-09-17T06:16:11.9968Z",moneybolt,playSWEEPSWinZone,ps,web,gold,regular,"3000.0","900.0",win,"PMeclNuWbMPMLEghLjmOWw=="
"2026-09-17T06:16:03.1329Z",moneybolt,playSWEEPSWinZone,ps,web,gold,regular,"3000.0","0.0",lose,"yj4oNKYP3+fNRa8S9N7FUw=="
"2026-09-17T06:09:52.3549Z",moneybolt,playSWEEPSWinZone,ps,web,gold,regular,"3000.0","0.0",lose,"o6YzhFHTlGZcmpjIcyIYeA=="
"2026-09-17T06:09:35.3181Z",moneybolt,playSWEEPSWinZone,ps,web,gold,regular,"3000.0","0.0",lose,"5Y0j3uUzh7JAPn/6Iooe5w=="
"2026-09-17T06:09:23.6027Z",moneybolt,playSWEEPSWinZone,ps,web,gold,regular,"3000.0","0.0",lose,"CynDh3jvBrUF3DsO0+yVug=="
"2026-09-17T06:09:18.4684Z",moneybolt,playSWEEPSWinZone,ps,web,gold,regular,"3000.0","300.0",win,"MIXlWO8bkewETXnnrbYxDw=="
"2026-09-17T06:09:15.3369Z",moneybolt,playSWEEPSWinZone,ps,web,gold,regular,"3000.0","0.0",lose,"4U3j8CoGM53snZ2xNpa9Ew=="
"2026-09-17T06:06:55.2446Z",moneybolt,playSWEEPSWinZone,ps,web,gold,regular,"3000.0","0.0",lose,"0/NTARAbDBtcVgjA2X9XlA=="
"2026-09-17T06:06:50.0169Z",moneybolt,playSWEEPSWinZone,ps,web,gold,regular,"3000.0","1500.0",win,"nEPON2odWD6SrjSOEMdu2Q=="
"2026-09-17T06:06:46.5984Z",moneybolt,playSWEEPSWinZone,ps,web,gold,regular,"3000.0","0.0",lose,"EEkYf5ElBR9c3pcqzM87WQ=="
"2026-09-17T06:06:17.3519Z",moneybolt,playSWEEPSWinZone,ps,web,gold,regular,"3000.0","30000.0",win,"DFuRVzwMcfpg1cwZrwqNXg=="
"2026-09-17T06:06:10.9371Z",moneybolt,playSWEEPSWinZone,ps,web,gold,regular,"3000.0","0.0",lose,"dmpHq9j/OlOLgysRuxZaSg=="
"2026-09-17T06:03:05.4530Z",moneybolt,playSWEEPSWinZone,ps,web,gold,regular,"3000.0","0.0",lose,"Xs0XWVBXk97f75N2OGaANg=="
"2026-09-17T05:56:56.5811Z",moneybolt,playSWEEPSWinZone,ps,web,gold,regular,"3000.0","0.0",lose,"M7TtTjPKyviZR0uHt4phqw=="
"2026-09-17T05:38:34.2610Z",moneybolt,playSWEEPSWinZone,ps,web,gold,regular,"3000.0","0.0",lose,"EknDo+voFMRvi26dXJ9/vw=="
"2026-09-17T05:38:30.7269Z",moneybolt,playSWEEPSWinZone,ps,web,gold,regular,"3000.0","0.0",lose,"MgP7Q7Vw0u4kzerMmNUNXQ=="
"2026-09-17T05:38:27.7418Z",moneybolt,playSWEEPSWinZone,ps,web,gold,regular,"3000.0","0.0",lose,"AZKlLfF/mLyUhKGFHZMo5w=="
"2026-09-17T05:38:21.4995Z",moneybolt,playSWEEPSWinZone,ps,web,gold,regular,"3000.0","0.0",lose,"Skw+frpNSsLru9bcdUJ/lw=="
"2026-09-17T05:38:05.0055Z",moneybolt,playSWEEPSWinZone,ps,web,gold,regular,"3000.0","0.0",lose,"ucDg1EbEnTJu+X/vZR6c1w=="
"2026-09-17T05:37:44.5591Z",moneybolt,playSWEEPSWinZone,ps,web,gold,regular,"3000.0","0.0",lose,"K2C16xuqkXUtri9UN6C/0g=="
"2026-09-17T05:26:31.4263Z",moneybolt,playSWEEPSWinZone,ps,web,gold,regular,"3000.0","7500.0",win,"oDBIn9dkm5EMK006FRl5gQ=="
"2026-09-17T05:26:26.2261Z",moneybolt,playSWEEPSWinZone,ps,web,gold,regular,"3000.0","10800.0",win,"z8ega7Q9JTAK6jOYpV6oOg=="
"2026-09-17T05:26:21.0838Z",moneybolt,playSWEEPSWinZone,ps,web,gold,regular,"3000.0","6300.0",win,"VBFJsO7EVAU+nU2zYrZ5Mw=="
"2026-09-17T05:26:18.1836Z",moneybolt,playSWEEPSWinZone,ps,web,gold,regular,"3000.0","0.0",lose,"BJX5rC8tFmCxCSvYcvYzBw=="
"2026-09-17T05:25:55.4295Z",moneybolt,playSWEEPSWinZone,ps,web,gold,regular,"3000.0","300.0",win,"cFjVzicp9S+eUWW+Kgu5Nw=="
"2026-09-17T05:25:38.4916Z",moneybolt,playSWEEPSWinZone,ps,web,gold,regular,"3000.0","300.0",win,"/r4dPIuRJBtEQfPJKpnitw=="
"2026-09-17T05:25:35.3817Z",moneybolt,playSWEEPSWinZone,ps,web,gold,regular,"3000.0","0.0",lose,"s9VqjdCzBpsyFgv0Y8UiBg=="
"2026-09-17T05:24:28.7964Z",moneybolt,playSWEEPSWinZone,ps,web,gold,regular,"3000.0","0.0",lose,"cPFmWvM6sQe0uOOFD/Abmg=="
"2026-09-17T05:09:17.5585Z",moneybolt,playSWEEPSWinZone,ps,web,gold,"free_spin","0.0","101700.0",win,"bO7f5nlnXazXNIIF9PFeow=="
"2026-09-17T05:08:20.4146Z",moneybolt,playSWEEPSWinZone,ps,web,gold,regular,"3000.0","0.0",lose,"YXo5/MR8IZTz+Qx73dqr3w=="
"2026-09-17T05:08:17.5338Z",moneybolt,playSWEEPSWinZone,ps,web,gold,regular,"3000.0","0.0",lose,"spGGnfzRYhE3acYf0ZDYyg=="
"2026-09-17T05:08:05.1482Z",moneybolt,playSWEEPSWinZone,ps,web,gold,regular,"3000.0","0.0",lose,"gEPq43bqpWK7pTx3vSWr0w=="
"2026-09-17T05:08:02.0843Z",moneybolt,playSWEEPSWinZone,ps,web,gold,regular,"3000.0","0.0",lose,"I7py14MM7GquMgjqkTRGEA=="
"2026-09-17T05:07:59.0583Z",moneybolt,playSWEEPSWinZone,ps,web,gold,regular,"3000.0","0.0",lose,"I0v3ffk9kglZMNvGd2l7MQ=="
"2026-09-17T05:07:50.0563Z",moneybolt,playSWEEPSWinZone,ps,web,gold,regular,"3000.0","0.0",lose,"E1JkuuKNn38HPOUlyE3Ihw=="
"2026-09-17T05:08:23.3380Z",moneybolt,playSWEEPSWinZone,ps,web,gold,regular,"3000.0","0.0",lose,"bO7f5nlnXazXNIIF9PFeow=="
"2026-09-17T05:08:14.5058Z",moneybolt,playSWEEPSWinZone,ps,web,gold,regular,"3000.0","0.0",lose,"89DopcCEdQ5dRznBBiIKFA=="
"2026-09-17T05:08:11.6805Z",moneybolt,playSWEEPSWinZone,ps,web,gold,regular,"3000.0","0.0",lose,"UJZcYP186GSKVuviy/CzMg=="
"2026-09-17T05:08:08.2542Z",moneybolt,playSWEEPSWinZone,ps,web,gold,regular,"3000.0","0.0",lose,"9WEWEMyIir+xEfE/T3tyYA=="
"2026-09-17T05:07:56.2448Z",moneybolt,playSWEEPSWinZone,ps,web,gold,regular,"3000.0","0.0",lose,"FKeGYuKydB+EfqRMX1cG5g=="
"2026-09-17T05:07:53.2606Z",moneybolt,playSWEEPSWinZone,ps,web,gold,regular,"3000.0","0.0",lose,"wWm6b/H/vCJEksqw3tDWRw=="
"2026-09-17T05:07:47.0684Z",moneybolt,playSWEEPSWinZone,ps,web,gold,regular,"3000.0","0.0",lose,"9871MH9v+/UF5VYohuV2lw=="
"2026-09-17T05:07:41.7965Z",moneybolt,playSWEEPSWinZone,ps,web,gold,regular,"3000.0","9000.0",win,"3mzKdD4ND0/kvnfl73FpgA=="
"2026-09-17T05:07:31.6011Z",moneybolt,playSWEEPSWinZone,ps,web,gold,regular,"3000.0","600.0",win,"omPKTAmEGqZohj6ZFLR6Ig=="
"2026-09-17T05:04:19.2175Z",moneybolt,playSWEEPSWinZone,ps,web,gold,regular,"3000.0","0.0",lose,"vYIh5ywpgojsQq+8UABgPw=="
"2026-09-17T05:04:16.0786Z",moneybolt,playSWEEPSWinZone,ps,web,gold,regular,"3000.0","0.0",lose,"sknv33/sUCy8Z4jG1s0FRA=="
"2026-09-17T05:04:12.7852Z",moneybolt,playSWEEPSWinZone,ps,web,gold,regular,"3000.0","0.0",lose,"gSjl00mXTEZIa5PumlvFlQ=="
"2026-09-17T05:04:09.7748Z",moneybolt,playSWEEPSWinZone,ps,web,gold,regular,"3000.0","0.0",lose,"3PNpWcQD3Uupv1zJt4KF3g=="
"2026-09-17T05:03:58.4357Z",moneybolt,playSWEEPSWinZone,ps,web,gold,regular,"3000.0","3600.0",win,"kFrze6ZGLR49aX+Cl8dTpA=="
"2026-09-17T05:03:53.4286Z",moneybolt,playSWEEPSWinZone,ps,web,gold,regular,"3000.0","300.0",win,"MwvG6ziBQtpI7glqBiNp8Q=="
"2026-09-17T05:03:50.6623Z",moneybolt,playSWEEPSWinZone,ps,web,gold,regular,"3000.0","0.0",lose,"gMi51ZUpvQ6VlTHDcoS2xw=="
"2026-09-17T05:03:47.6548Z",moneybolt,playSWEEPSWinZone,ps,web,gold,regular,"3000.0","0.0",lose,"QEzsL2dSfnL+PJmWkySDyQ=="
"2026-09-17T05:03:41.6703Z",moneybolt,playSWEEPSWinZone,ps,web,gold,regular,"3000.0","0.0",lose,"6nXCRaDEMxm/4CQKrWIDTA=="
"2026-09-17T05:03:38.9243Z",moneybolt,playSWEEPSWinZone,ps,web,gold,regular,"3000.0","0.0",lose,"vxCSiPYaXO9KcQyKfAV22w=="
"2026-09-17T05:03:28.1980Z",moneybolt,playSWEEPSWinZone,ps,web,gold,regular,"3000.0","300.0",win,"BllqaDCR2A9NAlhMQsXRLw=="
"2026-09-17T05:03:19.3238Z",moneybolt,playSWEEPSWinZone,ps,web,gold,regular,"3000.0","0.0",lose,"U3a2EeAUFGMUVyu81Y6gOg=="
"2026-09-17T09:20:06.2422Z",moneybolt,playSWEEPSWinZone,ps,web,gold,regular,"3000.0","0.0",lose,"DMXYUyGZADCb+5p0glqQag=="
"2026-09-17T09:19:56.3263Z",moneybolt,playSWEEPSWinZone,ps,web,gold,regular,"3000.0","0.0",lose,"3vvUJVLspsyltrlLV5wbGA=="
"2026-09-17T09:19:50.4118Z",moneybolt,playSWEEPSWinZone,ps,web,gold,regular,"3000.0","0.0",lose,"zDOoYFevYMzdeTPCuWf1gg=="
"2026-09-17T09:03:44.6625Z",moneybolt,playSWEEPSWinZone,ps,web,gold,regular,"3000.0","0.0",lose,"RADMzl7I/vSRceLov5586A=="
"2026-09-17T09:03:41.1531Z",moneybolt,playSWEEPSWinZone,ps,web,gold,regular,"3000.0","0.0",lose,"BaXZvkGavpv0qEqqX3wlMQ=="
"2026-09-17T09:03:38.1087Z",moneybolt,playSWEEPSWinZone,ps,web,gold,regular,"3000.0","0.0",lose,"vLCyGzH2fwHmX7e8rNmg5g=="
"2026-09-17T09:03:29.6059Z",moneybolt,playSWEEPSWinZone,ps,web,gold,regular,"3000.0","0.0",lose,"VDswsNnkqD5sH0gC70Y6cA=="
"2026-09-17T09:03:10.4943Z",moneybolt,playSWEEPSWinZone,ps,web,gold,regular,"3000.0","2400.0",win,"9ebhrm2wPXn6OYYQXSBS0Q=="
"2026-09-17T09:03:07.2972Z",moneybolt,playSWEEPSWinZone,ps,web,gold,regular,"3000.0","0.0",lose,"fesvEDvq5SnuGQhEdM348Q=="
"2026-09-17T09:03:03.9506Z",moneybolt,playSWEEPSWinZone,ps,web,gold,regular,"3000.0","0.0",lose,"E4oFV8WBbv7eN+djSPWjoA=="
"2026-09-17T09:02:57.8800Z",moneybolt,playSWEEPSWinZone,ps,web,gold,regular,"3000.0","0.0",lose,"21w8bVMI1p/06j1D48pN4A=="
"2026-09-17T09:02:54.9536Z",moneybolt,playSWEEPSWinZone,ps,web,gold,regular,"3000.0","0.0",lose,"y/v3VA/scF9s8ve8q75hHA=="
"2026-09-17T09:02:49.9259Z",moneybolt,playSWEEPSWinZone,ps,web,gold,regular,"3000.0","1800.0",win,"LfERSeWDKoTTpE5VsybLiQ=="
"2026-09-17T09:03:35.3177Z",moneybolt,playSWEEPSWinZone,ps,web,gold,regular,"3000.0","0.0",lose,"I0rrjvFEAeU48viX/jZshQ=="
"2026-09-17T09:03:32.4809Z",moneybolt,playSWEEPSWinZone,ps,web,gold,regular,"3000.0","0.0",lose,"HYWhbHMZreObSIb4/86+qg=="
"2026-09-17T09:03:26.8390Z",moneybolt,playSWEEPSWinZone,ps,web,gold,regular,"3000.0","0.0",lose,"Rsg6ZV5PXKyp5K04XiI6Ag=="
"2026-09-17T09:03:23.8139Z",moneybolt,playSWEEPSWinZone,ps,web,gold,regular,"3000.0","0.0",lose,"CaJ7XN5EPT/IxcdL8hH8hA=="
"2026-09-17T09:03:20.9087Z",moneybolt,playSWEEPSWinZone,ps,web,gold,regular,"3000.0","0.0",lose,"CAItPUZI3F7cO2azVy5B5A=="
"2026-09-17T09:03:15.6140Z",moneybolt,playSWEEPSWinZone,ps,web,gold,regular,"3000.0","600.0",win,"3N4N66qPJGZy1vvFmzQepQ=="
"2026-09-17T09:03:00.8506Z",moneybolt,playSWEEPSWinZone,ps,web,gold,regular,"3000.0","0.0",lose,"eP/J/5ZQj3J4p/P82NeVew=="
"2026-09-17T09:02:46.9496Z",moneybolt,playSWEEPSWinZone,ps,web,gold,regular,"3000.0","0.0",lose,"5OrifV2h7ZMhakxp5CsYQQ=="
"2026-09-17T08:56:00.2315Z",moneybolt,playSWEEPSWinZone,ps,web,gold,regular,"3000.0","0.0",lose,"M2zH94BY0Bflp6F0+c28nQ=="
"2026-09-17T08:55:53.8885Z",moneybolt,playSWEEPSWinZone,ps,web,gold,regular,"3000.0","0.0",lose,"JPQKq0jRH5uoEdBSach6xg=="
"2026-09-17T08:55:20.2762Z",moneybolt,playSWEEPSWinZone,ps,web,gold,regular,"3000.0","900.0",win,"oMi9TQ9Mr4VT8r+suvZxmg=="
"2026-09-17T08:55:16.9766Z",moneybolt,playSWEEPSWinZone,ps,web,gold,regular,"3000.0","0.0",lose,"vU4cWk3xw2YginA12W9xUw=="
"2026-09-17T08:52:04.7572Z",moneybolt,playSWEEPSWinZone,ps,web,gold,regular,"3000.0","6000.0",win,"LHOU5GJjoa3sXCeHOTNfgw=="
"2026-09-17T08:51:42.0395Z",moneybolt,playSWEEPSWinZone,ps,web,gold,regular,"3000.0","0.0",lose,"mcixLs1972naTGxsYg991Q=="
"2026-09-17T08:51:33.3326Z",moneybolt,playSWEEPSWinZone,ps,web,gold,regular,"3000.0","0.0",lose,"hj119Rzrd7mp7Dp0WTT5oA=="
"2026-09-17T08:51:25.3798Z",moneybolt,playSWEEPSWinZone,ps,web,gold,regular,"3000.0","0.0",lose,"4FDe+lpKWG05wcsw2y/KAA=="
"2026-09-17T08:50:22.7351Z",moneybolt,playSWEEPSWinZone,ps,web,gold,regular,"3000.0","0.0",lose,"2PNjm5k+wrrB6oUVDdJzMQ=="
"2026-09-17T08:50:17.0133Z",moneybolt,playSWEEPSWinZone,ps,web,gold,regular,"3000.0","9600.0",win,"lYrsq1S/ZYaViIuJByfYGg=="
"2026-09-17T08:50:05.9608Z",moneybolt,playSWEEPSWinZone,ps,web,gold,regular,"3000.0","9600.0",win,"Ee4Ek3pXBqMGdGddy6dKZQ=="
"2026-09-17T08:50:02.5581Z",moneybolt,playSWEEPSWinZone,ps,web,gold,regular,"3000.0","0.0",lose,"HVGoD3DlRFuUyD9ZdM+grA=="
"2026-09-17T08:49:48.3717Z",moneybolt,playSWEEPSWinZone,ps,web,gold,regular,"3000.0","600.0",win,"Gzq1Xejk63kMHfA2w1XoLg=="
"2026-09-17T08:49:37.5570Z",moneybolt,playSWEEPSWinZone,ps,web,gold,regular,"3000.0","2400.0",win,"KYEL/riQYTs7sH4ZJIhBPQ=="
"2026-09-17T08:49:34.5542Z",moneybolt,playSWEEPSWinZone,ps,web,gold,regular,"3000.0","0.0",lose,"I8my09scqcoDb9/7r11g1A=="
"2026-09-17T08:49:28.4331Z",moneybolt,playSWEEPSWinZone,ps,web,gold,regular,"3000.0","0.0",lose,"zbF1MvmvOQTvQmSz61op2A=="
"2026-09-17T08:49:25.4043Z",moneybolt,playSWEEPSWinZone,ps,web,gold,regular,"3000.0","0.0",lose,"7B+yE+A/EWi9yK8Y/b7xSA=="
"2026-09-17T08:49:31.4123Z",moneybolt,playSWEEPSWinZone,ps,web,gold,regular,"3000.0","0.0",lose,"pTG5HqxizVJgz59nIUgexg=="
"2026-09-17T08:48:56.4513Z",moneybolt,playSWEEPSWinZone,ps,web,gold,regular,"3000.0","33000.0",win,"N3gl3qi5TSaSKZvbeV5FKg=="
"2026-09-17T08:48:35.1521Z",moneybolt,playSWEEPSWinZone,ps,web,gold,regular,"3000.0","16500.0",win,"LhDgV7Dzovb4JhwiKa0efg=="
"2026-09-17T08:48:32.2661Z",moneybolt,playSWEEPSWinZone,ps,web,gold,regular,"3000.0","0.0",lose,"RmnrUD/xEnEMSv+9zxOwtQ=="
"2026-09-17T08:48:29.2104Z",moneybolt,playSWEEPSWinZone,ps,web,gold,regular,"3000.0","0.0",lose,"rBVo54+Dq+EQ7Fyy0A/ObA=="
"2026-09-17T08:48:20.9656Z",moneybolt,playSWEEPSWinZone,ps,web,gold,regular,"3000.0","0.0",lose,"s1h9VCQyXsFwjU73lyW0nQ=="
"2026-09-17T08:48:18.1263Z",moneybolt,playSWEEPSWinZone,ps,web,gold,regular,"3000.0","0.0",lose,"BKXt4dm+Rm1uf+NsDPFF4g=="
"2026-09-17T08:48:14.4924Z",moneybolt,playSWEEPSWinZone,ps,web,gold,regular,"3000.0","0.0",lose,"sDQajO071z06QViqwM7f4A=="
"2026-09-17T08:48:24.0014Z",moneybolt,playSWEEPSWinZone,ps,web,gold,regular,"3000.0","2100.0",win,"RX9lSMIK03rRsu6cTi+J2A=="
"2026-09-17T08:48:10.3266Z",moneybolt,playSWEEPSWinZone,ps,web,gold,regular,"3000.0","0.0",lose,"26nPh4y1NQGOTCQNCg7mWg=="
"2026-09-17T08:47:51.9746Z",moneybolt,playSWEEPSWinZone,ps,web,gold,"free_spin","0.0","84000.0",win,"7gLO3BFY/mxRd5MnOLPdWg=="
"2026-09-17T08:44:17.9534Z",moneybolt,playSWEEPSWinZone,ps,web,gold,regular,"3000.0","0.0",lose,"tcxV5GrdWNjTfwNseyJbjg=="
"2026-09-17T08:44:08.2249Z",moneybolt,playSWEEPSWinZone,ps,web,gold,regular,"3000.0","0.0",lose,"26sxnXz5xYu97PQ/eDfv9A=="
"2026-09-17T08:44:04.3656Z",moneybolt,playSWEEPSWinZone,ps,web,gold,regular,"3000.0","0.0",lose,"RJ7/yPHB0m9i0CHBmSbWuw=="
"2026-09-17T08:43:44.8223Z",moneybolt,playSWEEPSWinZone,ps,web,gold,regular,"3000.0","0.0",lose,"sqBqqtJ2Q91miiM9jBXdQQ=="
"2026-09-17T08:43:41.9284Z",moneybolt,playSWEEPSWinZone,ps,web,gold,regular,"3000.0","0.0",lose,"GcyuAr2frYd6EzLR2QJBiw=="
"2026-09-17T08:43:30.7125Z",moneybolt,playSWEEPSWinZone,ps,web,gold,regular,"3000.0","0.0",lose,"Bv46tlU2qPa4rmRjsiRfFA=="
"2026-09-17T08:39:21.2023Z",moneybolt,playSWEEPSWinZone,ps,web,gold,"free_spin","0.0","35700.0",win,"9KoEM7YmHdzm13u/l+HhPQ=="
"2026-09-17T08:38:41.1865Z",moneybolt,playSWEEPSWinZone,ps,web,gold,regular,"3000.0","0.0",lose,"9KoEM7YmHdzm13u/l+HhPQ=="
"2026-09-17T08:37:28.6598Z",moneybolt,playSWEEPSWinZone,ps,web,gold,regular,"3000.0","0.0",lose,"q+9//zVPkvJu47mwBLBHFA=="
"2026-09-17T08:37:05.6532Z",moneybolt,playSWEEPSWinZone,ps,web,gold,regular,"3000.0","0.0",lose,"bCSSwKncFNTuI2fWT0sSNA=="
"2026-09-17T08:36:56.7258Z",moneybolt,playSWEEPSWinZone,ps,web,gold,regular,"3000.0","0.0",lose,"tTithR/6DTG3P8QfYmXerg=="
"2026-09-17T08:36:53.8609Z",moneybolt,playSWEEPSWinZone,ps,web,gold,regular,"3000.0","0.0",lose,"6gDsxZrkFOG+avuv+YHBAw=="
"2026-09-17T08:36:48.7663Z",moneybolt,playSWEEPSWinZone,ps,web,gold,regular,"3000.0","1500.0",win,"hDF4UxKjxAGr7XhAu6gGHA=="
"2026-09-17T08:36:45.6320Z",moneybolt,playSWEEPSWinZone,ps,web,gold,regular,"3000.0","0.0",lose,"JPN9HzTS5miQu0J76x/Urg=="
"2026-09-17T08:30:18.1935Z",moneybolt,playSWEEPSWinZone,ps,web,gold,regular,"3000.0","0.0",lose,"sWN24eBs9uqCgHm95g3HLA=="
"2026-09-17T08:30:11.3364Z",moneybolt,playSWEEPSWinZone,ps,web,gold,regular,"3000.0","0.0",lose,"WUtPoUbUITgVPvpUr4AbNw=="
"2026-09-17T08:30:04.3284Z",moneybolt,playSWEEPSWinZone,ps,web,gold,regular,"3000.0","0.0",lose,"AIXEfNDVBRHYh1b1/nf0Gw=="
"2026-09-17T08:29:56.6652Z",moneybolt,playSWEEPSWinZone,ps,web,gold,regular,"3000.0","0.0",lose,"NPyoDttKor49ZDcGaKBqag=="
"2026-09-17T08:29:53.5122Z",moneybolt,playSWEEPSWinZone,ps,web,gold,regular,"3000.0","0.0",lose,"P850AdDSHd0i55l5xkAl6w=="
"2026-09-17T08:29:44.7863Z",moneybolt,playSWEEPSWinZone,ps,web,gold,regular,"3000.0","0.0",lose,"Ess3fodQXK7gs5rYv2YLVw=="
"2026-09-17T08:29:31.9953Z",moneybolt,playSWEEPSWinZone,ps,web,gold,regular,"3000.0","0.0",lose,"5+m8NSdT24mg1an5UKD7dA=="
"2026-09-17T08:29:23.1634Z",moneybolt,playSWEEPSWinZone,ps,web,gold,regular,"3000.0","0.0",lose,"bVD5PHXocAtkg5rthKtTBg=="
"2026-09-17T08:29:29.0002Z",moneybolt,playSWEEPSWinZone,ps,web,gold,regular,"3000.0","0.0",lose,"ayfrX03M9ywV7y4bRpiaOw=="
"2026-09-17T08:29:26.1923Z",moneybolt,playSWEEPSWinZone,ps,web,gold,regular,"3000.0","0.0",lose,"E9RhkO5C7xAg/GWaK96qFg=="
"2026-09-17T08:29:11.0978Z",moneybolt,playSWEEPSWinZone,ps,web,gold,regular,"3000.0","0.0",lose,"8VhEDD12loTxOTuLvVLwJQ=="
"2026-09-17T08:29:03.1706Z",moneybolt,playSWEEPSWinZone,ps,web,gold,regular,"3000.0","300.0",win,"YvnYiaePuEtRZIYNooNxMA=="
"2026-09-17T08:28:58.2803Z",moneybolt,playSWEEPSWinZone,ps,web,gold,regular,"3000.0","1500.0",win,"9o46h83n+7NoU05AO5UU4Q=="
"2026-09-17T08:28:49.6056Z",moneybolt,playSWEEPSWinZone,ps,web,gold,regular,"3000.0","0.0",lose,"qKHKO8Alub25dPeOMVntEg=="
"2026-09-17T08:08:10.2560Z",moneybolt,playSWEEPSWinZone,ps,web,gold,regular,"3000.0","0.0",lose,"F82MLbnAEX5QMQI2BFo4Ig=="
"2026-09-17T08:08:01.2882Z",moneybolt,playSWEEPSWinZone,ps,web,gold,regular,"3000.0","0.0",lose,"+MDIrnAHBsqQ75QbRaCWQw=="
"2026-09-17T08:07:58.2719Z",moneybolt,playSWEEPSWinZone,ps,web,gold,regular,"3000.0","0.0",lose,"msRqsonNM5u9lGEtvaMe5g=="
"2026-09-17T08:07:52.2648Z",moneybolt,playSWEEPSWinZone,ps,web,gold,regular,"3000.0","0.0",lose,"z4se2UHsO2DJi3pdn009HQ=="
"2026-09-17T08:07:46.9746Z",moneybolt,playSWEEPSWinZone,ps,web,gold,regular,"3000.0","300.0",win,"P2o/rSGP554giIf+GcBfEA=="
"2026-09-17T08:07:40.9654Z",moneybolt,playSWEEPSWinZone,ps,web,gold,regular,"3000.0","0.0",lose,"9Y6u5HJWiOdRx9Zh34U73A=="
"2026-09-17T08:07:35.2184Z",moneybolt,playSWEEPSWinZone,ps,web,gold,regular,"3000.0","0.0",lose,"j3L+tx42cAsbMUnKM9RTPg=="
"2026-09-17T08:07:22.2673Z",moneybolt,playSWEEPSWinZone,ps,web,gold,regular,"3000.0","0.0",lose,"QmgKGxh62Qp07Hp6DfA0vQ=="
"2026-09-17T08:07:19.3292Z",moneybolt,playSWEEPSWinZone,ps,web,gold,regular,"3000.0","0.0",lose,"9cJvqH3cFmYZ+TcRV+BMLw=="
"2026-09-17T07:54:34.3013Z",moneybolt,playSWEEPSWinZone,ps,web,gold,regular,"3000.0","0.0",lose,"0co/M792Y7Prh0j5VLZepw=="
"2026-09-17T07:54:20.4113Z",moneybolt,playSWEEPSWinZone,ps,web,gold,regular,"3000.0","0.0",lose,"J/EHDTK8QZA44EFQ0x+e5Q=="
"2026-09-17T07:54:17.4290Z",moneybolt,playSWEEPSWinZone,ps,web,gold,regular,"3000.0","0.0",lose,"0uGbZvF6t0s3+dNsI8NNLA=="
"2026-09-17T07:54:11.5991Z",moneybolt,playSWEEPSWinZone,ps,web,gold,regular,"3000.0","0.0",lose,"O9Upwx4wQcAwXC5uWqKl0Q=="
"2026-09-17T07:53:51.4797Z",moneybolt,playSWEEPSWinZone,ps,web,gold,regular,"3000.0","0.0",lose,"gJ8BU6tvckWWAcuOXHRUQg=="
"2026-09-17T07:53:33.6035Z",moneybolt,playSWEEPSWinZone,ps,web,gold,regular,"3000.0","6600.0",win,"VhIKSf2Juy5I3pT1Aqo+SQ=="
"2026-09-17T07:54:14.4374Z",moneybolt,playSWEEPSWinZone,ps,web,gold,regular,"3000.0","0.0",lose,"n/7PtZDXuY9uKk8colme+Q=="
"2026-09-17T07:54:08.8021Z",moneybolt,playSWEEPSWinZone,ps,web,gold,regular,"3000.0","0.0",lose,"JCxUXPuHuIvsujtyJISUQQ=="
"2026-09-17T07:54:05.8743Z",moneybolt,playSWEEPSWinZone,ps,web,gold,regular,"3000.0","0.0",lose,"T9Q0bVwSli4AxXN3h7Hx8g=="
"2026-09-17T07:54:03.0440Z",moneybolt,playSWEEPSWinZone,ps,web,gold,regular,"3000.0","0.0",lose,"WrB9cHMRj5YoB9Xj0ua1Kw=="
"2026-09-17T07:53:58.0811Z",moneybolt,playSWEEPSWinZone,ps,web,gold,regular,"3000.0","300.0",win,"l9Fpgn2re79mrLVjZrE/yg=="
"2026-09-17T07:53:54.3262Z",moneybolt,playSWEEPSWinZone,ps,web,gold,regular,"3000.0","0.0",lose,"Ux7QhlxhGVhCw4k1kw5q6g=="
"2026-09-17T07:53:30.6155Z",moneybolt,playSWEEPSWinZone,ps,web,gold,regular,"3000.0","0.0",lose,"B1v1XYzUf/K6mg1qz35qug=="
"2026-09-17T07:53:27.6093Z",moneybolt,playSWEEPSWinZone,ps,web,gold,regular,"3000.0","0.0",lose,"tovtBOvkRlt8Mm4+L6auGw=="
"2026-09-17T07:53:24.6663Z",moneybolt,playSWEEPSWinZone,ps,web,gold,regular,"3000.0","0.0",lose,"x6EyBLcOYzROhH0QTRkzZA=="
"2026-09-17T07:53:19.6167Z",moneybolt,playSWEEPSWinZone,ps,web,gold,regular,"3000.0","900.0",win,"83dbEYhNQbKTjq0MYpBIQw=="
"2026-09-17T07:41:14.2054Z",moneybolt,playSWEEPSWinZone,ps,web,gold,regular,"3000.0","0.0",lose,"wnJ0rO8w9IJQUvkdikyyUQ=="
"2026-09-17T07:41:08.5452Z",moneybolt,playSWEEPSWinZone,ps,web,gold,regular,"3000.0","0.0",lose,"NTt+vYSKKVmVwUlPsiz6jQ=="
"2026-09-17T07:41:02.3079Z",moneybolt,playSWEEPSWinZone,ps,web,gold,regular,"3000.0","0.0",lose,"37YGhyPnm9lGEXXT1KjCVA=="
"2026-09-17T07:40:37.3868Z",moneybolt,playSWEEPSWinZone,ps,web,gold,regular,"3000.0","0.0",lose,"YJKpZZKo7pYKAN9ERduVqA=="
"2026-09-17T07:40:06.7717Z",moneybolt,playSWEEPSWinZone,ps,web,gold,regular,"3000.0","0.0",lose,"b4JKfrlVJI4SUCZUUCEkcQ=="
"2026-09-17T07:39:49.6624Z",moneybolt,playSWEEPSWinZone,ps,web,gold,regular,"3000.0","1500.0",win,"FVxxvhlSu9EFr9cdyG6GSA=="
"2026-09-17T07:39:46.3345Z",moneybolt,playSWEEPSWinZone,ps,web,gold,regular,"3000.0","0.0",lose,"w89EeOxhWPglZpydN8cy1g=="
"2026-09-18T07:45:59.2727Z",moneybolt,playSWEEPSWinZone,ps,app,sweep,regular,"0.2","0.0",lose,"nWolbhIns/wMPu5A5VfhJA=="
"2026-09-18T07:45:56.0328Z",moneybolt,playSWEEPSWinZone,ps,app,sweep,regular,"0.2","0.0",lose,"3frxIKnDTZpWZ2+XfUrxqg=="
"2026-09-18T07:45:37.8024Z",moneybolt,playSWEEPSWinZone,ps,app,sweep,regular,"0.2","0.64",win,"w0eu41fLUpSY/WoA222rpw=="
"2026-09-18T07:45:34.7621Z",moneybolt,playSWEEPSWinZone,ps,app,sweep,regular,"0.2","0.0",lose,"a2rAFQpSnCozX2lDmhwYZQ=="
"2026-09-18T07:45:31.5014Z",moneybolt,playSWEEPSWinZone,ps,app,sweep,regular,"0.2","0.0",lose,"JlpDsmr++K7JbdsWqfT26A=="
"2026-09-18T07:43:02.7970Z",moneybolt,playSWEEPSWinZone,ps,app,sweep,regular,"0.2","0.0",lose,"5edg2oMKQo3Y2b9Gw5nvNQ=="
"2026-09-18T07:42:59.7299Z",moneybolt,playSWEEPSWinZone,ps,app,sweep,regular,"0.2","0.0",lose,"4SLLRflwUJU0vHB3FryHPg=="
"2026-09-18T07:42:56.8873Z",moneybolt,playSWEEPSWinZone,ps,app,sweep,regular,"0.2","0.0",lose,"ZvBJZW6LBRokaeRsYiDrkg=="
"2026-09-18T07:42:32.7863Z",moneybolt,playSWEEPSWinZone,ps,app,sweep,regular,"0.2","0.02",win,"YL7DhIqln85Q4KqSlsL3yg=="
"2026-09-18T07:40:18.8657Z",moneybolt,playSWEEPSWinZone,ps,app,sweep,regular,"0.2","0.0",lose,"nR9AlKLdPSqNGkSSw/5QSg=="
"2026-09-18T07:40:12.2326Z",moneybolt,playSWEEPSWinZone,ps,app,sweep,regular,"0.2","0.0",lose,"V+7zimM3Arhzm6vilHx2sw=="
"2026-09-18T07:37:07.6324Z",moneybolt,playSWEEPSWinZone,ps,app,sweep,regular,"0.2","0.04",win,"pS74ODX4irHTmdNHqku/fg=="
"2026-09-18T07:53:33.0282Z",moneybolt,playSWEEPSWinZone,ps,app,sweep,regular,"0.2","0.0",lose,"rfT5yiB7pa8jBKZzUa65cg=="
"2026-09-18T07:50:24.7550Z",moneybolt,playSWEEPSWinZone,ps,app,sweep,regular,"0.2","0.0",lose,"dzDTrxt9gd3ujjExmlqOyw=="
"2026-09-18T07:50:21.7197Z",moneybolt,playSWEEPSWinZone,ps,app,sweep,regular,"0.2","0.0",lose,"xsdEF1l8SZssXL4lhmsmSw=="
"2026-09-18T07:46:57.1068Z",moneybolt,playSWEEPSWinZone,ps,app,sweep,regular,"0.2","0.0",lose,"HX3yKK+472R1WrpINKTXvA=="
"2026-09-18T07:46:47.9333Z",moneybolt,playSWEEPSWinZone,ps,app,sweep,regular,"0.2","0.0",lose,"lvGAgEj06B6NoIUnflYNtA=="
"2026-09-18T07:46:39.8571Z",moneybolt,playSWEEPSWinZone,ps,app,sweep,regular,"0.2","0.1",win,"VV5ge2er/K/BJoWBuaUbEA=="
"2026-09-18T07:46:34.7625Z",moneybolt,playSWEEPSWinZone,ps,app,sweep,regular,"0.2","0.04",win,"VWZsOSQiO3seKf0yJoHuJg=="
"2026-09-18T07:46:17.9189Z",moneybolt,playSWEEPSWinZone,ps,app,sweep,regular,"0.2","0.0",lose,"16wz0qV5sKrPSieSU2B7Jw=="
"2026-09-18T07:46:11.7741Z",moneybolt,playSWEEPSWinZone,ps,app,sweep,regular,"0.2","0.0",lose,"o8B99N/brcrPGdhFKcW16Q=="
"2026-09-18T07:46:08.8111Z",moneybolt,playSWEEPSWinZone,ps,app,sweep,regular,"0.2","0.0",lose,"QN2SsTd3sZjKBrIb5oc/rQ=="
"2026-09-18T07:46:05.3765Z",moneybolt,playSWEEPSWinZone,ps,app,sweep,regular,"0.2","0.0",lose,"/YKlsXFBfvirAQmSb2DpIg=="
"2026-09-18T07:48:41.4038Z",moneybolt,playSWEEPSWinZone,ps,app,sweep,regular,"0.2","0.4",win,"pG1WLxSjppOiLKR/r3VrFw=="
"2026-09-18T07:48:25.1359Z",moneybolt,playSWEEPSWinZone,ps,app,sweep,regular,"0.2","0.0",lose,"IhbKhwBEoE7e66Qx+Dg5dQ=="
"2026-09-18T07:48:22.1858Z",moneybolt,playSWEEPSWinZone,ps,app,sweep,regular,"0.2","0.0",lose,"0O6pa6ppvJcnwiU6tHJ7ng=="
"2026-09-18T07:48:19.1134Z",moneybolt,playSWEEPSWinZone,ps,app,sweep,regular,"0.2","0.0",lose,"qMQKjaprN3TdSDgoH/QG4w=="
"2026-09-18T07:48:10.8682Z",moneybolt,playSWEEPSWinZone,ps,app,sweep,regular,"0.2","0.0",lose,"Hs+cDblxyifDsCeJR0WSpw=="
"2026-09-18T07:48:07.8362Z",moneybolt,playSWEEPSWinZone,ps,app,sweep,regular,"0.2","0.0",lose,"r8TAAQOmeR4hLXBVuUnntg=="
"2026-09-18T07:47:47.2473Z",moneybolt,playSWEEPSWinZone,ps,app,sweep,regular,"0.2","0.0",lose,"YasKQMynKSexCWOr5mRBeg=="
"2026-09-18T07:47:43.5109Z",moneybolt,playSWEEPSWinZone,ps,app,sweep,regular,"0.2","0.0",lose,"XCXVrbltbR8ObzaTHaiSoA=="
"2026-09-18T07:47:40.5001Z",moneybolt,playSWEEPSWinZone,ps,app,sweep,regular,"0.2","0.0",lose,"E8xMYUIzf95Vy7ylBvgqsA=="
"2026-09-18T07:47:37.5539Z",moneybolt,playSWEEPSWinZone,ps,app,sweep,regular,"0.2","0.0",lose,"l7l/GmnNp9JwkCW2XjIaaQ=="
"2026-09-18T07:53:53.2892Z",moneybolt,playSWEEPSWinZone,ps,app,sweep,regular,"0.2","0.0",lose,"IsbU51vFBf/EKBA2JQU4pQ=="
"2026-09-18T07:53:50.3735Z",moneybolt,playSWEEPSWinZone,ps,app,sweep,regular,"0.2","0.0",lose,"EMnLEh8Ey/SxzKL+DyY5ng=="
"2026-09-18T07:53:41.1302Z",moneybolt,playSWEEPSWinZone,ps,app,sweep,regular,"0.2","0.0",lose,"DPKJKgRINXr991mul9Ujaw=="
"2026-09-18T07:53:36.0359Z",moneybolt,playSWEEPSWinZone,ps,app,sweep,regular,"0.2","0.02",win,"M+NYVt1/HpcTxFglNE+IDw=="
"2026-09-18T07:50:27.9676Z",moneybolt,playSWEEPSWinZone,ps,app,sweep,regular,"0.2","0.0",lose,"tLHjUs8PHyZDGYBNXhBodA=="
"2026-09-18T07:49:17.0298Z",moneybolt,playSWEEPSWinZone,ps,app,sweep,regular,"0.2","0.0",lose,"IeZ2ehLO3O7LWXLRNSHurw=="
"2026-09-18T07:49:13.6326Z",moneybolt,playSWEEPSWinZone,ps,app,sweep,regular,"0.2","0.0",lose,"g7p99hCW8tbNkBSJZZJDFA=="
"2026-09-18T07:49:10.5492Z",moneybolt,playSWEEPSWinZone,ps,app,sweep,regular,"0.2","0.0",lose,"aePwvEe1Ene+NfvlQP0y7w=="
"2026-09-18T07:49:07.6078Z",moneybolt,playSWEEPSWinZone,ps,app,sweep,regular,"0.2","0.0",lose,"cJ4hJWQxYLXzYLzbLAS9Fw=="
"2026-09-18T07:49:01.3972Z",moneybolt,playSWEEPSWinZone,ps,app,sweep,regular,"0.2","0.0",lose,"f2F2FQukbY7ShXnGPXUJSw=="
"2026-09-18T08:09:24.0711Z",cashpig2,playSWEEPSWinZone,"booming_games",app,gold,"free_spin","0.0","2916.0",win,6aacf1b2664629d3eae4ab0d
"2026-09-18T08:09:10.0812Z",cashpig2,playSWEEPSWinZone,"booming_games",app,gold,"free_spin","0.0","0.0",lose,6aacf1a5664629d3eae481c6
"2026-09-18T08:09:06.0045Z",cashpig2,playSWEEPSWinZone,"booming_games",app,gold,"free_spin","0.0","0.0",lose,6aacf1a1664629d3eae476c2
"2026-09-18T08:09:00.0905Z",cashpig2,playSWEEPSWinZone,"booming_games",app,gold,"free_spin","0.0","0.0",lose,6aacf19b664629d3eae46483
"2026-09-18T08:08:56.0311Z",cashpig2,playSWEEPSWinZone,"booming_games",app,gold,"free_spin","0.0","0.0",lose,6aacf196664629d3eae4584b
"2026-09-18T08:08:52.7191Z",cashpig2,playSWEEPSWinZone,"booming_games",app,gold,"free_spin","0.0","0.0",lose,6aacf192664629d3eae44ce2
"2026-09-18T08:08:48.8957Z",cashpig2,playSWEEPSWinZone,"booming_games",app,gold,"free_spin","0.0","0.0",lose,6aacf190664629d3eae444c8
"2026-09-18T08:03:09.0583Z","bananatown_94",playSWEEPSWinZone,rgs,app,gold,regular,"1000.0","1000.0",win,10035555289
"2026-09-18T08:00:32.7179Z",moneybolt,playSWEEPSWinZone,ps,app,sweep,regular,"0.2","0.06",win,"Bu63G3vjKUajY04QVoJYyA=="
"2026-09-18T08:00:09.3630Z",moneybolt,playSWEEPSWinZone,ps,app,sweep,"free_spin","0.0","8.88",win,"EdtZyZGrO86b2Ee9yVJsDw=="
"2026-09-18T07:48:33.5199Z",moneybolt,playSWEEPSWinZone,ps,app,sweep,regular,"0.2","0.1",win,"/xpt37k+NS0O7hDeBPfggg=="
"2026-09-18T07:48:28.3886Z",moneybolt,playSWEEPSWinZone,ps,app,sweep,regular,"0.2","0.02",win,"eRge2MrRoVAe/emtaUWaRg=="
"2026-09-18T07:45:18.1509Z",moneybolt,playSWEEPSWinZone,ps,app,sweep,regular,"0.2","0.0",lose,"ndgtK7ee+aeQRYix/m6qIw=="
"2026-09-18T07:45:14.4768Z",moneybolt,playSWEEPSWinZone,ps,app,sweep,regular,"0.2","0.0",lose,"DtWdRuprdQikdpKT+kTrGg=="
"2026-09-18T07:44:54.2664Z",moneybolt,playSWEEPSWinZone,ps,app,sweep,regular,"0.2","0.0",lose,"+GL8sD7TTnmMM/W388RdGQ=="
"2026-09-18T07:44:41.2474Z",moneybolt,playSWEEPSWinZone,ps,app,sweep,regular,"0.2","0.0",lose,"vV6/mMrnUeIka2BsyMKB1Q=="
"2026-09-18T07:44:18.6875Z",moneybolt,playSWEEPSWinZone,ps,app,sweep,regular,"0.2","0.0",lose,"ezPg4eG6p7KJyHdsNkrxBw=="
"2026-09-18T07:44:11.9394Z",moneybolt,playSWEEPSWinZone,ps,app,sweep,regular,"0.2","0.0",lose,"cPk8xUweTLMc9ByFwwRMIA=="
"2026-09-18T07:44:08.4578Z",moneybolt,playSWEEPSWinZone,ps,app,sweep,regular,"0.2","0.0",lose,"63COCWoinoUa7xpReGIt8Q=="
"2026-09-18T07:44:05.4255Z",moneybolt,playSWEEPSWinZone,ps,app,sweep,regular,"0.2","0.0",lose,"CHO44vWoYzCoMQltHEarbw=="
"2026-09-18T07:43:56.5198Z",moneybolt,playSWEEPSWinZone,ps,app,sweep,regular,"0.2","0.0",lose,"x9uFw+oLCKTsw0xkeaqbtw=="
"2026-09-18T07:43:50.4855Z",moneybolt,playSWEEPSWinZone,ps,app,sweep,regular,"0.2","0.0",lose,"bk5xRlVxPbH9ONEpq//tuQ=="
"2026-09-18T07:43:47.4707Z",moneybolt,playSWEEPSWinZone,ps,app,sweep,regular,"0.2","0.0",lose,"3uAiSUW/VHO9lWoTJOCWqg=="
"2026-09-18T07:43:41.6398Z",moneybolt,playSWEEPSWinZone,ps,app,sweep,regular,"0.2","0.02",win,"yhMcbAAWkdyB8rxEWxCyeg=="
"2026-09-18T07:43:32.4454Z",moneybolt,playSWEEPSWinZone,ps,app,sweep,regular,"0.2","0.0",lose,"k21FanAeZAcx9H+uU7N/NQ=="
"2026-09-18T07:43:28.9864Z",moneybolt,playSWEEPSWinZone,ps,app,sweep,regular,"0.2","0.0",lose,"x7oScKlKzWB3N1nu8/ZK6g=="
"2026-09-18T07:43:25.7594Z",moneybolt,playSWEEPSWinZone,ps,app,sweep,regular,"0.2","0.0",lose,"lvsLGYesJXyiWewkVzbCqg=="
"2026-09-18T07:43:22.6470Z",moneybolt,playSWEEPSWinZone,ps,app,sweep,regular,"0.2","0.0",lose,"jynYzBE7esbNWfgpSObOeQ=="
"2026-09-18T07:38:16.9420Z",moneybolt,playSWEEPSWinZone,ps,app,sweep,regular,"0.2","0.0",lose,"pWvg64/1wBkp0NazG6LYOA=="
"2026-09-18T07:38:13.7895Z",moneybolt,playSWEEPSWinZone,ps,app,sweep,regular,"0.2","0.0",lose,"0X0ZccSeVuA1gJtNFr5HTg=="
"2026-09-18T07:38:10.8065Z",moneybolt,playSWEEPSWinZone,ps,app,sweep,regular,"0.2","0.0",lose,"+eN7dm2FwVD9QTSO9rp76g=="
"2026-09-18T07:37:18.6707Z",moneybolt,playSWEEPSWinZone,ps,app,sweep,regular,"0.2","0.0",lose,"QJ0aLY4hAbPMs3YGyw9tsQ=="
"2026-09-18T07:49:40.3030Z",moneybolt,playSWEEPSWinZone,ps,app,sweep,regular,"0.2","0.0",lose,"M0zOATLARV3wqRG2nagSYQ=="
"2026-09-18T07:49:37.3879Z",moneybolt,playSWEEPSWinZone,ps,app,sweep,regular,"0.2","0.0",lose,"Ie4W3derYBh04+mqOy4rGA=="
"2026-09-18T07:49:29.1541Z",moneybolt,playSWEEPSWinZone,ps,app,sweep,regular,"0.2","0.0",lose,"d9x6zdp7PDAaZFJUB5zKpA=="
"2026-09-18T07:50:18.6323Z",moneybolt,playSWEEPSWinZone,ps,app,sweep,regular,"0.2","0.0",lose,"ECJ5k4hlzM15RJRujeNkHw=="
"2026-09-18T07:50:12.2114Z",moneybolt,playSWEEPSWinZone,ps,app,sweep,regular,"0.2","0.0",lose,"Bx7937g8oHcX6pfuwsb20g=="
"2026-09-18T07:49:58.6116Z",moneybolt,playSWEEPSWinZone,ps,app,sweep,regular,"0.2","0.0",lose,"rpHZw+7qcVDekYtf4r12YA=="
"2026-09-18T07:49:55.4880Z",moneybolt,playSWEEPSWinZone,ps,app,sweep,regular,"0.2","0.0",lose,"8vkNrXz4rhbKlM608nvSPQ=="
"2026-09-18T07:49:52.3720Z",moneybolt,playSWEEPSWinZone,ps,app,sweep,regular,"0.2","0.0",lose,"z0KJ/YWj68w8Frm/7+Ba5Q=="
"2026-09-18T07:49:46.9228Z",moneybolt,playSWEEPSWinZone,ps,app,sweep,regular,"0.2","0.04",win,"dduNAubx9k7ynbZBIr+LXg=="
"2026-09-18T07:49:43.5129Z",moneybolt,playSWEEPSWinZone,ps,app,sweep,regular,"0.2","0.0",lose,"pbMPx8mteypZNS1yTaW0sg=="
"2026-09-18T07:49:32.2445Z",moneybolt,playSWEEPSWinZone,ps,app,sweep,regular,"0.2","0.12",win,"M8rcTz/wkQeSkujyKHWkbA=="
"2026-09-18T07:49:26.0672Z",moneybolt,playSWEEPSWinZone,ps,app,sweep,regular,"0.2","0.0",lose,"TVJS/G/97tpYk/q4P23YUw=="
"2026-09-18T07:49:23.1520Z",moneybolt,playSWEEPSWinZone,ps,app,sweep,regular,"0.2","0.0",lose,"9WtPvYGJbW9kEq4MmirVLQ=="
"2026-09-18T07:49:20.2699Z",moneybolt,playSWEEPSWinZone,ps,app,sweep,regular,"0.2","0.0",lose,"MRfsDeJfAo+5ZQaxY0H7pw=="
"2026-09-18T07:49:04.3746Z",moneybolt,playSWEEPSWinZone,ps,app,sweep,regular,"0.2","0.0",lose,"waSO5GRUOqIBNm6Pe1Es8g=="
"2026-09-18T07:48:58.3748Z",moneybolt,playSWEEPSWinZone,ps,app,sweep,regular,"0.2","0.0",lose,"SHqhkyWpvOZ61ud1ZNVnyw=="
"2026-09-18T07:48:55.4257Z",moneybolt,playSWEEPSWinZone,ps,app,sweep,regular,"0.2","0.0",lose,"lurxxFCa4kJxRe1wCd0Yzg=="
"2026-09-18T07:48:52.3451Z",moneybolt,playSWEEPSWinZone,ps,app,sweep,regular,"0.2","0.0",lose,"p9PoObKeMsAscFOURGiT7Q=="
"2026-09-18T07:48:49.3620Z",moneybolt,playSWEEPSWinZone,ps,app,sweep,regular,"0.2","0.0",lose,"qKPCqOp3ZS0M5C91fU4/4A=="
"2026-09-18T07:48:46.4567Z",moneybolt,playSWEEPSWinZone,ps,app,sweep,regular,"0.2","0.0",lose,"/KbDTl1Dyx9po4MeQ5fPCg=="
"2026-09-18T07:48:38.5128Z",moneybolt,playSWEEPSWinZone,ps,app,sweep,regular,"0.2","0.0",lose,"KUeUl9O9NnVLnuBJwtTBhQ=="
"2026-09-18T07:57:08.0893Z",moneybolt,playSWEEPSWinZone,ps,app,sweep,regular,"0.2","0.1",win,"BhBhco64EAxRJZMDJeUJQA=="
"2026-09-18T07:57:00.1025Z",moneybolt,playSWEEPSWinZone,ps,app,sweep,regular,"0.2","0.0",lose,"qxOanaqwtbEjW/sd17rnEw=="
"2026-09-18T07:56:57.2517Z",moneybolt,playSWEEPSWinZone,ps,app,sweep,regular,"0.2","0.0",lose,"PNaH3k0iQgmRfTO5wu5iXg=="
"2026-09-18T07:56:49.5255Z",moneybolt,playSWEEPSWinZone,ps,app,sweep,regular,"0.2","0.02",win,"49WzhiTAzChxzSlQgf9zKw=="
"2026-09-18T07:56:46.2788Z",moneybolt,playSWEEPSWinZone,ps,app,sweep,regular,"0.2","0.0",lose,"Q/F3Dwbv0oTgMKm7MoYE2g=="
"2026-09-18T07:56:36.6661Z",moneybolt,playSWEEPSWinZone,ps,app,sweep,regular,"0.2","0.0",lose,"o7CqW2gsR83a0qTgikG2gw=="
"2026-09-18T07:57:02.9553Z",moneybolt,playSWEEPSWinZone,ps,app,sweep,regular,"0.2","0.9",win,"56ECy4sosjWgRnNhgMqppA=="
"2026-09-18T07:56:54.5318Z",moneybolt,playSWEEPSWinZone,ps,app,sweep,regular,"0.2","0.0",lose,"RNhKkTbihxaU0TVVSgftFg=="
"2026-09-18T07:56:43.0269Z",moneybolt,playSWEEPSWinZone,ps,app,sweep,regular,"0.2","0.0",lose,"Ay3WAt0sKB0QVGsv7lQIFA=="
"2026-09-18T07:56:39.5764Z",moneybolt,playSWEEPSWinZone,ps,app,sweep,regular,"0.2","0.0",lose,"GQxStHT6ubFM1qKg6/K+yg=="
"2026-09-18T07:56:32.9074Z",moneybolt,playSWEEPSWinZone,ps,app,sweep,regular,"0.2","0.0",lose,"jUJN+HfdqdhXSbOqaJyP1g=="
"2026-09-18T07:56:27.7633Z",moneybolt,playSWEEPSWinZone,ps,app,sweep,regular,"0.2","0.4",win,"WSZ77h/BUW642rkaYoIKDQ=="
"2026-09-18T07:56:21.6665Z",moneybolt,playSWEEPSWinZone,ps,app,sweep,regular,"0.2","0.0",lose,"wHqELxvisUtZ9ezkwbOylQ=="
"2026-09-18T07:56:18.3978Z",moneybolt,playSWEEPSWinZone,ps,app,sweep,regular,"0.2","0.0",lose,"zkQq/7HSzkznD+r4dgzKuQ=="
"2026-09-18T07:56:15.0774Z",moneybolt,playSWEEPSWinZone,ps,app,sweep,regular,"0.2","0.0",lose,"Tf0WEHUswmj402d16ByY1Q=="
"2026-09-18T07:56:08.9854Z",moneybolt,playSWEEPSWinZone,ps,app,sweep,regular,"0.2","0.0",lose,"2K9tkWnEwgUSqJB2AKJegA=="
"2026-09-18T07:55:51.7897Z",moneybolt,playSWEEPSWinZone,ps,app,sweep,"free_spin","0.0","7.1",win,"IsbU51vFBf/EKBA2JQU4pQ=="
"2026-09-18T07:50:15.5365Z",moneybolt,playSWEEPSWinZone,ps,app,sweep,regular,"0.2","0.0",lose,"NGw8p24YDtkuCjlxp2JbCQ=="
"2026-09-18T07:50:09.1085Z",moneybolt,playSWEEPSWinZone,ps,app,sweep,regular,"0.2","0.0",lose,"FToXgHQptKulH8+qce63QA=="
"2026-09-18T07:50:06.0584Z",moneybolt,playSWEEPSWinZone,ps,app,sweep,regular,"0.2","0.0",lose,"2EPDYIKJqkOftGJmLFRrLQ=="
"2026-09-18T07:50:02.3665Z",moneybolt,playSWEEPSWinZone,ps,app,sweep,regular,"0.2","0.0",lose,"6geEps3WMulnikMDLx8XPQ=="
"2026-09-18T08:01:53.5407Z",moneybolt,playSWEEPSWinZone,ps,app,sweep,regular,"0.2","0.0",lose,"PQ2c7Ig8GSec5pGkvnvpnQ=="
"2026-09-18T08:01:44.5297Z",moneybolt,playSWEEPSWinZone,ps,app,sweep,regular,"0.2","1.24",win,"ELdMeF+F2lfn8ykvQ4ZvFg=="
"2026-09-18T08:01:35.5875Z",moneybolt,playSWEEPSWinZone,ps,app,sweep,regular,"0.2","0.0",lose,"vmN5PeusL31328wlKIX6DA=="
"2026-09-18T08:01:26.6350Z",moneybolt,playSWEEPSWinZone,ps,app,sweep,regular,"0.2","0.0",lose,"R8Mexces6ZOgBMUz6hMw2Q=="
"2026-09-18T08:01:20.8974Z",moneybolt,playSWEEPSWinZone,ps,app,sweep,regular,"0.2","0.0",lose,"mLpiEokLr00O7qudVf2Kmg=="
"2026-09-18T08:01:08.8102Z",moneybolt,playSWEEPSWinZone,ps,app,sweep,regular,"0.2","0.0",lose,"0xWdhtLLngwtQfXNqU331g=="
"2026-09-18T08:01:02.8819Z",moneybolt,playSWEEPSWinZone,ps,app,sweep,regular,"0.2","0.0",lose,"brj+q8RhzjT3BhbM83cnmw=="
"2026-09-18T08:00:59.8279Z",moneybolt,playSWEEPSWinZone,ps,app,sweep,regular,"0.2","0.0",lose,"TBFml8baHoRLu3xp+J/ZRg=="
"2026-09-18T08:00:53.6405Z",moneybolt,playSWEEPSWinZone,ps,app,sweep,regular,"0.2","0.0",lose,"pQJvRQN96hzXxTPtcxBrsA=="
"2026-09-18T08:00:29.1212Z",moneybolt,playSWEEPSWinZone,ps,app,sweep,regular,"0.2","0.0",lose,"uIyDKntCidejXB7Xo3TIgA=="
"2026-09-18T08:00:25.8172Z",moneybolt,playSWEEPSWinZone,ps,app,sweep,regular,"0.2","0.0",lose,"ht2pOgQv6KfCR7qLP2K6fw=="
"2026-09-18T07:57:50.5327Z",moneybolt,playSWEEPSWinZone,ps,app,sweep,regular,"0.2","0.0",lose,"XyZxtuLQ2dRBuaEglsJIwA=="
"2026-09-18T07:57:43.9699Z",moneybolt,playSWEEPSWinZone,ps,app,sweep,regular,"0.2","0.0",lose,"pnsJp/mvOdlkjKkVbPMbJg=="
"2026-09-18T07:57:40.8484Z",moneybolt,playSWEEPSWinZone,ps,app,sweep,regular,"0.2","0.0",lose,"hnov94Mvlp3DEhO9RPDk9Q=="
"2026-09-18T07:57:31.8058Z",moneybolt,playSWEEPSWinZone,ps,app,sweep,regular,"0.2","0.02",win,"uFMNtpvDavVy1NRQwavwVA=="
"2026-09-18T07:57:26.4381Z",moneybolt,playSWEEPSWinZone,ps,app,sweep,regular,"0.2","0.04",win,"Pg+S8zWSTdETHoGaHiVEIw=="
"2026-09-18T07:57:23.1663Z",moneybolt,playSWEEPSWinZone,ps,app,sweep,regular,"0.2","0.0",lose,"YfEERewPkQ0bJONnv0mvPw=="
"2026-09-18T07:57:18.0707Z",moneybolt,playSWEEPSWinZone,ps,app,sweep,regular,"0.2","0.02",win,"FRsC9vWYuJ9B3co3qVPDAQ=="
"2026-09-18T07:57:14.9575Z",moneybolt,playSWEEPSWinZone,ps,app,sweep,regular,"0.2","0.0",lose,"PFONRKJurdyFgCGHmVZ5sg=="
"2026-09-17T05:19:26.3305Z",moneybolt,playSWEEPSWinZone,ps,web,gold,regular,"3000.0","0.0",lose,"6/XZajCjuMuxZLc6RO4OpQ=="
"2026-09-17T05:19:11.6678Z",moneybolt,playSWEEPSWinZone,ps,web,gold,regular,"3000.0","0.0",lose,"MGq/Q8O3Ot3i9+GiVucj8Q=="
"2026-09-17T05:19:05.4457Z",moneybolt,playSWEEPSWinZone,ps,web,gold,regular,"3000.0","0.0",lose,"lJjVP+kw3tZpHbBL99Ixvw=="
"2026-09-17T05:19:02.4777Z",moneybolt,playSWEEPSWinZone,ps,web,gold,regular,"3000.0","0.0",lose,"25eOcs1btT+gU1eNeUYCzg=="
"2026-09-17T05:18:39.7317Z",moneybolt,playSWEEPSWinZone,ps,web,gold,"free_spin","0.0","88500.0",win,"hVoHH1+1YRAEp4G5n4+RKg=="
"2026-09-17T05:17:22.7939Z",moneybolt,playSWEEPSWinZone,ps,web,gold,regular,"3000.0","600.0",win,"R3TkOYVjbL8p3YcTqieEyA=="
"2026-09-17T05:17:17.3633Z",moneybolt,playSWEEPSWinZone,ps,web,gold,regular,"3000.0","600.0",win,"K8uiMQJ+vFSkLOwuKuWKQQ=="
"2026-09-17T05:17:14.2174Z",moneybolt,playSWEEPSWinZone,ps,web,gold,regular,"3000.0","0.0",lose,"WJPCEfgqmurvVF+AwQlKeg=="
"2026-09-17T05:17:11.1755Z",moneybolt,playSWEEPSWinZone,ps,web,gold,regular,"3000.0","0.0",lose,"5afFpaNz5bupOAAiq1Qs+A=="
"2026-09-17T05:17:08.4075Z",moneybolt,playSWEEPSWinZone,ps,web,gold,regular,"3000.0","0.0",lose,"tiMOzQmTnqwTjr5/QWZVSw=="
"2026-09-17T05:17:04.8537Z",moneybolt,playSWEEPSWinZone,ps,web,gold,regular,"3000.0","0.0",lose,"oF7aAQ1vQnHkBbnh1H86wg=="
"2026-09-17T05:16:58.3893Z",moneybolt,playSWEEPSWinZone,ps,web,gold,regular,"3000.0","0.0",lose,"mqU9clXoxklZogtabp9hjQ=="
"2026-09-17T05:14:28.1045Z",moneybolt,playSWEEPSWinZone,ps,web,gold,regular,"3000.0","3300.0",win,"CD0UWC/Ee4qYuEQ1ul9UOA=="
"2026-09-17T05:14:24.7709Z",moneybolt,playSWEEPSWinZone,ps,web,gold,regular,"3000.0","0.0",lose,"RzfjCkYb3gD33T+wtjelJg=="
"2026-09-17T05:14:18.5514Z",moneybolt,playSWEEPSWinZone,ps,web,gold,regular,"3000.0","0.0",lose,"WL8Bel+UpdN829o/a7VVcw=="
"2026-09-17T05:14:10.2256Z",moneybolt,playSWEEPSWinZone,ps,web,gold,regular,"3000.0","0.0",lose,"XzIiiLOdjqfYu0bMJOhfdg=="
"2026-09-17T05:14:06.7828Z",moneybolt,playSWEEPSWinZone,ps,web,gold,regular,"3000.0","0.0",lose,"cdLaqmALJbG+vMxxgjlvLw=="
"2026-09-17T05:13:55.1867Z",moneybolt,playSWEEPSWinZone,ps,web,gold,regular,"3000.0","300.0",win,"8GBm6JL7QHMsDv+CRwCYig=="
"2026-09-17T05:13:50.0409Z",moneybolt,playSWEEPSWinZone,ps,web,gold,regular,"3000.0","300.0",win,"StyLbk/K07oJTopk5BkoyQ=="
"2026-09-17T05:13:46.8402Z",moneybolt,playSWEEPSWinZone,ps,web,gold,regular,"3000.0","0.0",lose,"daWSiVSQuM0kHysqnqYr5A=="
"2026-09-17T05:13:43.2327Z",moneybolt,playSWEEPSWinZone,ps,web,gold,regular,"3000.0","0.0",lose,"1u33DP63H6jvBMZBZKuEOw=="
"2026-09-17T04:58:22.5294Z",moneybolt,playSWEEPSWinZone,ps,web,gold,regular,"3000.0","0.0",lose,"BNmlbZ6pgliFftRiXaEnmg=="
"2026-09-17T04:58:19.2201Z",moneybolt,playSWEEPSWinZone,ps,web,gold,regular,"3000.0","0.0",lose,"n7GYylHv0KBeY9n0daZBTg=="
"2026-09-17T04:58:15.8028Z",moneybolt,playSWEEPSWinZone,ps,web,gold,regular,"3000.0","0.0",lose,"D/tdH03fFZsMA0feL4XZIw=="
"2026-09-17T04:57:59.2368Z",moneybolt,playSWEEPSWinZone,ps,web,gold,regular,"3000.0","3000.0",win,"LIH9jxmUiUIEvNoR/sNlVw=="
"2026-09-17T04:57:53.5667Z",moneybolt,playSWEEPSWinZone,ps,web,gold,regular,"3000.0","3600.0",win,"sNsNRMfssyNsc2ZzSQ50yQ=="
"2026-09-17T04:57:50.6350Z",moneybolt,playSWEEPSWinZone,ps,web,gold,regular,"3000.0","0.0",lose,"mL76qwmnmqUbTKEJp6khSQ=="
"2026-09-17T04:57:44.3868Z",moneybolt,playSWEEPSWinZone,ps,web,gold,regular,"3000.0","0.0",lose,"goC4VzeH/805xogwEAukZA=="
"2026-09-17T04:57:38.6178Z",moneybolt,playSWEEPSWinZone,ps,web,gold,regular,"3000.0","0.0",lose,"gMiMYXTqO7/+rzg0vTbCtg=="
"2026-09-17T04:57:35.6322Z",moneybolt,playSWEEPSWinZone,ps,web,gold,regular,"3000.0","0.0",lose,"oa96rnYaCedwacyPKqZlpA=="
"2026-09-17T04:57:26.5240Z",moneybolt,playSWEEPSWinZone,ps,web,gold,regular,"3000.0","0.0",lose,"zlGf3o3n+eDUHVR08yqxxw=="
"2026-09-17T04:57:23.5866Z",moneybolt,playSWEEPSWinZone,ps,web,gold,regular,"3000.0","0.0",lose,"pI4GLpfu4GjYb+qLxJI+3w=="
"2026-09-17T04:57:17.9560Z",moneybolt,playSWEEPSWinZone,ps,web,gold,regular,"3000.0","0.0",lose,"ZtZtf4CGhkTDS0fnIXKjfQ=="
"2026-09-17T04:56:50.9745Z",moneybolt,playSWEEPSWinZone,ps,web,gold,regular,"3000.0","0.0",lose,"xIof7ig6oQDOZ3FWF5fBvQ=="
"2026-09-17T04:56:47.9514Z",moneybolt,playSWEEPSWinZone,ps,web,gold,regular,"3000.0","0.0",lose,"pxA5l/WOKv6AlAGKqC6h0w=="
"2026-09-17T04:56:44.3708Z",moneybolt,playSWEEPSWinZone,ps,web,gold,regular,"3000.0","0.0",lose,"XH2uGc5BmUZvWA+hHmxRtw=="
"2026-09-17T04:56:40.6724Z",moneybolt,playSWEEPSWinZone,ps,web,gold,regular,"3000.0","0.0",lose,"2ckeu+kHr6AHb4SPOnUJkg=="
"2026-09-17T04:56:37.7690Z",moneybolt,playSWEEPSWinZone,ps,web,gold,regular,"3000.0","0.0",lose,"xmfooiIVNBXd9pC3ZXAhaQ=="
"2026-09-17T04:56:34.7577Z",moneybolt,playSWEEPSWinZone,ps,web,gold,regular,"3000.0","0.0",lose,"6i6Ns0wWBHLFxu6dSUIJmQ=="
"2026-09-17T04:56:31.7572Z",moneybolt,playSWEEPSWinZone,ps,web,gold,regular,"3000.0","0.0",lose,"N7jsCEUyxJxUNHlFUObrow=="
"2026-09-17T04:55:02.7133Z",moneybolt,playSWEEPSWinZone,ps,web,gold,regular,"3000.0","0.0",lose,"WxTIAU35xnsHCB+rlohe6A=="
"2026-09-17T04:54:59.5289Z",moneybolt,playSWEEPSWinZone,ps,web,gold,regular,"3000.0","0.0",lose,"8dk1Y5ury034RrJswY6YgQ=="
"2026-09-17T04:54:49.6137Z",moneybolt,playSWEEPSWinZone,ps,web,gold,regular,"3000.0","300.0",win,"pdNa/QtQ6zvmkK+ZPrs5aw=="
"2026-09-17T04:54:40.4403Z",moneybolt,playSWEEPSWinZone,ps,web,gold,regular,"3000.0","0.0",lose,"+BKTWAmhFVddC8zze/D9Ig=="
"2026-09-17T04:54:35.1622Z",moneybolt,playSWEEPSWinZone,ps,web,gold,regular,"3000.0","900.0",win,"lb5OOCma0VA74FHNHFQaAw=="
"2026-09-17T04:44:59.8605Z",moneybolt,playSWEEPSWinZone,ps,web,gold,regular,"3000.0","300.0",win,"zrcRxo5LxS5ZaXljLhI4gA=="
"2026-09-17T04:44:42.6872Z",moneybolt,playSWEEPSWinZone,ps,web,gold,regular,"3000.0","1500.0",win,"OqW+DclCatFCIh2HqQ/H1Q=="
"2026-09-17T04:44:34.4383Z",moneybolt,playSWEEPSWinZone,ps,web,gold,regular,"3000.0","0.0",lose,"EjeNA9xa6svPxQAtQaiKmw=="
"2026-09-17T04:36:25.8200Z",moneybolt,playSWEEPSWinZone,ps,web,gold,regular,"3000.0","0.0",lose,"yVHhhNX/euTxNTye1DSvPg=="
"2026-09-17T04:36:19.3685Z",moneybolt,playSWEEPSWinZone,ps,web,gold,regular,"3000.0","0.0",lose,"NaLcLiVATjhze7h49bAMAQ=="
"2026-09-17T04:36:12.4858Z",moneybolt,playSWEEPSWinZone,ps,web,gold,regular,"3000.0","0.0",lose,"4rUiA1uhtwJhmw8d+JlvuA=="
"2026-09-17T04:36:05.5142Z",moneybolt,playSWEEPSWinZone,ps,web,gold,regular,"3000.0","0.0",lose,"2Dzuh40iALGzRUHj3eOTww=="
"2026-09-17T04:36:02.5787Z",moneybolt,playSWEEPSWinZone,ps,web,gold,regular,"3000.0","0.0",lose,"Gip86LLItN1LwCroptBUXQ=="
"2026-09-17T04:35:58.7093Z",moneybolt,playSWEEPSWinZone,ps,web,gold,regular,"3000.0","0.0",lose,"Z9sOBBqJXtacsIGbvCyCQQ=="
"2026-09-17T04:35:50.2309Z",moneybolt,playSWEEPSWinZone,ps,web,gold,regular,"3000.0","0.0",lose,"YMvRYeCJmMxUDnFozcijWQ=="
"2026-09-17T04:35:47.5569Z",moneybolt,playSWEEPSWinZone,ps,web,gold,regular,"3000.0","0.0",lose,"OsEQ1GbuFwH71qSCx4Lppg=="
"2026-09-17T04:35:32.7457Z",moneybolt,playSWEEPSWinZone,ps,web,gold,regular,"3000.0","0.0",lose,"l+N+3YFICRPltab2ZCn4cQ=="
"2026-09-17T04:35:29.8562Z",moneybolt,playSWEEPSWinZone,ps,web,gold,regular,"3000.0","0.0",lose,"phiSlbs/mYKNwnsIp+SSTw=="
"2026-09-17T04:35:26.7954Z",moneybolt,playSWEEPSWinZone,ps,web,gold,regular,"3000.0","0.0",lose,"HhM23bdKXNF+YVFh7IgLDQ=="
"2026-09-17T04:25:24.0236Z","wildbuccaneerstripletreasure_94",playSWEEPSWinZone,rgs,web,gold,regular,"2000.0","0.0",lose,10031192845
"2026-09-17T04:25:17.3518Z","wildbuccaneerstripletreasure_94",playSWEEPSWinZone,rgs,web,gold,regular,"2000.0","0.0",lose,10031192436
"2026-09-17T04:25:10.3822Z","wildbuccaneerstripletreasure_94",playSWEEPSWinZone,rgs,web,gold,regular,"2000.0","0.0",lose,10031192127
"2026-09-17T04:25:01.1559Z","wildbuccaneerstripletreasure_94",playSWEEPSWinZone,rgs,web,gold,regular,"2000.0","0.0",lose,10031191754
"2026-09-17T04:24:50.7049Z","wildbuccaneerstripletreasure_94",playSWEEPSWinZone,rgs,web,gold,regular,"2000.0","0.0",lose,10031191144
"2026-09-17T04:24:41.6629Z","wildbuccaneerstripletreasure_94",playSWEEPSWinZone,rgs,web,gold,regular,"2000.0","0.0",lose,10031190651
"2026-09-17T04:24:33.0181Z","wildbuccaneerstripletreasure_94",playSWEEPSWinZone,rgs,web,gold,regular,"2000.0","0.0",lose,10031190184
"2026-09-17T04:15:16.0961Z",starburstgalaxy,playSWEEPSWinZone,evolution,web,gold,regular,"3000.0","750.0",win,"d71afcca-a83a-483c-951a-22aa2918d49a"
"2026-09-17T04:15:11.9077Z",starburstgalaxy,playSWEEPSWinZone,evolution,web,gold,regular,"3000.0","0.0",lose,"69fa69d1-378d-4d4f-aa11-dcddc5476740"
"2026-09-17T04:14:46.4645Z",starburstgalaxy,playSWEEPSWinZone,evolution,web,gold,regular,"3000.0","0.0",lose,"d16493f1-6b62-4d19-9bc5-597c259c7f35"
"2026-09-17T04:14:35.0970Z",starburstgalaxy,playSWEEPSWinZone,evolution,web,gold,regular,"3000.0","0.0",lose,"69cdfea7-d7c9-46e7-9897-92532fe8111c"
"2026-09-17T04:14:31.6706Z",starburstgalaxy,playSWEEPSWinZone,evolution,web,gold,regular,"3000.0","0.0",lose,"2e3ad0e5-776e-4a19-a811-e8ef49720e06"
"2026-09-17T04:05:11.8405Z",starburstgalaxy,playSWEEPSWinZone,evolution,web,gold,regular,"3000.0","6750.0",win,"a11f25b8-bf62-4269-95ee-02036c3098f9"
"2026-09-17T04:05:07.3098Z",starburstgalaxy,playSWEEPSWinZone,evolution,web,gold,regular,"3000.0","0.0",lose,"639da2b8-b16f-4460-b1a8-d99a99e8574e"
"2026-09-17T04:05:04.9678Z",starburstgalaxy,playSWEEPSWinZone,evolution,web,gold,regular,"3000.0","750.0",win,"a384a3b2-0857-4248-bb7f-cc056ff6cdec"
"2026-09-17T04:04:58.0854Z",starburstgalaxy,playSWEEPSWinZone,evolution,web,gold,regular,"3000.0","2250.0",win,"bfe0496f-e803-48e5-8da7-de684e49c6b7"
"2026-09-17T04:04:49.2388Z",starburstgalaxy,playSWEEPSWinZone,evolution,web,gold,regular,"3000.0","0.0",lose,"362982fe-2b08-4c79-aa32-32d1b2121fc4"
"2026-09-17T04:04:47.8394Z",starburstgalaxy,playSWEEPSWinZone,evolution,web,gold,regular,"3000.0","0.0",lose,"dae98ab7-c029-4b26-84f2-86c53f2cefe5"
"2026-09-17T04:04:44.5194Z",starburstgalaxy,playSWEEPSWinZone,evolution,web,gold,regular,"3000.0","0.0",lose,"86e611aa-cd9f-4820-bd2b-b39a590d6d33"
"2026-09-17T04:04:34.3638Z",starburstgalaxy,playSWEEPSWinZone,evolution,web,gold,regular,"3000.0","14250.0",win,"16df4ecc-db8a-4a20-b452-65e46550f79d"
"2026-09-17T04:04:15.0257Z",starburstgalaxy,playSWEEPSWinZone,evolution,web,gold,regular,"3000.0","0.0",lose,"721b077f-747f-441b-9089-2f2ac15ce418"
"2026-09-17T04:04:13.7753Z",starburstgalaxy,playSWEEPSWinZone,evolution,web,gold,regular,"3000.0","0.0",lose,"cf3e9e7d-364f-4ee6-85d1-861fa4e794d0"
"2026-09-17T03:52:04.4166Z",sherlock,playSWEEPSWinZone,ps,web,gold,regular,"1000.0","0.0",lose,"hfOFJRXmIVFTj8On9b3TSg=="
"2026-09-17T03:51:57.8335Z",sherlock,playSWEEPSWinZone,ps,web,gold,regular,"1000.0","0.0",lose,"4Mzh4kVSMtoQj0iiuLn3CA=="
"2026-09-17T03:51:54.4409Z",sherlock,playSWEEPSWinZone,ps,web,gold,regular,"1000.0","0.0",lose,"RQTE8A7e53HhGNVZVX8XDA=="
"2026-09-17T03:51:29.3890Z",sherlock,playSWEEPSWinZone,ps,web,gold,regular,"1000.0","1300.0",win,"Z7vCnchEd8oNAsraVS3/sA=="
"2026-09-17T03:51:24.0564Z",sherlock,playSWEEPSWinZone,ps,web,gold,regular,"1000.0","200.0",win,"UZaIXTXxUTWoHvPq988jRA=="
"2026-09-17T03:51:17.9642Z",sherlock,playSWEEPSWinZone,ps,web,gold,regular,"1000.0","0.0",lose,"RyoTGa9jqNolvmovOY5YCA=="
"2026-09-17T03:51:14.6103Z",sherlock,playSWEEPSWinZone,ps,web,gold,regular,"1000.0","0.0",lose,"d//7DNwPozDmmDIuBdu2zQ=="
"2026-09-17T03:40:10.7032Z",sherlock,playSWEEPSWinZone,ps,web,gold,regular,"1000.0","0.0",lose,"Qy5K/4NvfwOW0+LsuYuOCQ=="
"2026-09-17T03:40:06.9996Z",sherlock,playSWEEPSWinZone,ps,web,gold,regular,"1000.0","0.0",lose,"IupeHSj3Iw3vQQCTGQG3Jw=="
"2026-09-17T03:39:55.1651Z",sherlock,playSWEEPSWinZone,ps,web,gold,regular,"1000.0","0.0",lose,"WfKZ2tZFVkAE4MxAF8jz/g=="
"2026-09-17T03:39:51.6846Z",sherlock,playSWEEPSWinZone,ps,web,gold,regular,"1000.0","0.0",lose,"8m04ePfV0w0Lro2WnYFZmw=="
"2026-09-17T03:39:40.7424Z",sherlock,playSWEEPSWinZone,ps,web,gold,regular,"1000.0","0.0",lose,"XGUwoz8NDO19bULRinvjUg=="
"2026-09-17T03:39:37.4718Z",sherlock,playSWEEPSWinZone,ps,web,gold,regular,"1000.0","0.0",lose,"ixDFvwCM+wslPGTeRnDg/w=="
"2026-09-17T03:39:34.3128Z",sherlock,playSWEEPSWinZone,ps,web,gold,regular,"1000.0","0.0",lose,"oWsk7kXbDmfL8C8kiH9BcQ=="
"2026-09-17T03:39:29.2544Z",sherlock,playSWEEPSWinZone,ps,web,gold,regular,"1000.0","0.0",lose,"x6nDEm5xgcIPOtfJCI9jtg=="
"2026-09-17T03:39:26.1962Z",sherlock,playSWEEPSWinZone,ps,web,gold,regular,"1000.0","0.0",lose,"ryC4ow6ZgSY+vL0qt8tRyA=="
"2026-09-17T03:39:22.8423Z",sherlock,playSWEEPSWinZone,ps,web,gold,regular,"1000.0","0.0",lose,"1QVDLRX/P3dAUhwnU1w1bA=="
"2026-09-17T03:39:17.6238Z",sherlock,playSWEEPSWinZone,ps,web,gold,regular,"1000.0","200.0",win,"DR4HwJ65/G82XNl1q5md8A=="
"2026-09-17T03:39:14.4248Z",sherlock,playSWEEPSWinZone,ps,web,gold,regular,"1000.0","0.0",lose,"P7jXYpgaVweY+PtYxETRBw=="
"2026-09-16T08:20:49.3517Z",starburstgalaxy,playSWEEPSWinZone,evolution,app,gold,regular,"2000.0","0.0",lose,"a8599616-dae1-43d0-be81-7ec511bb5660"
"2026-09-16T08:20:45.4498Z",starburstgalaxy,playSWEEPSWinZone,evolution,app,gold,regular,"2000.0","0.0",lose,"1bd32c4d-36b5-493d-b295-2e3e92300cfc"
"2026-09-16T08:15:17.9415Z",starburstgalaxy,playSWEEPSWinZone,evolution,app,gold,regular,"2000.0","0.0",lose,"1395e5a6-c2ac-4d82-a214-31eecf12091f"
"2026-09-16T08:15:15.4434Z",starburstgalaxy,playSWEEPSWinZone,evolution,app,gold,regular,"2000.0","500.0",win,"e5256f3f-9bcf-486e-b612-c0c78fdb063b"
"2026-09-16T08:15:10.3016Z",starburstgalaxy,playSWEEPSWinZone,evolution,app,gold,regular,"2000.0","0.0",lose,"ede0bac1-c42f-4a97-9061-bd5001cc7dcf"
"2026-09-16T08:15:06.6660Z",starburstgalaxy,playSWEEPSWinZone,evolution,app,gold,regular,"2000.0","1000.0",win,"5cf66a4a-1a45-4705-8adb-cd429bcf2829"
"2026-09-16T07:25:06.2643Z",treasuremap,playSWEEPSWinZone,ps,app,sweep,regular,"0.2","0.0",lose,"pzQEcdlUtWoPq15BYugPsg=="
"2026-09-16T07:25:02.6920Z",treasuremap,playSWEEPSWinZone,ps,app,sweep,regular,"0.2","0.0",lose,"Q5busOsJm3+xO6L+QHbWVg=="
"2026-09-16T07:24:59.1278Z",treasuremap,playSWEEPSWinZone,ps,app,sweep,regular,"0.2","0.0",lose,"eRI09ahUWAUa5NMqITVVRA=="
"2026-09-16T07:24:55.9477Z",treasuremap,playSWEEPSWinZone,ps,app,sweep,regular,"0.2","0.0",lose,"83NgCwwr/7M6ze4krNwTYg=="
"2026-09-16T07:24:52.6723Z",treasuremap,playSWEEPSWinZone,ps,app,sweep,regular,"0.2","0.0",lose,"Y99EumW+SRL5d0J2GSAywA=="
"2026-09-16T07:24:49.4643Z",treasuremap,playSWEEPSWinZone,ps,app,sweep,regular,"0.2","0.0",lose,"LLzYCBFB0McVwFeHSgQ4rw=="
"2026-09-16T07:24:46.0203Z",treasuremap,playSWEEPSWinZone,ps,app,sweep,regular,"0.2","0.0",lose,"Q9CDbAwod1IneUywRNilmQ=="
"2026-09-16T07:24:38.9318Z",treasuremap,playSWEEPSWinZone,ps,app,sweep,regular,"0.2","0.0",lose,"13yoTuxeOPxWkU60jTL4mg=="
"2026-09-17T06:39:58.7781Z",moneybolt,playSWEEPSWinZone,ps,web,gold,regular,"3000.0","0.0",lose,"eqq2eGWCSW9LxfrOO2n3kg=="
"2026-09-17T06:39:55.9324Z",moneybolt,playSWEEPSWinZone,ps,web,gold,regular,"3000.0","0.0",lose,"1Lyo9YQ9LIl9vLJv7sPf/Q=="
"2026-09-17T06:39:50.1739Z",moneybolt,playSWEEPSWinZone,ps,web,gold,regular,"3000.0","0.0",lose,"QrDQDB4rzerOyLInAFDOhg=="
"2026-09-17T06:39:47.1269Z",moneybolt,playSWEEPSWinZone,ps,web,gold,regular,"3000.0","0.0",lose,"Y5bFTBUa9Pe+aoGJllpM6Q=="
"2026-09-17T06:39:53.1231Z",moneybolt,playSWEEPSWinZone,ps,web,gold,regular,"3000.0","0.0",lose,"OZpRnVblqEw0csn03Trc7g=="
"2026-09-17T06:39:32.3109Z",moneybolt,playSWEEPSWinZone,ps,web,gold,"free_spin","0.0","15000.0",win,"Vtq5EPgNq4NGy8udRjQXcQ=="
"2026-09-17T06:39:02.3104Z",moneybolt,playSWEEPSWinZone,ps,web,gold,regular,"3000.0","0.0",lose,"Vtq5EPgNq4NGy8udRjQXcQ=="
"2026-09-17T06:38:59.3359Z",moneybolt,playSWEEPSWinZone,ps,web,gold,regular,"3000.0","0.0",lose,"6OJu15GWY9eJUx1fzWUNzw=="
"2026-09-17T06:38:49.6890Z",moneybolt,playSWEEPSWinZone,ps,web,gold,regular,"3000.0","0.0",lose,"jcommnwQvAz9r+l1TgxV/Q=="
"2026-09-17T06:38:43.3485Z",moneybolt,playSWEEPSWinZone,ps,web,gold,regular,"3000.0","0.0",lose,"uQ/j+tgH0AqJ/nIflB0R+w=="
"2026-09-17T06:38:37.4429Z",moneybolt,playSWEEPSWinZone,ps,web,gold,regular,"3000.0","0.0",lose,"xHrsENEPJTpwV9EbkS2oVg=="
"2026-09-17T06:38:28.3697Z",moneybolt,playSWEEPSWinZone,ps,web,gold,regular,"3000.0","0.0",lose,"9dw56nw0K0lGRaS6ndsEkQ=="
"2026-09-17T06:38:25.2110Z",moneybolt,playSWEEPSWinZone,ps,web,gold,regular,"3000.0","0.0",lose,"/djhxG1pm61FOK3eXIX7HA=="
"2026-09-17T06:38:22.1398Z",moneybolt,playSWEEPSWinZone,ps,web,gold,regular,"3000.0","0.0",lose,"kTuR6GaUY0o6kAbiPc8S4A=="
"2026-09-17T06:38:19.0553Z",moneybolt,playSWEEPSWinZone,ps,web,gold,regular,"3000.0","0.0",lose,"kNYJzilR0YsXTyZoj+QupQ=="
"2026-09-17T06:38:16.0053Z",moneybolt,playSWEEPSWinZone,ps,web,gold,regular,"3000.0","0.0",lose,"SkTPG+LK7gYan4ooPpRb6w=="
"2026-09-17T06:38:12.8305Z",moneybolt,playSWEEPSWinZone,ps,web,gold,regular,"3000.0","0.0",lose,"/3xSLJ8wSJFUEjWfYX3RnQ=="
"2026-09-17T06:38:04.6147Z",moneybolt,playSWEEPSWinZone,ps,web,gold,regular,"3000.0","300.0",win,"lvg4Zz/Jgf9Xpv4TXLNJ3Q=="
"2026-09-17T06:37:56.6493Z",moneybolt,playSWEEPSWinZone,ps,web,gold,regular,"3000.0","300.0",win,"GFP/hji3aTlT2dAsp9Qusg=="
"2026-09-17T06:37:47.6878Z",moneybolt,playSWEEPSWinZone,ps,web,gold,regular,"3000.0","0.0",lose,"aNA09lexxTJspG+KahDQHg=="
"2026-09-17T06:37:44.6798Z",moneybolt,playSWEEPSWinZone,ps,web,gold,regular,"3000.0","0.0",lose,"Cnpe5Dwz6YbMmLmuUO1+zg=="
"2026-09-17T06:37:38.7320Z",moneybolt,playSWEEPSWinZone,ps,web,gold,regular,"3000.0","0.0",lose,"W2dMnmfFE33oB2lmk5RnYQ=="
"2026-09-17T06:37:35.7423Z",moneybolt,playSWEEPSWinZone,ps,web,gold,regular,"3000.0","0.0",lose,"iZ0V1JRM5aaYe0ihUfBG/Q=="
"2026-09-17T06:37:32.7848Z",moneybolt,playSWEEPSWinZone,ps,web,gold,regular,"3000.0","0.0",lose,"Js8PDlt+fn9CiBRGgbaZJg=="
"2026-09-17T06:37:21.5994Z",moneybolt,playSWEEPSWinZone,ps,web,gold,regular,"3000.0","0.0",lose,"Wbp2b+ym4xoQY2Wx/ulK8g=="
"2026-09-17T06:37:13.3948Z",moneybolt,playSWEEPSWinZone,ps,web,gold,regular,"3000.0","8400.0",win,"Q2CoTcbFWyyfUTLP2vgceg=="
"2026-09-17T06:37:04.7529Z",moneybolt,playSWEEPSWinZone,ps,web,gold,regular,"3000.0","600.0",win,"wBYLww3CpwnHX44r5bravw=="
"2026-09-17T06:28:51.1836Z",moneybolt,playSWEEPSWinZone,ps,web,gold,regular,"3000.0","0.0",lose,"9cB9YiIUGtrdjltrm15gSg=="
"2026-09-17T06:28:48.2448Z",moneybolt,playSWEEPSWinZone,ps,web,gold,regular,"3000.0","0.0",lose,"oAiHvqfGFtBX2sXBFDhUPA=="
"2026-09-17T06:28:43.2373Z",moneybolt,playSWEEPSWinZone,ps,web,gold,regular,"3000.0","1200.0",win,"3bMeWApvLSaYKpRvPuSkbQ=="
"2026-09-17T06:28:40.2349Z",moneybolt,playSWEEPSWinZone,ps,web,gold,regular,"3000.0","0.0",lose,"9VxFzAJP7lJ8+blWIuUygw=="
"2026-09-17T06:28:25.2644Z",moneybolt,playSWEEPSWinZone,ps,web,gold,regular,"3000.0","0.0",lose,"+5mJRBqtDM2I+YRClW3jiA=="
"2026-09-17T06:28:22.1010Z",moneybolt,playSWEEPSWinZone,ps,web,gold,regular,"3000.0","0.0",lose,"aV6n8UJ50uVUqRt3pltZdw=="
"2026-09-17T06:28:19.1443Z",moneybolt,playSWEEPSWinZone,ps,web,gold,regular,"3000.0","0.0",lose,"S0M1/7y8rqn02Fg7gPhBgQ=="
"2026-09-17T06:28:15.2776Z",moneybolt,playSWEEPSWinZone,ps,web,gold,regular,"3000.0","0.0",lose,"L/MZkJhk8CFSy04pm1cwmQ=="
"2026-09-17T06:28:01.0903Z",moneybolt,playSWEEPSWinZone,ps,web,gold,regular,"3000.0","0.0",lose,"Y3tXIaefghd4Am4KXXdH7w=="
"2026-09-17T06:26:58.3955Z",moneybolt,playSWEEPSWinZone,ps,web,gold,regular,"3000.0","9000.0",win,"DtqnycNvhLmDdWQhq2sxLg=="
"2026-09-17T06:26:49.5890Z",moneybolt,playSWEEPSWinZone,ps,web,gold,regular,"3000.0","1500.0",win,"AIGA6whjg0yPHGAM39gGsQ=="
"2026-09-17T06:26:26.1321Z",moneybolt,playSWEEPSWinZone,ps,web,gold,"free_spin","0.0","22500.0",win,"3Uh9R53PcRP4Fi4OKWPRyA=="
"2026-09-17T06:26:54.7684Z",moneybolt,playSWEEPSWinZone,ps,web,gold,regular,"3000.0","0.0",lose,"KaxupA/Kwyl7yt8jmV7iog=="
"2026-09-17T06:26:43.5590Z",moneybolt,playSWEEPSWinZone,ps,web,gold,regular,"3000.0","6000.0",win,"s74M2ZGrOvgHXQZAmpmcYA=="
"2026-09-17T06:18:58.3483Z",moneybolt,playSWEEPSWinZone,ps,web,gold,regular,"3000.0","0.0",lose,"J4MD+/lriIrkXiI7myrnog=="
"2026-09-17T06:18:55.2986Z",moneybolt,playSWEEPSWinZone,ps,web,gold,regular,"3000.0","0.0",lose,"XNx4tCp8uSPBT/TueuRRaw=="
"2026-09-17T06:18:52.3808Z",moneybolt,playSWEEPSWinZone,ps,web,gold,regular,"3000.0","0.0",lose,"G2Lq/fmZbUWAngDMCGlfHg=="
"2026-09-17T06:18:37.7619Z",moneybolt,playSWEEPSWinZone,ps,web,gold,regular,"3000.0","0.0",lose,"E4Z0r7cKlbVdIfd2nhD15w=="
"2026-09-17T06:18:34.3089Z",moneybolt,playSWEEPSWinZone,ps,web,gold,regular,"3000.0","0.0",lose,"VP9wRsa6ZtE+KJZoHhKTGA=="
"2026-09-17T06:18:22.0913Z",moneybolt,playSWEEPSWinZone,ps,web,gold,regular,"3000.0","0.0",lose,"U3qwHMxkSxED+Ib5pQpCzw=="
"2026-09-17T06:10:19.6107Z",moneybolt,playSWEEPSWinZone,ps,web,gold,regular,"3000.0","0.0",lose,"OQLHYqcVCbb2RQ6YlNmC0w=="
"2026-09-17T06:10:15.2313Z",moneybolt,playSWEEPSWinZone,ps,web,gold,regular,"3000.0","0.0",lose,"ENLdAZ31bAZ737cnYVv+DQ=="
"2026-09-17T06:10:09.9761Z",moneybolt,playSWEEPSWinZone,ps,web,gold,regular,"3000.0","1800.0",win,"7/KRV4ZnJZvmtOjHs37y9Q=="
"2026-09-17T05:59:33.6164Z",moneybolt,playSWEEPSWinZone,ps,web,gold,regular,"3000.0","0.0",lose,"7KevzhBaul00+CQIWglZnA=="
"2026-09-17T05:59:30.6730Z",moneybolt,playSWEEPSWinZone,ps,web,gold,regular,"3000.0","0.0",lose,"IPXsm1VZGADqfpxGJNMIow=="
"2026-09-17T05:59:25.5671Z",moneybolt,playSWEEPSWinZone,ps,web,gold,regular,"3000.0","1200.0",win,"uGhcQrZiYExwqCfjOIYM3w=="
"2026-09-17T05:59:16.4479Z",moneybolt,playSWEEPSWinZone,ps,web,gold,regular,"3000.0","0.0",lose,"lpkgjJ41fkIU62Dx/2JBpg=="
"2026-09-17T05:59:13.2957Z",moneybolt,playSWEEPSWinZone,ps,web,gold,regular,"3000.0","0.0",lose,"vgXJsOi0Gyzph6T9qpOpuQ=="
"2026-09-17T05:51:55.1182Z",moneybolt,playSWEEPSWinZone,ps,web,gold,regular,"3000.0","0.0",lose,"DCfjEn5ZRYJnK9kPbZZIAw=="
"2026-09-17T05:47:49.8029Z",moneybolt,playSWEEPSWinZone,ps,web,gold,regular,"3000.0","0.0",lose,"iwIVwNuyE26BBmKCrLkgQQ=="
"2026-09-17T05:47:43.5509Z",moneybolt,playSWEEPSWinZone,ps,web,gold,regular,"3000.0","0.0",lose,"lXE55b67pdQWt3BSF+4jKQ=="
"2026-09-17T05:47:40.5259Z",moneybolt,playSWEEPSWinZone,ps,web,gold,regular,"3000.0","0.0",lose,"jfZbXUjzLe1YauJuD8i3ZQ=="
"2026-09-17T05:47:34.2274Z",moneybolt,playSWEEPSWinZone,ps,web,gold,regular,"3000.0","600.0",win,"kJ5Ew3NuyNmAECrJA/16OQ=="
"2026-09-17T05:47:31.1626Z",moneybolt,playSWEEPSWinZone,ps,web,gold,regular,"3000.0","0.0",lose,"KAAbSYWtOtX8z18cwPbG+w=="
"2026-09-17T05:47:11.2691Z",moneybolt,playSWEEPSWinZone,ps,web,gold,regular,"3000.0","0.0",lose,"03kshcfB/bkdkXsn8h0QxA=="
"2026-09-17T05:47:08.3362Z",moneybolt,playSWEEPSWinZone,ps,web,gold,regular,"3000.0","0.0",lose,"3ieK8b2lxlI0Ty/oV0OWFw=="
"2026-09-17T05:47:04.3166Z",moneybolt,playSWEEPSWinZone,ps,web,gold,regular,"3000.0","0.0",lose,"shQLZgD95wLU7eJtuQXbjQ=="
"2026-09-17T05:46:57.9665Z",moneybolt,playSWEEPSWinZone,ps,web,gold,regular,"3000.0","0.0",lose,"RvdOokquTB8qTI1G0f7UrQ=="
"2026-09-17T05:46:52.8565Z",moneybolt,playSWEEPSWinZone,ps,web,gold,regular,"3000.0","900.0",win,"APrJWpwKslekZUcsbX0IQQ=="
"2026-09-17T05:47:25.9039Z",moneybolt,playSWEEPSWinZone,ps,web,gold,regular,"3000.0","600.0",win,"HSjz3EHA4J9Il6DVDsFdOg=="
"2026-09-17T05:47:22.9004Z",moneybolt,playSWEEPSWinZone,ps,web,gold,regular,"3000.0","0.0",lose,"O+kT7Uz2kE04aK/ZpRbyGQ=="
"2026-09-17T05:47:14.1863Z",moneybolt,playSWEEPSWinZone,ps,web,gold,regular,"3000.0","19200.0",win,"FH+QWznu3hilr0LTDzZDew=="
"2026-09-17T05:47:00.9982Z",moneybolt,playSWEEPSWinZone,ps,web,gold,regular,"3000.0","0.0",lose,"1hwgpI/EIyi5F7O24baD0A=="
"2026-09-17T05:46:49.8255Z",moneybolt,playSWEEPSWinZone,ps,web,gold,regular,"3000.0","0.0",lose,"L5iE8QpAGiTTtik4uAf+8Q=="
"2026-09-17T05:46:46.6640Z",moneybolt,playSWEEPSWinZone,ps,web,gold,regular,"3000.0","0.0",lose,"/y5USMAla+MKlRAEUSyJQA=="
"2026-09-17T05:45:34.7717Z",moneybolt,playSWEEPSWinZone,ps,web,gold,regular,"3000.0","0.0",lose,"eDMBi6n4ai1mqCGGmjec4Q=="
"2026-09-17T05:45:29.8550Z",moneybolt,playSWEEPSWinZone,ps,web,gold,regular,"3000.0","1500.0",win,"M9xColUUWgMLeMge1GIceQ=="
"2026-09-17T05:45:26.9389Z",moneybolt,playSWEEPSWinZone,ps,web,gold,regular,"3000.0","0.0",lose,"NgQEoxvbZ9olH5uQ1LxWhg=="
"2026-09-17T05:45:23.8332Z",moneybolt,playSWEEPSWinZone,ps,web,gold,regular,"3000.0","0.0",lose,"ctnS+ZUcw1uNSimMxOZigw=="
"2026-09-17T05:45:18.3648Z",moneybolt,playSWEEPSWinZone,ps,web,gold,regular,"3000.0","300.0",win,"8/sTaGR9DGakswINRm6gCQ=="
"2026-09-17T05:45:09.2641Z",moneybolt,playSWEEPSWinZone,ps,web,gold,regular,"3000.0","0.0",lose,"aUeKLNEc6hq47QuAuHYSDg=="
"2026-09-17T05:45:05.3869Z",moneybolt,playSWEEPSWinZone,ps,web,gold,regular,"3000.0","0.0",lose,"yN3SrkR5Ujn7CbpNRsExPw=="
"2026-09-17T05:45:00.8651Z",moneybolt,playSWEEPSWinZone,ps,web,gold,regular,"3000.0","0.0",lose,"GTNgZQtGN9gBDPl6Zyoz+g=="
"2026-09-17T05:44:51.2019Z",moneybolt,playSWEEPSWinZone,ps,web,gold,regular,"3000.0","0.0",lose,"9pwHy5L9liCeIIaJ7qLLGg=="
"2026-09-17T05:44:40.3345Z",moneybolt,playSWEEPSWinZone,ps,web,gold,regular,"3000.0","600.0",win,"9z/KoTmDtuPkQ0JrbEjNpw=="
"2026-09-17T05:44:48.3726Z",moneybolt,playSWEEPSWinZone,ps,web,gold,regular,"3000.0","0.0",lose,"tMk0rFnHDoSrIu5bu+Fy1g=="
"2026-09-17T05:44:45.3299Z",moneybolt,playSWEEPSWinZone,ps,web,gold,regular,"3000.0","0.0",lose,"eC4/TUPasILQtlszOCpbxg=="
"2026-09-17T05:44:37.3055Z",moneybolt,playSWEEPSWinZone,ps,web,gold,regular,"3000.0","0.0",lose,"Q5USJKfEUnK4804Rh8CkTw=="
"2026-09-17T05:44:34.3913Z",moneybolt,playSWEEPSWinZone,ps,web,gold,regular,"3000.0","0.0",lose,"cfJEdTG/xMyonKzj9kgtlA=="
"2026-09-17T05:44:27.5676Z",moneybolt,playSWEEPSWinZone,ps,web,gold,regular,"3000.0","0.0",lose,"tiBslLYAZqpfXcLo/TUMsg=="
"2026-09-17T05:44:19.6600Z",moneybolt,playSWEEPSWinZone,ps,web,gold,regular,"3000.0","0.0",lose,"pq7TnVgZxRkvlKs+eG2gkw=="
"2026-09-17T05:44:07.7102Z",moneybolt,playSWEEPSWinZone,ps,web,gold,regular,"3000.0","0.0",lose,"0fNsHKMX20t2WKzDEqVBOQ=="
"2026-09-17T05:33:47.3848Z",moneybolt,playSWEEPSWinZone,ps,web,gold,regular,"3000.0","0.0",lose,"RSU/y3YhiT65DJGSeQ5Odw=="
"2026-09-17T05:33:29.4415Z",moneybolt,playSWEEPSWinZone,ps,web,gold,regular,"3000.0","0.0",lose,"hU0e2vK91qAK8q5YA9emCA=="
"2026-09-17T05:33:26.6337Z",moneybolt,playSWEEPSWinZone,ps,web,gold,regular,"3000.0","0.0",lose,"OSdfPBMgY2hyH6qBHYL29Q=="
"2026-09-17T05:33:23.8276Z",moneybolt,playSWEEPSWinZone,ps,web,gold,regular,"3000.0","0.0",lose,"tb/fUkM4kYdoDge+qB/svg=="
"2026-09-17T05:33:20.8614Z",moneybolt,playSWEEPSWinZone,ps,web,gold,regular,"3000.0","0.0",lose,"WnMrzt7u3FCTLleFJNlN7w=="
"2026-09-17T05:33:17.3611Z",moneybolt,playSWEEPSWinZone,ps,web,gold,regular,"3000.0","0.0",lose,"1sR5bajkAcFXLQFt9VWiUQ=="
"2026-09-17T05:33:11.2347Z",moneybolt,playSWEEPSWinZone,ps,web,gold,regular,"3000.0","0.0",lose,"Y1g09paYUYhtzjFe3Vzb8Q=="
"2026-09-17T05:33:08.1044Z",moneybolt,playSWEEPSWinZone,ps,web,gold,regular,"3000.0","0.0",lose,"HJ3vfv3cwacR9hw83M8mDA=="
"2026-09-17T05:32:49.7390Z",moneybolt,playSWEEPSWinZone,ps,web,gold,regular,"3000.0","0.0",lose,"G2660VuOGyJZOe0tvyWFDA=="
"2026-09-17T05:33:32.4091Z",moneybolt,playSWEEPSWinZone,ps,web,gold,regular,"3000.0","0.0",lose,"4zrnKTs7/ORWZXoYPzg9Ew=="
"2026-09-17T05:33:14.2010Z",moneybolt,playSWEEPSWinZone,ps,web,gold,regular,"3000.0","0.0",lose,"dXX9LLMfBpADoIDipH3Epg=="
"2026-09-17T05:33:04.1240Z",moneybolt,playSWEEPSWinZone,ps,web,gold,regular,"3000.0","0.0",lose,"lWjAgHitTTp6p5wBHFOpbg=="
"2026-09-17T05:33:01.0544Z",moneybolt,playSWEEPSWinZone,ps,web,gold,regular,"3000.0","0.0",lose,"2asPuuTdD+O25s9DdxOOMA=="
"2026-09-17T05:32:57.8194Z",moneybolt,playSWEEPSWinZone,ps,web,gold,regular,"3000.0","0.0",lose,"OVvfHI/qYrvtmCv33i4BdA=="
"2026-09-17T05:32:52.7153Z",moneybolt,playSWEEPSWinZone,ps,web,gold,regular,"3000.0","600.0",win,"tJgQcvLTPcQwg6ITugiPFw=="
"2026-09-17T05:32:46.3958Z",moneybolt,playSWEEPSWinZone,ps,web,gold,regular,"3000.0","0.0",lose,"5HIrokx8tTe5RaA7pJROYg=="
"2026-09-17T05:32:37.8588Z",moneybolt,playSWEEPSWinZone,ps,web,gold,regular,"3000.0","0.0",lose,"whyTf+HwVb790Cc2eBNDPg=="
"2026-09-17T05:32:34.8619Z",moneybolt,playSWEEPSWinZone,ps,web,gold,regular,"3000.0","0.0",lose,"G88gqpTaDMdEVEC8TQ/kyg=="
"2026-09-17T05:27:39.4900Z",moneybolt,playSWEEPSWinZone,ps,web,gold,regular,"3000.0","0.0",lose,"Ex9CECV6YIJsofRHo7lBiA=="
"2026-09-17T05:27:25.2177Z",moneybolt,playSWEEPSWinZone,ps,web,gold,regular,"3000.0","0.0",lose,"7zWJoe9+RCfmSO3R8qsH0w=="
"2026-09-17T05:27:21.8807Z",moneybolt,playSWEEPSWinZone,ps,web,gold,regular,"3000.0","0.0",lose,"bIpnOpqjxFsokNZZrcXtyw=="
"2026-09-17T05:27:01.5921Z",moneybolt,playSWEEPSWinZone,ps,web,gold,regular,"3000.0","300.0",win,"8clQZdybL+tEXPUq/xGE2Q=="
"2026-09-17T05:26:55.6713Z",moneybolt,playSWEEPSWinZone,ps,web,gold,regular,"3000.0","0.0",lose,"csHGn9UCisYSekaU5T4xyg=="
"2026-09-17T05:26:52.5177Z",moneybolt,playSWEEPSWinZone,ps,web,gold,regular,"3000.0","0.0",lose,"R+wsiD4Tuhb9DSeELUpiAQ=="
"2026-09-17T05:26:49.3184Z",moneybolt,playSWEEPSWinZone,ps,web,gold,regular,"3000.0","0.0",lose,"cOtzM2PFFiIszYHVLobxvw=="
"2026-09-18T08:09:20.8527Z",cashpig2,playSWEEPSWinZone,"booming_games",app,gold,"free_spin","0.0","0.0",lose,6aacf1af664629d3eae4a1bb
"2026-09-18T08:09:13.4731Z",cashpig2,playSWEEPSWinZone,"booming_games",app,gold,"free_spin","0.0","3240.0",win,6aacf1a8664629d3eae48b6a
"2026-09-18T08:09:03.1538Z",cashpig2,playSWEEPSWinZone,"booming_games",app,gold,"free_spin","0.0","0.0",lose,6aacf19e664629d3eae46da7
"2026-09-18T08:04:49.2816Z","purrrminator_94",playSWEEPSWinZone,rgs,app,gold,regular,"100.0","0.0",lose,10035559085
"2026-09-18T07:42:11.8324Z",moneybolt,playSWEEPSWinZone,ps,app,sweep,regular,"0.2","0.54",win,"B5iX+kigK9LAA3y0XL17wQ=="
"2026-09-18T07:42:08.7887Z",moneybolt,playSWEEPSWinZone,ps,app,sweep,regular,"0.2","0.0",lose,"p+vLkd+xWr4D7cSAM4eNAw=="
"2026-09-18T07:42:02.3587Z",moneybolt,playSWEEPSWinZone,ps,app,sweep,regular,"0.2","0.0",lose,"GUkAt3jX/4A6nhANm+fMbg=="
"2026-09-18T07:41:59.3641Z",moneybolt,playSWEEPSWinZone,ps,app,sweep,regular,"0.2","0.0",lose,"lU1zLVovVOMnn948SQSzhw=="
"2026-09-18T07:41:53.1347Z",moneybolt,playSWEEPSWinZone,ps,app,sweep,regular,"0.2","0.0",lose,"THsEUtknWspd16T2Bw4EiQ=="
"2026-09-18T07:41:50.0561Z",moneybolt,playSWEEPSWinZone,ps,app,sweep,regular,"0.2","0.0",lose,"00h29uF85mmNQ4fYyJxgkA=="
"2026-09-18T07:41:47.0071Z",moneybolt,playSWEEPSWinZone,ps,app,sweep,regular,"0.2","0.0",lose,"6hykGs0uvYnLnZKcDre2Mg=="
"2026-09-18T07:41:41.5374Z",moneybolt,playSWEEPSWinZone,ps,app,sweep,regular,"0.2","0.02",win,"fRJUUogOAol3GZUVbJBFIA=="
"2026-09-18T07:41:38.6867Z",moneybolt,playSWEEPSWinZone,ps,app,sweep,regular,"0.2","0.0",lose,"qjntysknG43THdau7CkP4A=="
"2026-09-18T07:41:15.1516Z",moneybolt,playSWEEPSWinZone,ps,app,sweep,"free_spin","0.0","2.88",win,"t+QVCVUPNd8x2msb9AxM8Q=="
"2026-09-18T07:40:41.5059Z",moneybolt,playSWEEPSWinZone,ps,app,sweep,regular,"0.2","0.0",lose,"t+QVCVUPNd8x2msb9AxM8Q=="
"2026-09-18T07:40:35.2244Z",moneybolt,playSWEEPSWinZone,ps,app,sweep,regular,"0.2","0.0",lose,"Yg9RCdu7kYfdpMxeCZi97w=="
"2026-09-18T07:40:31.8488Z",moneybolt,playSWEEPSWinZone,ps,app,sweep,regular,"0.2","0.0",lose,"cHMr8BhxqBILWBHpKiodqg=="
"2026-09-18T07:40:25.4526Z",moneybolt,playSWEEPSWinZone,ps,app,sweep,regular,"0.2","0.0",lose,"9UMhlf+A1OfQJ5lsvbFB0w=="
"2026-09-18T07:40:22.1294Z",moneybolt,playSWEEPSWinZone,ps,app,sweep,regular,"0.2","0.0",lose,"kntm11RCZVTlFXgr8jzmzg=="
"2026-09-17T05:23:08.1368Z",moneybolt,playSWEEPSWinZone,ps,web,gold,regular,"3000.0","0.0",lose,"hRbFELH4w6P5n5sEqIEFcQ=="
"2026-09-17T05:23:05.1784Z",moneybolt,playSWEEPSWinZone,ps,web,gold,regular,"3000.0","0.0",lose,"W5MoV6sJkmT+ChKZe9+LFg=="
"2026-09-17T05:23:02.1919Z",moneybolt,playSWEEPSWinZone,ps,web,gold,regular,"3000.0","0.0",lose,"gRrPm81eHlhOaioMyye9oA=="
"2026-09-17T05:22:44.5697Z",moneybolt,playSWEEPSWinZone,ps,web,gold,regular,"3000.0","9000.0",win,"T55+xPzgsPepgGyYarR4AQ=="
"2026-09-17T05:22:41.6115Z",moneybolt,playSWEEPSWinZone,ps,web,gold,regular,"3000.0","0.0",lose,"Jf8iQDAgJLZfmVHyFO3XDw=="
"2026-09-17T05:22:36.2620Z",moneybolt,playSWEEPSWinZone,ps,web,gold,regular,"3000.0","300.0",win,"4XD/ZBfNhySHCMEo8ARCZg=="
"2026-09-17T05:21:27.8214Z",moneybolt,playSWEEPSWinZone,ps,web,gold,regular,"3000.0","300.0",win,"ZhqUOVl7M7XpdS0a814LEw=="
"2026-09-17T05:21:18.2514Z",moneybolt,playSWEEPSWinZone,ps,web,gold,regular,"3000.0","0.0",lose,"9xm0ggBtgE+1EnhbYRiakA=="
"2026-09-17T05:21:15.2271Z",moneybolt,playSWEEPSWinZone,ps,web,gold,regular,"3000.0","0.0",lose,"uTDO9aVxFBZNhfPOuuQgSQ=="
"2026-09-17T05:21:10.2541Z",moneybolt,playSWEEPSWinZone,ps,web,gold,regular,"3000.0","600.0",win,"Lvo6KgUH4CUiI0/P8Ds3jg=="
"2026-09-17T05:21:07.3202Z",moneybolt,playSWEEPSWinZone,ps,web,gold,regular,"3000.0","0.0",lose,"Bjb2T3I1AU00nXPyBcYVFA=="
"2026-09-17T05:20:50.9458Z",moneybolt,playSWEEPSWinZone,ps,web,gold,regular,"3000.0","2400.0",win,"OlH8nTuoDMjzwlrUFIqAdQ=="
"2026-09-17T05:20:47.9775Z",moneybolt,playSWEEPSWinZone,ps,web,gold,regular,"3000.0","0.0",lose,"LXSDi/n7IGiSpv5QoqHBIQ=="
"2026-09-17T05:20:44.3108Z",moneybolt,playSWEEPSWinZone,ps,web,gold,regular,"3000.0","0.0",lose,"PqhKEvbzcmSiePwBuKzRRQ=="
"2026-09-17T05:20:37.4424Z",moneybolt,playSWEEPSWinZone,ps,web,gold,regular,"3000.0","0.0",lose,"sUDvRR9NyfHkZO4oa6nsdA=="
"2026-09-17T05:20:34.3358Z",moneybolt,playSWEEPSWinZone,ps,web,gold,regular,"3000.0","0.0",lose,"thkvxYpQsXWAhJQ9Kgz53Q=="
"2026-09-17T05:17:28.1952Z",moneybolt,playSWEEPSWinZone,ps,web,gold,regular,"3000.0","0.0",lose,"hVoHH1+1YRAEp4G5n4+RKg=="
"2026-09-17T05:17:01.6217Z",moneybolt,playSWEEPSWinZone,ps,web,gold,regular,"3000.0","0.0",lose,"G95l3nxIp6CQXL/OEZ532w=="
"2026-09-17T05:16:40.3577Z",moneybolt,playSWEEPSWinZone,ps,web,gold,"free_spin","0.0","309300.0",win,"LQsIw/ZnvquVBIwNrBbYiw=="
"2026-09-17T05:12:40.1387Z",moneybolt,playSWEEPSWinZone,ps,web,gold,regular,"3000.0","0.0",lose,"DY06AjLu/3xYDSDRsNfN2A=="
"2026-09-17T05:12:26.8594Z",moneybolt,playSWEEPSWinZone,ps,web,gold,regular,"3000.0","900.0",win,"yVGTmt/dIlQ+hV9dHmmsuw=="
"2026-09-17T05:12:24.0664Z",moneybolt,playSWEEPSWinZone,ps,web,gold,regular,"3000.0","0.0",lose,"nhtu3iGeI4evNNwO/aDIdw=="
"2026-09-17T05:12:21.0651Z",moneybolt,playSWEEPSWinZone,ps,web,gold,regular,"3000.0","0.0",lose,"Y2KlWG3pqPbr7UL25mVLHw=="
"2026-09-17T05:12:14.8371Z",moneybolt,playSWEEPSWinZone,ps,web,gold,regular,"3000.0","0.0",lose,"QSjeUOxy8J+9jql4hxWWxQ=="
"2026-09-17T05:12:09.2136Z",moneybolt,playSWEEPSWinZone,ps,web,gold,regular,"3000.0","0.0",lose,"Hu1g+GVxVmCqmDFh88V0Hg=="
"2026-09-17T05:12:02.8259Z",moneybolt,playSWEEPSWinZone,ps,web,gold,regular,"3000.0","0.0",lose,"UQqijWxGdiZrD07sDAcX/Q=="
"2026-09-17T05:11:54.3192Z",moneybolt,playSWEEPSWinZone,ps,web,gold,regular,"3000.0","0.0",lose,"/toDP37k2bzBsPT896CIPg=="
"2026-09-17T05:11:41.1381Z",moneybolt,playSWEEPSWinZone,ps,web,gold,regular,"3000.0","0.0",lose,"wjen3gO0Af+Vx/3QPGwqgw=="
"2026-09-17T05:02:31.2913Z",moneybolt,playSWEEPSWinZone,ps,web,gold,regular,"3000.0","0.0",lose,"loLPzTqktiwDjXbC5+YGaw=="
"2026-09-17T05:02:28.2899Z",moneybolt,playSWEEPSWinZone,ps,web,gold,regular,"3000.0","0.0",lose,"NaPtFWE8EKO+lboKKCkt6g=="
"2026-09-17T05:02:22.8476Z",moneybolt,playSWEEPSWinZone,ps,web,gold,regular,"3000.0","600.0",win,"IbKc1NdUOhL6SiZCY9OYUg=="
"2026-09-17T05:02:06.5703Z",moneybolt,playSWEEPSWinZone,ps,web,gold,regular,"3000.0","600.0",win,"7/GiVef7Ytpd7LUtYLSIxQ=="
"2026-09-17T05:02:03.6403Z",moneybolt,playSWEEPSWinZone,ps,web,gold,regular,"3000.0","0.0",lose,"fyQsXXJ1iDJhaE/eOgHdug=="
"2026-09-17T05:02:00.5731Z",moneybolt,playSWEEPSWinZone,ps,web,gold,regular,"3000.0","0.0",lose,"MHD5o8Fu+S9Jnqy2sczd8Q=="
"2026-09-17T05:01:54.0011Z",moneybolt,playSWEEPSWinZone,ps,web,gold,regular,"3000.0","0.0",lose,"BznFevL77HT6uJQmzW7uZw=="
"2026-09-17T05:01:44.9413Z",moneybolt,playSWEEPSWinZone,ps,web,gold,regular,"3000.0","0.0",lose,"UgYeNHSZTX0Yip2NvK/HgQ=="
"2026-09-17T05:01:36.9022Z",moneybolt,playSWEEPSWinZone,ps,web,gold,regular,"3000.0","0.0",lose,"6+gDDBuAPx+mxr/MueKjaw=="
"2026-09-17T05:00:11.6520Z",moneybolt,playSWEEPSWinZone,ps,web,gold,regular,"3000.0","0.0",lose,"e6BLEl7XiORFTOPW/Rl9mw=="
"2026-09-17T04:59:56.9234Z",moneybolt,playSWEEPSWinZone,ps,web,gold,regular,"3000.0","900.0",win,"QUHRJMMxIhww+O8esTPsjg=="
"2026-09-17T04:59:51.6020Z",moneybolt,playSWEEPSWinZone,ps,web,gold,regular,"3000.0","7200.0",win,"l0R7uql2m7V4J2lPLGc2Zg=="
"2026-09-17T04:59:48.5207Z",moneybolt,playSWEEPSWinZone,ps,web,gold,regular,"3000.0","0.0",lose,"EYIZAIVdWlrAKZgJjtyOxw=="
"2026-09-17T04:59:07.8720Z",moneybolt,playSWEEPSWinZone,ps,web,gold,regular,"3000.0","151500.0",win,"9OTZfdQKp/slWKktWWiEIA=="
"2026-09-17T04:59:04.8316Z",moneybolt,playSWEEPSWinZone,ps,web,gold,regular,"3000.0","0.0",lose,"icUxbC77OxT1S/ooHJZkrA=="
"2026-09-17T04:59:01.7663Z",moneybolt,playSWEEPSWinZone,ps,web,gold,regular,"3000.0","0.0",lose,"DsdR+QpN6cAWQ76kA/IaPQ=="
"2026-09-17T04:58:56.7793Z",moneybolt,playSWEEPSWinZone,ps,web,gold,regular,"3000.0","5100.0",win,"d2+Ul7tkOasf17KCk/U/pw=="
"2026-09-17T04:58:53.8227Z",moneybolt,playSWEEPSWinZone,ps,web,gold,regular,"3000.0","0.0",lose,"3eYKd0ygVxNnIkLZUhr2ow=="
"2026-09-17T04:58:47.9608Z",moneybolt,playSWEEPSWinZone,ps,web,gold,regular,"3000.0","0.0",lose,"KgQZR/xIlBIvsBNu9HMv4A=="
"2026-09-17T04:58:44.9908Z",moneybolt,playSWEEPSWinZone,ps,web,gold,regular,"3000.0","0.0",lose,"pX5Lewwg1mt01FTgNRNcZg=="
"2026-09-17T04:54:23.3815Z",moneybolt,playSWEEPSWinZone,ps,web,gold,regular,"3000.0","600.0",win,"ijgM4R2v4j93Rx7kmHAEBQ=="
"2026-09-17T04:54:20.4473Z",moneybolt,playSWEEPSWinZone,ps,web,gold,regular,"3000.0","0.0",lose,"A4Rta7vZNcMFNh+JHIDh9A=="
"2026-09-17T04:54:17.4737Z",moneybolt,playSWEEPSWinZone,ps,web,gold,regular,"3000.0","0.0",lose,"jSKaOTdMPs9McgM4cwkCyg=="
"2026-09-17T04:54:14.4993Z",moneybolt,playSWEEPSWinZone,ps,web,gold,regular,"3000.0","0.0",lose,"KE6Z14S7Y72+CFHkQz7mkg=="
"2026-09-17T04:53:58.0110Z",moneybolt,playSWEEPSWinZone,ps,web,gold,"free_spin","0.0","55500.0",win,"tXMqPes2veimmUw7KI1uUQ=="
"2026-09-17T04:52:46.5829Z",moneybolt,playSWEEPSWinZone,ps,web,gold,regular,"3000.0","0.0",lose,"g6C0XAl+XONB4PdbMSeqlA=="
"2026-09-17T04:52:39.4580Z",moneybolt,playSWEEPSWinZone,ps,web,gold,regular,"3000.0","0.0",lose,"PcLjTwkOIJwXKbHOPafuWA=="
"2026-09-17T04:52:33.7188Z",moneybolt,playSWEEPSWinZone,ps,web,gold,regular,"3000.0","600.0",win,"xwchAfqX/gPfJVqdi0Y57w=="
"2026-09-17T04:50:26.7201Z",moneybolt,playSWEEPSWinZone,ps,web,gold,regular,"3000.0","300.0",win,"Zl6Ga0rAjnGTdDzrtH1/RQ=="
"2026-09-17T04:50:20.8192Z",moneybolt,playSWEEPSWinZone,ps,web,gold,regular,"3000.0","0.0",lose,"wONtjei7Pr9rwKG0/1Qd7w=="
"2026-09-17T04:50:17.7021Z",moneybolt,playSWEEPSWinZone,ps,web,gold,regular,"3000.0","0.0",lose,"wz1taEkkrkg9ZiFf6L/Z4w=="
"2026-09-17T04:50:10.4573Z",moneybolt,playSWEEPSWinZone,ps,web,gold,regular,"3000.0","0.0",lose,"rhSrI56YEyt+F3AoC+Uoaw=="
"2026-09-17T04:49:59.6632Z",moneybolt,playSWEEPSWinZone,ps,web,gold,regular,"3000.0","0.0",lose,"8PZW9nzmZYFaQ7y1LVGFJg=="
"2026-09-17T04:49:53.6393Z",moneybolt,playSWEEPSWinZone,ps,web,gold,regular,"3000.0","0.0",lose,"1Kzbht/tYPNOws9R4hoNbQ=="
"2026-09-17T04:49:47.9210Z",moneybolt,playSWEEPSWinZone,ps,web,gold,regular,"3000.0","0.0",lose,"frxcBvJgd9YsqrtlTJd8eA=="
"2026-09-17T04:49:44.6198Z",moneybolt,playSWEEPSWinZone,ps,web,gold,regular,"3000.0","0.0",lose,"WzrH9I/ypaE5Cwvw1zNomg=="
"2026-09-17T04:49:28.2326Z",moneybolt,playSWEEPSWinZone,ps,web,gold,regular,"3000.0","0.0",lose,"IvuTFEvAYOMEdxWw6oVEFg=="
"2026-09-17T04:31:09.8884Z",moneybolt,playSWEEPSWinZone,ps,web,gold,regular,"3000.0","0.0",lose,"vwrvhgkQBXeq8pkXYCrchA=="
"2026-09-17T04:30:49.6911Z",moneybolt,playSWEEPSWinZone,ps,web,gold,regular,"3000.0","0.0",lose,"e9UhY1JlvQCLNdgy2S+HgQ=="
"2026-09-17T04:30:35.1309Z",moneybolt,playSWEEPSWinZone,ps,web,gold,regular,"3000.0","300.0",win,"2b8uyvrmpWh6rxSzcfK1nQ=="
"2026-09-17T04:30:31.9339Z",moneybolt,playSWEEPSWinZone,ps,web,gold,regular,"3000.0","0.0",lose,"CCOadJNFHwN21l6xEL1FEg=="
"2026-09-17T04:30:52.8882Z",moneybolt,playSWEEPSWinZone,ps,web,gold,regular,"3000.0","10500.0",win,"UxWGPTP8QbZlxx1kMDFUEg=="
"2026-09-17T04:30:46.3422Z",moneybolt,playSWEEPSWinZone,ps,web,gold,regular,"3000.0","0.0",lose,"NWh3HqWg3JmtMXDh4aDz7A=="
"2026-09-17T04:30:41.2144Z",moneybolt,playSWEEPSWinZone,ps,web,gold,regular,"3000.0","1200.0",win,"GMmSF0ejlrsZBQXsvbG9ag=="
"2026-09-17T04:28:19.0275Z",moneybolt,playSWEEPSWinZone,ps,web,gold,regular,"3000.0","0.0",lose,"1sOJblq6qEGOacqXoxc8vw=="
"2026-09-17T04:28:13.9321Z",moneybolt,playSWEEPSWinZone,ps,web,gold,regular,"3000.0","600.0",win,"vHy6LI/07XmOVABhEPX9Yw=="
"2026-09-17T04:28:05.0373Z",moneybolt,playSWEEPSWinZone,ps,web,gold,regular,"3000.0","0.0",lose,"eckiM42Y7G24NAIeLnmX1w=="
"2026-09-17T04:27:58.6646Z",moneybolt,playSWEEPSWinZone,ps,web,gold,regular,"3000.0","0.0",lose,"7X+mipleeh2DOu+sNbOxgQ=="
"2026-09-17T04:27:50.4511Z",moneybolt,playSWEEPSWinZone,ps,web,gold,regular,"3000.0","0.0",lose,"3wcFDDRC9/sRi283g5lKgA=="
"2026-09-17T04:16:12.8906Z",starburstgalaxy,playSWEEPSWinZone,evolution,web,gold,regular,"3000.0","0.0",lose,"57556700-3e54-4ec6-8aec-3d2709171362"
"2026-09-17T04:16:04.7803Z",starburstgalaxy,playSWEEPSWinZone,evolution,web,gold,regular,"3000.0","0.0",lose,"467e3b6c-06b1-41f1-8fce-c94032d4e6ae"
"2026-09-17T04:16:03.0758Z",starburstgalaxy,playSWEEPSWinZone,evolution,web,gold,regular,"3000.0","0.0",lose,"ae97f503-5e3a-45f6-8cd2-293b9adfc71f"
"2026-09-17T04:16:01.0940Z",starburstgalaxy,playSWEEPSWinZone,evolution,web,gold,regular,"3000.0","1500.0",win,"b49dbc73-9519-40fa-a5aa-d98e4fa9bf65"
"2026-09-17T04:15:55.2240Z",starburstgalaxy,playSWEEPSWinZone,evolution,web,gold,regular,"3000.0","0.0",lose,"803f8bf5-7de4-46ba-aad2-63adb35d79b3"
"2026-09-17T04:15:52.4557Z",starburstgalaxy,playSWEEPSWinZone,evolution,web,gold,regular,"3000.0","0.0",lose,"a28a35b4-7247-4f53-9735-f233eca6a43b"
"2026-09-17T04:15:48.7204Z",starburstgalaxy,playSWEEPSWinZone,evolution,web,gold,regular,"3000.0","0.0",lose,"d6aee280-8aff-4036-bc45-b6bcafcdc150"
"2026-09-17T04:15:37.6971Z",starburstgalaxy,playSWEEPSWinZone,evolution,web,gold,regular,"3000.0","0.0",lose,"7ae9a5e6-edcd-4960-9c1d-69f08716cd17"
"2026-09-17T04:15:35.7224Z",starburstgalaxy,playSWEEPSWinZone,evolution,web,gold,regular,"3000.0","0.0",lose,"91760cf8-cc44-45f2-98dc-f7bd0c41dd98"
"2026-09-17T04:15:34.3204Z",starburstgalaxy,playSWEEPSWinZone,evolution,web,gold,regular,"3000.0","0.0",lose,"79ea2845-769f-4c48-bb25-63ed98da088f"
"2026-09-17T04:15:32.7702Z",starburstgalaxy,playSWEEPSWinZone,evolution,web,gold,regular,"3000.0","0.0",lose,"a6aca394-9447-44fc-b63c-6020cd4e4992"
"2026-09-17T04:15:19.0569Z",starburstgalaxy,playSWEEPSWinZone,evolution,web,gold,regular,"3000.0","0.0",lose,"860784fb-8724-4d6b-819f-4fce74db28f2"
"2026-09-17T04:11:47.7710Z",starburstgalaxy,playSWEEPSWinZone,evolution,web,gold,regular,"3000.0","0.0",lose,"84799546-4979-48a4-8cc5-4185e4bd5b5c"
"2026-09-17T04:11:39.6284Z",starburstgalaxy,playSWEEPSWinZone,evolution,web,gold,regular,"3000.0","5250.0",win,"a6e74bfe-75b6-44a4-8bcf-8ad3d47b5e21"
"2026-09-17T04:11:29.4081Z",starburstgalaxy,playSWEEPSWinZone,evolution,web,gold,regular,"3000.0","750.0",win,"b2b3a180-b485-48b4-a863-c87641c0332f"
"2026-09-17T04:11:25.2926Z",starburstgalaxy,playSWEEPSWinZone,evolution,web,gold,regular,"3000.0","0.0",lose,"d27ecaca-1698-4ec5-9007-1e9dd638ff9f"
"2026-09-17T04:11:01.3524Z",starburstgalaxy,playSWEEPSWinZone,evolution,web,gold,regular,"3000.0","0.0",lose,"33a47b41-de36-42de-8055-dd31820d4061"
"2026-09-17T04:10:54.7797Z",starburstgalaxy,playSWEEPSWinZone,evolution,web,gold,regular,"3000.0","0.0",lose,"75426cb9-9025-4444-889b-47066e6e0d23"
"2026-09-17T04:10:52.8225Z",starburstgalaxy,playSWEEPSWinZone,evolution,web,gold,regular,"3000.0","1500.0",win,"28dac6ae-cd7b-4cba-be16-52c011d3c36f"
"2026-09-17T04:10:48.6422Z",starburstgalaxy,playSWEEPSWinZone,evolution,web,gold,regular,"3000.0","0.0",lose,"a8f50063-81a9-4181-bf8b-2f06b83cfbeb"
"2026-09-17T04:10:41.1543Z",starburstgalaxy,playSWEEPSWinZone,evolution,web,gold,regular,"3000.0","1500.0",win,"c9fa6ea0-7a3b-4e9a-a478-17e3a7d18d2f"
"2026-09-17T04:10:36.9698Z",starburstgalaxy,playSWEEPSWinZone,evolution,web,gold,regular,"3000.0","0.0",lose,"f927eaeb-7922-4fb7-9e21-3c55fa74d1a8"
"2026-09-17T04:10:32.3922Z",starburstgalaxy,playSWEEPSWinZone,evolution,web,gold,regular,"3000.0","0.0",lose,"6794ed46-1895-4233-9825-9502183e0bef"
"2026-09-17T04:10:30.8012Z",starburstgalaxy,playSWEEPSWinZone,evolution,web,gold,regular,"3000.0","0.0",lose,"73b28b77-cae9-484b-9f12-5eb57aeff3a7"
"2026-09-17T04:10:20.7076Z",starburstgalaxy,playSWEEPSWinZone,evolution,web,gold,regular,"3000.0","0.0",lose,"466680c0-dd02-4b4c-8096-728a72b616de"
"2026-09-17T04:10:18.8893Z",starburstgalaxy,playSWEEPSWinZone,evolution,web,gold,regular,"3000.0","0.0",lose,"245f722c-2fc7-484d-9db8-d826aff51e42"
"2026-09-17T04:09:41.0851Z",starburstgalaxy,playSWEEPSWinZone,evolution,web,gold,regular,"3000.0","0.0",lose,"668bc992-df0f-48b0-9a62-75c21ac8ada1"
"2026-09-17T04:09:39.7771Z",starburstgalaxy,playSWEEPSWinZone,evolution,web,gold,regular,"3000.0","0.0",lose,"39cb02e3-7b11-4dde-8121-7b7fe2f71a68"
"2026-09-17T04:09:36.5873Z",starburstgalaxy,playSWEEPSWinZone,evolution,web,gold,regular,"3000.0","0.0",lose,"6d23d764-aefe-4a4d-ae11-d71f06c324f9"
"2026-09-17T04:09:34.9359Z",starburstgalaxy,playSWEEPSWinZone,evolution,web,gold,regular,"3000.0","0.0",lose,"e4053eac-2518-4c59-8910-9a4e27e1e33d"
"2026-09-17T04:09:33.3644Z",starburstgalaxy,playSWEEPSWinZone,evolution,web,gold,regular,"3000.0","0.0",lose,"765f52cc-4cd0-4fbd-9d77-527884aa2b24"
"2026-09-17T04:09:31.4631Z",starburstgalaxy,playSWEEPSWinZone,evolution,web,gold,regular,"3000.0","2250.0",win,"5618d2df-1a38-4645-96dd-a2ac9f7b7cd9"
"2026-09-17T04:09:24.4733Z",starburstgalaxy,playSWEEPSWinZone,evolution,web,gold,regular,"3000.0","0.0",lose,"59b5e8e8-c774-4b6e-9cd5-82a764b1d32f"
"2026-09-17T04:09:22.9106Z",starburstgalaxy,playSWEEPSWinZone,evolution,web,gold,regular,"3000.0","0.0",lose,"080947b9-2d30-4c68-b3a2-3c23a88256f6"
"2026-09-17T04:09:21.2353Z",starburstgalaxy,playSWEEPSWinZone,evolution,web,gold,regular,"3000.0","0.0",lose,"3ffffd97-dd4a-4512-8a13-0de2ffb28932"
"2026-09-17T04:09:19.8622Z",starburstgalaxy,playSWEEPSWinZone,evolution,web,gold,regular,"3000.0","0.0",lose,"84de74d3-a78b-4607-805b-06b4906da1ce"
"2026-09-17T04:07:20.0967Z",starburstgalaxy,playSWEEPSWinZone,evolution,web,gold,regular,"3000.0","6000.0",win,"865ac543-7f10-48cb-a9bd-b3a1c54ed289"
"2026-09-17T04:07:03.7060Z",starburstgalaxy,playSWEEPSWinZone,evolution,web,gold,regular,"3000.0","0.0",lose,"3004d054-4929-4e88-a080-9fb440e61bad"
"2026-09-17T04:04:59.8981Z",starburstgalaxy,playSWEEPSWinZone,evolution,web,gold,regular,"3000.0","0.0",lose,"50236916-5900-4820-8d56-0184139f6de3"
"2026-09-17T04:04:50.5664Z",starburstgalaxy,playSWEEPSWinZone,evolution,web,gold,regular,"3000.0","0.0",lose,"fe00bb18-deba-4ab5-af05-22b6d16b4874"
"2026-09-17T04:04:46.5379Z",starburstgalaxy,playSWEEPSWinZone,evolution,web,gold,regular,"3000.0","0.0",lose,"79b70582-bd75-4d45-9632-0e5124407cb7"
"2026-09-17T04:04:43.3527Z",starburstgalaxy,playSWEEPSWinZone,evolution,web,gold,regular,"3000.0","0.0",lose,"209f85e8-ce5f-4e5b-b262-aede12cfae89"
"2026-09-17T04:04:40.8761Z",starburstgalaxy,playSWEEPSWinZone,evolution,web,gold,regular,"3000.0","1500.0",win,"6bcbb1c8-0a50-45ec-a911-c954df26ee5a"
"2026-09-17T03:36:01.3006Z",sherlock,playSWEEPSWinZone,ps,web,gold,regular,"1000.0","0.0",lose,"ZzUr+sYe8L7eD09DqxdJVw=="
"2026-09-17T03:35:39.3421Z",sherlock,playSWEEPSWinZone,ps,web,gold,regular,"1000.0","0.0",lose,"vsbQvRQ2HecKGQKZ2BtgLQ=="
"2026-09-17T03:35:34.8222Z",sherlock,playSWEEPSWinZone,ps,web,gold,regular,"1000.0","0.0",lose,"pb7xS3xPB1sA/16U0bjq3g=="
"2026-09-17T03:30:00.2153Z",sherlock,playSWEEPSWinZone,ps,web,gold,regular,"1000.0","0.0",lose,"eMmo8eqS7fC3PxIATkShuw=="
"2026-09-17T03:29:47.4880Z",sherlock,playSWEEPSWinZone,ps,web,gold,regular,"1000.0","0.0",lose,"ytqSn6B6QvixZCahCYmvlQ=="
"2026-09-17T03:29:44.1547Z",sherlock,playSWEEPSWinZone,ps,web,gold,regular,"1000.0","0.0",lose,"JQXUdZWv5wRL5tDs6iyxcg=="
"2026-09-17T03:29:38.7883Z",sherlock,playSWEEPSWinZone,ps,web,gold,regular,"1000.0","200.0",win,"qHa6O6RPysgTFcngMMzTKA=="
"2026-09-17T03:29:35.7933Z",sherlock,playSWEEPSWinZone,ps,web,gold,regular,"1000.0","0.0",lose,"skt0kTSvNlNHOl7jdZoExQ=="
"2026-09-17T03:29:32.6950Z",sherlock,playSWEEPSWinZone,ps,web,gold,regular,"1000.0","0.0",lose,"ubXe28kFNOvEf8b1BfYaJQ=="
"2026-09-17T07:51:35.1514Z",moneybolt,playSWEEPSWinZone,ps,web,gold,regular,"3000.0","300.0",win,"ExTVqTb8hgnHGWtyTounkQ=="
"2026-09-17T07:51:26.1209Z",moneybolt,playSWEEPSWinZone,ps,web,gold,regular,"3000.0","0.0",lose,"oWdg1GXIPBvPQ4SrONWIMw=="
"2026-09-17T07:48:14.5423Z",moneybolt,playSWEEPSWinZone,ps,web,gold,regular,"3000.0","0.0",lose,"5eZ5BE81F/4Gd3PphRThZQ=="
"2026-09-17T07:47:46.2364Z",moneybolt,playSWEEPSWinZone,ps,web,gold,regular,"3000.0","0.0",lose,"g3XQx2APiLOuSNURwTbhSA=="
"2026-09-17T07:47:43.0961Z",moneybolt,playSWEEPSWinZone,ps,web,gold,regular,"3000.0","0.0",lose,"4CFGRa/6iG4Wi0beO6eojA=="
"2026-09-17T07:47:33.8665Z",moneybolt,playSWEEPSWinZone,ps,web,gold,regular,"3000.0","0.0",lose,"JG2yxq3JmQCAAvAFSv4dGA=="
"2026-09-17T07:47:25.7855Z",moneybolt,playSWEEPSWinZone,ps,web,gold,regular,"3000.0","0.0",lose,"RJtwG3ImdxZhQeWPoOq5Ig=="
"2026-09-17T07:47:22.8435Z",moneybolt,playSWEEPSWinZone,ps,web,gold,regular,"3000.0","0.0",lose,"bDrJzzRcRtCOhY0+GpcZlQ=="
"2026-09-17T07:40:14.5486Z",moneybolt,playSWEEPSWinZone,ps,web,gold,regular,"3000.0","0.0",lose,"PDioMeHCj47D+hzl3nXzQg=="
"2026-09-17T07:40:10.8709Z",moneybolt,playSWEEPSWinZone,ps,web,gold,regular,"3000.0","0.0",lose,"WWJ1xtKicLtNISefjGMOlg=="
"2026-09-17T07:39:43.2704Z",moneybolt,playSWEEPSWinZone,ps,web,gold,regular,"3000.0","0.0",lose,"7Hs+HyHZwhkSY5nkfe4HLg=="
"2026-09-17T07:39:40.1703Z",moneybolt,playSWEEPSWinZone,ps,web,gold,regular,"3000.0","0.0",lose,"XSXtRwVVPITxcWTB7YzSMQ=="
"2026-09-17T07:39:34.1015Z",moneybolt,playSWEEPSWinZone,ps,web,gold,regular,"3000.0","0.0",lose,"WcZjbMO+dOT4y74IpX1eWg=="
"2026-09-17T07:39:31.0250Z",moneybolt,playSWEEPSWinZone,ps,web,gold,regular,"3000.0","0.0",lose,"1u4QzG+NPyW7dLJ24H3MTg=="
"2026-09-17T07:39:31.0250Z",moneybolt,playSWEEPSWinZone,ps,web,gold,regular,"3000.0","0.0",lose,"1u4QzG+NPyW7dLJ24H3MTg=="
"2026-09-17T07:39:24.9472Z",moneybolt,playSWEEPSWinZone,ps,web,gold,regular,"3000.0","0.0",lose,"ZrBQXaMGNHj3y+DEsaRrGg=="
"2026-09-17T07:34:50.7509Z",moneybolt,playSWEEPSWinZone,ps,web,gold,regular,"3000.0","0.0",lose,"j1ZGGg5qvWDQdteT0+p59w=="
"2026-09-17T07:34:47.8915Z",moneybolt,playSWEEPSWinZone,ps,web,gold,regular,"3000.0","0.0",lose,"a2nAPPLi1DwDzNLcn8DBmg=="
"2026-09-17T07:30:56.7752Z",moneybolt,playSWEEPSWinZone,ps,web,gold,"free_spin","0.0","84000.0",win,"uiAlvPKm1YKIjvJ8ntXy0g=="
"2026-09-17T07:30:14.5128Z",moneybolt,playSWEEPSWinZone,ps,web,gold,regular,"3000.0","0.0",lose,"uiAlvPKm1YKIjvJ8ntXy0g=="
"2026-09-17T07:25:48.0441Z",moneybolt,playSWEEPSWinZone,ps,web,gold,regular,"3000.0","0.0",lose,"IeZXsofmxP6IgX9DF7BenQ=="
"2026-09-17T07:25:44.9100Z",moneybolt,playSWEEPSWinZone,ps,web,gold,regular,"3000.0","0.0",lose,"dGkY4QVh4OUNe6xIx9CE0w=="
"2026-09-17T07:25:26.9322Z",moneybolt,playSWEEPSWinZone,ps,web,gold,regular,"3000.0","7500.0",win,"YXJmOqNZaCFw2MbDoVmDYA=="
"2026-09-17T07:25:21.2670Z",moneybolt,playSWEEPSWinZone,ps,web,gold,regular,"3000.0","7200.0",win,"TIYO9lkOb0aeC1InLUNTIQ=="
"2026-09-17T07:25:12.7333Z",moneybolt,playSWEEPSWinZone,ps,web,gold,regular,"3000.0","1200.0",win,"mGFpK4ySJV+2/4RAgi45Cw=="
"2026-09-17T07:25:09.5433Z",moneybolt,playSWEEPSWinZone,ps,web,gold,regular,"3000.0","0.0",lose,"9NBS2kvT1hZ0EzPLLEYtBw=="
"2026-09-17T07:23:22.7024Z",moneybolt,playSWEEPSWinZone,ps,web,gold,regular,"3000.0","1200.0",win,"MbYiL9fd4tLXNALZI84CMw=="
"2026-09-17T07:23:16.6877Z",moneybolt,playSWEEPSWinZone,ps,web,gold,regular,"3000.0","0.0",lose,"NaMZkmWXub7QRwelx9rw8A=="
"2026-09-17T07:23:13.6308Z",moneybolt,playSWEEPSWinZone,ps,web,gold,regular,"3000.0","0.0",lose,"jvM2qYZ6KnD+JgFxPMt4ZA=="
"2026-09-17T07:22:49.7629Z",moneybolt,playSWEEPSWinZone,ps,web,gold,"free_spin","0.0","74400.0",win,"kFldGC9lKupLop1eXRusTQ=="
"2026-09-17T06:38:56.0590Z",moneybolt,playSWEEPSWinZone,ps,web,gold,regular,"3000.0","0.0",lose,"HZHeAFoKPx1JmfNq03K7Dg=="
"2026-09-17T06:38:53.1483Z",moneybolt,playSWEEPSWinZone,ps,web,gold,regular,"3000.0","0.0",lose,"fDyK1vGi/AqefjPdLbqFWw=="
"2026-09-17T06:38:46.4930Z",moneybolt,playSWEEPSWinZone,ps,web,gold,regular,"3000.0","0.0",lose,"UpXNOfhf1YiIs7Ae3tJqbg=="
"2026-09-17T06:38:40.4921Z",moneybolt,playSWEEPSWinZone,ps,web,gold,regular,"3000.0","0.0",lose,"wq2xmnOK4v6xeTGpt62HxQ=="
"2026-09-17T06:38:34.2902Z",moneybolt,playSWEEPSWinZone,ps,web,gold,regular,"3000.0","0.0",lose,"NEZULhTK2aEl2chSA49edg=="
"2026-09-17T06:38:31.3372Z",moneybolt,playSWEEPSWinZone,ps,web,gold,regular,"3000.0","0.0",lose,"UxoSfUbNfu/+i+2qVSzEwg=="
"2026-09-17T06:38:09.7763Z",moneybolt,playSWEEPSWinZone,ps,web,gold,regular,"3000.0","0.0",lose,"kcAaaArjvQXgptkQqTQQEA=="
"2026-09-17T06:33:26.8461Z",moneybolt,playSWEEPSWinZone,ps,web,gold,regular,"3000.0","600.0",win,"kau7lh7kR3OXCrv6vZ8eRw=="
"2026-09-17T06:33:23.9266Z",moneybolt,playSWEEPSWinZone,ps,web,gold,regular,"3000.0","0.0",lose,"1o6UtgeZL1gznxyHFDHCzQ=="
"2026-09-17T06:33:18.8186Z",moneybolt,playSWEEPSWinZone,ps,web,gold,regular,"3000.0","300.0",win,"ckw4bAWqktyHYyxfucCaAA=="
"2026-09-17T06:33:04.6261Z",moneybolt,playSWEEPSWinZone,ps,web,gold,regular,"3000.0","0.0",lose,"FjkvXjHIbHHsUXRdlQO2ww=="
"2026-09-17T06:33:01.5956Z",moneybolt,playSWEEPSWinZone,ps,web,gold,regular,"3000.0","0.0",lose,"AExTnFLO0hLeo7GPMoB0Iw=="
"2026-09-17T06:30:50.3917Z",moneybolt,playSWEEPSWinZone,ps,web,gold,regular,"3000.0","0.0",lose,"+wchBdoWgCKShvsvtvCToQ=="
"2026-09-17T06:30:41.5639Z",moneybolt,playSWEEPSWinZone,ps,web,gold,regular,"3000.0","0.0",lose,"d7Ei+ooMOsz0wAUP4EIUWQ=="
"2026-09-17T06:30:35.4202Z",moneybolt,playSWEEPSWinZone,ps,web,gold,regular,"3000.0","0.0",lose,"vMQP+kZqyA6MvXQJzbgBMw=="
"2026-09-17T06:30:23.6220Z",moneybolt,playSWEEPSWinZone,ps,web,gold,regular,"3000.0","0.0",lose,"b8jAmfiXt88kZjbOToXuHg=="
"2026-09-17T06:30:17.6244Z",moneybolt,playSWEEPSWinZone,ps,web,gold,regular,"3000.0","0.0",lose,"ihUk8W3uTA/aI1APi+B7Qg=="
"2026-09-17T06:30:13.8010Z",moneybolt,playSWEEPSWinZone,ps,web,gold,regular,"3000.0","0.0",lose,"mJUP5AUj6MJUUFdwYdwZBg=="
"2026-09-17T06:30:10.3128Z",moneybolt,playSWEEPSWinZone,ps,web,gold,regular,"3000.0","0.0",lose,"GW1elOWJrD5N7MPEBhiTUw=="
"2026-09-17T06:28:59.5119Z",moneybolt,playSWEEPSWinZone,ps,web,gold,regular,"3000.0","600.0",win,"FrdksIQ33rHJoYNUB2irSw=="
"2026-09-17T06:28:54.3668Z",moneybolt,playSWEEPSWinZone,ps,web,gold,regular,"3000.0","1800.0",win,"XwtVQ1073Y90DqbdAFeCQg=="
"2026-09-17T06:28:36.3797Z",moneybolt,playSWEEPSWinZone,ps,web,gold,regular,"3000.0","0.0",lose,"EuFAJ0T0o9BFF6hzahkeqw=="
"2026-09-17T06:28:33.4187Z",moneybolt,playSWEEPSWinZone,ps,web,gold,regular,"3000.0","0.0",lose,"/FUEhvtO3AU1GQ889j5uRA=="
"2026-09-17T06:28:28.2373Z",moneybolt,playSWEEPSWinZone,ps,web,gold,regular,"3000.0","600.0",win,"eLK9sJ8CEn56YpSTGxrqZg=="
"2026-09-17T06:28:12.3174Z",moneybolt,playSWEEPSWinZone,ps,web,gold,regular,"3000.0","0.0",lose,"GfPCsKRd6u6oHDFRDdpkhA=="
"2026-09-17T06:28:09.4048Z",moneybolt,playSWEEPSWinZone,ps,web,gold,regular,"3000.0","0.0",lose,"HDUNllR979omBudzKT9dpw=="
"2026-09-17T06:28:04.4023Z",moneybolt,playSWEEPSWinZone,ps,web,gold,regular,"3000.0","6000.0",win,"s65QzWoYYUE06HFiTWaZLw=="
"2026-09-17T06:27:26.8749Z",moneybolt,playSWEEPSWinZone,ps,web,gold,"free_spin","0.0","18000.0",win,"ocz6gVDjMBY0E1NW4qcBdg=="
"2026-09-17T06:25:46.3573Z",moneybolt,playSWEEPSWinZone,ps,web,gold,regular,"3000.0","0.0",lose,"p0P/88M2bWMO0PymzIE4xQ=="
"2026-09-17T06:25:43.2381Z",moneybolt,playSWEEPSWinZone,ps,web,gold,regular,"3000.0","0.0",lose,"+okO5j/LBZ3TLwdP3BjUZw=="
"2026-09-17T06:25:37.4642Z",moneybolt,playSWEEPSWinZone,ps,web,gold,regular,"3000.0","0.0",lose,"uf3R/3iYSYLjv5n4h0iyEA=="
"2026-09-17T06:25:34.0051Z",moneybolt,playSWEEPSWinZone,ps,web,gold,regular,"3000.0","0.0",lose,"ajbaQyS+hPeOFRyNvFLeYA=="
"2026-09-17T06:25:20.1165Z",moneybolt,playSWEEPSWinZone,ps,web,gold,regular,"3000.0","900.0",win,"JwfoZMyW+65Dh7rlih8HwA=="
"2026-09-17T06:21:40.9326Z",moneybolt,playSWEEPSWinZone,ps,web,gold,regular,"3000.0","9000.0",win,"jYXTbCM7LuBigPPuyRNHrw=="
"2026-09-17T06:21:37.7380Z",moneybolt,playSWEEPSWinZone,ps,web,gold,regular,"3000.0","0.0",lose,"SCgbrx5q4NvW6mivMIXd6A=="
"2026-09-17T06:21:16.5373Z",moneybolt,playSWEEPSWinZone,ps,web,gold,regular,"3000.0","0.0",lose,"v6TAx0TT5RiHwVV3exIVwA=="
"2026-09-17T06:20:55.5950Z",moneybolt,playSWEEPSWinZone,ps,web,gold,regular,"3000.0","0.0",lose,"Mv4+oldfDabEPN+E/f2BfA=="
"2026-09-17T06:20:52.6785Z",moneybolt,playSWEEPSWinZone,ps,web,gold,regular,"3000.0","0.0",lose,"/BfX3Tg38yw+SlV5HB9vIg=="
"2026-09-17T06:20:49.7024Z",moneybolt,playSWEEPSWinZone,ps,web,gold,regular,"3000.0","0.0",lose,"pLWZ9HdbVA6XHeJJaq6/mg=="
"2026-09-17T06:20:24.9992Z",moneybolt,playSWEEPSWinZone,ps,web,gold,regular,"3000.0","0.0",lose,"o9MKfGBY2AsOgEPffSiMMA=="
"2026-09-17T06:20:07.4703Z",moneybolt,playSWEEPSWinZone,ps,web,gold,regular,"3000.0","0.0",lose,"q3VivQ7op4vi7TEXWx4RZA=="
"2026-09-17T06:19:57.6041Z",moneybolt,playSWEEPSWinZone,ps,web,gold,regular,"3000.0","600.0",win,"OR8L5ZSatQWwkpq4EtypiQ=="
"2026-09-17T06:19:54.6963Z",moneybolt,playSWEEPSWinZone,ps,web,gold,regular,"3000.0","0.0",lose,"vZfhJexVggdPlRPdVtU5uw=="
"2026-09-17T06:19:51.6895Z",moneybolt,playSWEEPSWinZone,ps,web,gold,regular,"3000.0","0.0",lose,"WBgF2RgEjJhJ5q4dwlTfLQ=="
"2026-09-17T06:19:48.5729Z",moneybolt,playSWEEPSWinZone,ps,web,gold,regular,"3000.0","0.0",lose,"U7pLWoQBKS7yRrjWYj51Dg=="
"2026-09-17T06:19:40.1476Z",moneybolt,playSWEEPSWinZone,ps,web,gold,regular,"3000.0","0.0",lose,"2oeWP7v0dK0md/qhCfSScQ=="
"2026-09-17T06:19:33.7448Z",moneybolt,playSWEEPSWinZone,ps,web,gold,regular,"3000.0","0.0",lose,"lwdwMBEX3NAu31jgbHJXdw=="
"2026-09-17T06:19:30.6735Z",moneybolt,playSWEEPSWinZone,ps,web,gold,regular,"3000.0","0.0",lose,"u+MqvuWTA8zFMdlrZrISvg=="
"2026-09-17T06:08:49.9585Z",moneybolt,playSWEEPSWinZone,ps,web,gold,"free_spin","0.0","82200.0",win,"VpExk6uwQpwgQpysaEkxoA=="
"2026-09-17T06:08:11.4514Z",moneybolt,playSWEEPSWinZone,ps,web,gold,regular,"3000.0","0.0",lose,"VpExk6uwQpwgQpysaEkxoA=="
"2026-09-17T06:08:08.7021Z",moneybolt,playSWEEPSWinZone,ps,web,gold,regular,"3000.0","0.0",lose,"AC6t25zlFM0QWwXtmVfPVw=="
"2026-09-17T06:08:05.8170Z",moneybolt,playSWEEPSWinZone,ps,web,gold,regular,"3000.0","0.0",lose,"64Eiq5eMBIvMioCACzaMTg=="
"2026-09-17T06:08:02.9712Z",moneybolt,playSWEEPSWinZone,ps,web,gold,regular,"3000.0","0.0",lose,"WBx3lLMzuBYk80Yjs5mLhw=="
"2026-09-17T06:07:59.9701Z",moneybolt,playSWEEPSWinZone,ps,web,gold,regular,"3000.0","0.0",lose,"iIyoRnmL9x9vybaVWy1Yvw=="
"2026-09-17T06:05:56.4090Z",moneybolt,playSWEEPSWinZone,ps,web,gold,regular,"3000.0","0.0",lose,"eNdLznY8ufOKqoJAiJNVAA=="
"2026-09-17T06:05:43.9162Z",moneybolt,playSWEEPSWinZone,ps,web,gold,regular,"3000.0","0.0",lose,"Z7dHWY4o8TTtgdrW0+DuOQ=="
"2026-09-17T06:05:40.6782Z",moneybolt,playSWEEPSWinZone,ps,web,gold,regular,"3000.0","0.0",lose,"QA+DH8/YsUWV+NEwuW8Pkg=="
"2026-09-17T06:05:32.2028Z",moneybolt,playSWEEPSWinZone,ps,web,gold,regular,"3000.0","1200.0",win,"6hcBFgctSTVP7Gcht0SUXg=="
"2026-09-17T06:05:29.0600Z",moneybolt,playSWEEPSWinZone,ps,web,gold,regular,"3000.0","0.0",lose,"/Se4iIWOYOW1rBYGmLoCpQ=="
"2026-09-17T06:05:25.7236Z",moneybolt,playSWEEPSWinZone,ps,web,gold,regular,"3000.0","0.0",lose,"IMx7MxVEG6FjBPjatG4Qxw=="
"2026-09-17T06:05:06.0503Z",moneybolt,playSWEEPSWinZone,ps,web,gold,regular,"3000.0","0.0",lose,"g03yMQjyR4LhTxJNOd4BjA=="
"2026-09-17T06:04:58.6644Z",moneybolt,playSWEEPSWinZone,ps,web,gold,regular,"3000.0","0.0",lose,"I7onyFa0WTnopATmDs4HhA=="
"2026-09-17T05:59:39.5686Z",moneybolt,playSWEEPSWinZone,ps,web,gold,regular,"3000.0","0.0",lose,"/2/hNUDd0VJoOVGCGQ60tg=="
"2026-09-17T05:59:36.5091Z",moneybolt,playSWEEPSWinZone,ps,web,gold,regular,"3000.0","0.0",lose,"1bsxh4HzJw1PC7uNQehu4A=="
"2026-09-17T05:59:22.6197Z",moneybolt,playSWEEPSWinZone,ps,web,gold,regular,"3000.0","0.0",lose,"uEsrvrbirlEZlB6i+vM9mQ=="
"2026-09-17T05:59:19.5789Z",moneybolt,playSWEEPSWinZone,ps,web,gold,regular,"3000.0","0.0",lose,"JpfQyYHcDSiTXAeedE3IJA=="
"2026-09-17T09:04:09.6768Z",moneybolt,playSWEEPSWinZone,ps,web,gold,regular,"3000.0","0.0",lose,"ufRMzQRtCc8K23q6CcH+oQ=="
"2026-09-17T09:04:01.5250Z",moneybolt,playSWEEPSWinZone,ps,web,gold,regular,"3000.0","600.0",win,"OTTEu4+yrMegVl7nEaR2xw=="
"2026-09-17T09:03:53.4671Z",moneybolt,playSWEEPSWinZone,ps,web,gold,regular,"3000.0","600.0",win,"4Q7DRNmX2ORSonwXXfeUYA=="
"2026-09-17T09:03:47.6756Z",moneybolt,playSWEEPSWinZone,ps,web,gold,regular,"3000.0","0.0",lose,"jhhyM/0ZGngOpfNc/RTH0A=="
"2026-09-17T09:01:38.5753Z",moneybolt,playSWEEPSWinZone,ps,web,gold,regular,"3000.0","600.0",win,"qjyLLLOOuneg3QCvc1LGMQ=="
"2026-09-17T09:01:29.7650Z",moneybolt,playSWEEPSWinZone,ps,web,gold,regular,"3000.0","0.0",lose,"0mwGnaubVaUjQp8d1wlc5A=="
"2026-09-17T09:01:18.6557Z",moneybolt,playSWEEPSWinZone,ps,web,gold,regular,"3000.0","72000.0",win,"WIuSPOAZTFJH97k8HmrN9A=="
"2026-09-17T09:00:54.7817Z",moneybolt,playSWEEPSWinZone,ps,web,gold,regular,"3000.0","0.0",lose,"h6fpZ+u1Zr3udRRcCnJs5g=="
"2026-09-17T09:00:50.8827Z",moneybolt,playSWEEPSWinZone,ps,web,gold,regular,"3000.0","0.0",lose,"rAR5dXa4IYyqat1BRo7xqA=="
"2026-09-17T09:00:47.8104Z",moneybolt,playSWEEPSWinZone,ps,web,gold,regular,"3000.0","0.0",lose,"Ka8JuKX7zrHootB6coq0VA=="
"2026-09-17T09:00:35.9430Z",moneybolt,playSWEEPSWinZone,ps,web,gold,regular,"3000.0","0.0",lose,"KOyAU0XJxZSZdLp854qhRA=="
"2026-09-17T09:00:29.1085Z",moneybolt,playSWEEPSWinZone,ps,web,gold,regular,"3000.0","0.0",lose,"A2WkwYMOHFpZWnpYXQovUw=="
"2026-09-17T08:56:40.9858Z",moneybolt,playSWEEPSWinZone,ps,web,gold,regular,"3000.0","600.0",win,"qm4FOBjOuQxhvWHXLujSaw=="
"2026-09-17T08:56:18.0488Z",moneybolt,playSWEEPSWinZone,ps,web,gold,regular,"3000.0","240000.0",win,"xvVLDHYYhwDrXURKO2Ab4Q=="
"2026-09-17T08:56:14.8514Z",moneybolt,playSWEEPSWinZone,ps,web,gold,regular,"3000.0","0.0",lose,"cyUs8ElsCYPkRtrm9e+cxA=="
"2026-09-17T08:56:11.8738Z",moneybolt,playSWEEPSWinZone,ps,web,gold,regular,"3000.0","0.0",lose,"RMD5pSPSDaY7oyl08c3w6g=="
"2026-09-17T08:56:03.2950Z",moneybolt,playSWEEPSWinZone,ps,web,gold,regular,"3000.0","19500.0",win,"zYvglIkxA1WkJq1DBPRaXA=="
"2026-09-17T08:55:56.7887Z",moneybolt,playSWEEPSWinZone,ps,web,gold,regular,"3000.0","0.0",lose,"dB5jAzhMz/W52WBFqhou4w=="
"2026-09-17T08:55:48.6034Z",moneybolt,playSWEEPSWinZone,ps,web,gold,regular,"3000.0","300.0",win,"yXo7b+4bsRQQ3rCfeagmLA=="
"2026-09-17T08:55:41.3115Z",moneybolt,playSWEEPSWinZone,ps,web,gold,regular,"3000.0","0.0",lose,"N78QUxM1qeIoiOZM7wOcBw=="
"2026-09-17T08:55:32.0144Z",moneybolt,playSWEEPSWinZone,ps,web,gold,regular,"3000.0","300.0",win,"7pQsR9BWksBJK2/yOCZdnw=="
"2026-09-17T08:55:37.3197Z",moneybolt,playSWEEPSWinZone,ps,web,gold,regular,"3000.0","0.0",lose,"8gWmXfC7nZX7sF5nHYlKlg=="
"2026-09-17T08:55:28.8816Z",moneybolt,playSWEEPSWinZone,ps,web,gold,regular,"3000.0","0.0",lose,"y+oAWp0tbZ420pau9HGHxw=="
"2026-09-17T08:55:25.5666Z",moneybolt,playSWEEPSWinZone,ps,web,gold,regular,"3000.0","0.0",lose,"3xBVkTRRPufJ0gwQtLY68w=="
"2026-09-17T08:49:20.1653Z",moneybolt,playSWEEPSWinZone,ps,web,gold,regular,"3000.0","1800.0",win,"lrJEaC2NxkIZvWv/JcWh0Q=="
"2026-09-17T08:43:12.8825Z",moneybolt,playSWEEPSWinZone,ps,web,gold,regular,"3000.0","9000.0",win,"OsQLqYLwx+1LqWTFk70ozg=="
"2026-09-17T08:43:09.8005Z",moneybolt,playSWEEPSWinZone,ps,web,gold,regular,"3000.0","0.0",lose,"jzi4vlDgXeKw+i1T91JK8w=="
"2026-09-17T08:43:06.1250Z",moneybolt,playSWEEPSWinZone,ps,web,gold,regular,"3000.0","0.0",lose,"68tk4rMAIQLIkLWP7Rgwnw=="
"2026-09-17T08:43:00.9946Z",moneybolt,playSWEEPSWinZone,ps,web,gold,regular,"3000.0","300.0",win,"QZvmY83AqneUoagOihqABA=="
"2026-09-17T08:42:50.8438Z",moneybolt,playSWEEPSWinZone,ps,web,gold,regular,"3000.0","300.0",win,"BNBS35beDs16P3sdraQ/Xg=="
"2026-09-17T08:42:38.8853Z",moneybolt,playSWEEPSWinZone,ps,web,gold,regular,"3000.0","0.0",lose,"uAHkoPCyBiD5VcKTU65Yhg=="
"2026-09-17T08:42:35.9572Z",moneybolt,playSWEEPSWinZone,ps,web,gold,regular,"3000.0","0.0",lose,"2j9Gp87tj2cHJB0KSX4tXQ=="
"2026-09-17T08:42:21.4048Z",moneybolt,playSWEEPSWinZone,ps,web,gold,regular,"3000.0","0.0",lose,"Q0lR/Dh7kIfVT0986HUGjA=="
"2026-09-17T08:42:15.3644Z",moneybolt,playSWEEPSWinZone,ps,web,gold,regular,"3000.0","0.0",lose,"uHh19m6ArX0QvCZnQ1uo/Q=="
"2026-09-17T08:41:55.6211Z",moneybolt,playSWEEPSWinZone,ps,web,gold,regular,"3000.0","0.0",lose,"87308PfGugo//RjAIVVs3g=="
"2026-09-17T08:41:52.7283Z",moneybolt,playSWEEPSWinZone,ps,web,gold,regular,"3000.0","0.0",lose,"WKdRnZYOnvCCDzfnAX4/tA=="
"2026-09-17T08:41:49.8587Z",moneybolt,playSWEEPSWinZone,ps,web,gold,regular,"3000.0","0.0",lose,"7qXxHcAXKI4osKuD+3Ousw=="
"2026-09-17T08:42:18.4715Z",moneybolt,playSWEEPSWinZone,ps,web,gold,regular,"3000.0","0.0",lose,"MK4CfY+J8FFgec3WtmOxXQ=="
"2026-09-17T08:41:58.4710Z",moneybolt,playSWEEPSWinZone,ps,web,gold,regular,"3000.0","4500.0",win,"l36rj+TSpYIFL/dM2WZZ1A=="
"2026-09-17T08:41:46.7157Z",moneybolt,playSWEEPSWinZone,ps,web,gold,regular,"3000.0","0.0",lose,"5zmjQP1fq+2sf7XPLX08EA=="
"2026-09-17T08:41:37.5480Z",moneybolt,playSWEEPSWinZone,ps,web,gold,regular,"3000.0","24600.0",win,"8LeJbIneUgqeQvUfMHLFag=="
"2026-09-17T08:41:34.7233Z",moneybolt,playSWEEPSWinZone,ps,web,gold,regular,"3000.0","0.0",lose,"XHbRRcYviCaD7MWhlWWj8Q=="
"2026-09-17T08:41:28.0011Z",moneybolt,playSWEEPSWinZone,ps,web,gold,regular,"3000.0","0.0",lose,"fUCmZ2CG6zFfqtXEsNnjJQ=="
"2026-09-17T08:31:23.0659Z",moneybolt,playSWEEPSWinZone,ps,web,gold,regular,"3000.0","0.0",lose,"ji5Hb97pHJyyg3BaNsDd4A=="
"2026-09-17T08:31:19.8768Z",moneybolt,playSWEEPSWinZone,ps,web,gold,regular,"3000.0","0.0",lose,"RrLsQnYItXNTJhjjAHhYmA=="
"2026-09-17T08:31:13.5176Z",moneybolt,playSWEEPSWinZone,ps,web,gold,regular,"3000.0","0.0",lose,"FajZ6sDWi8vjqkqAq6oEWw=="
"2026-09-17T08:31:07.0879Z",moneybolt,playSWEEPSWinZone,ps,web,gold,regular,"3000.0","0.0",lose,"6uq9Ss9oAzZhrN8w8EtkAA=="
"2026-09-17T08:31:02.1312Z",moneybolt,playSWEEPSWinZone,ps,web,gold,regular,"3000.0","0.0",lose,"mtqAq9Imx7nFPfXhmxYqkQ=="
"2026-09-17T08:30:58.9641Z",moneybolt,playSWEEPSWinZone,ps,web,gold,regular,"3000.0","0.0",lose,"aAol4TN3oMJKRUpiH+AcQQ=="
"2026-09-17T08:30:53.8662Z",moneybolt,playSWEEPSWinZone,ps,web,gold,regular,"3000.0","10800.0",win,"dUcXTK5BobklSIFAtxPY0w=="
"2026-09-17T08:30:50.8943Z",moneybolt,playSWEEPSWinZone,ps,web,gold,regular,"3000.0","0.0",lose,"F8bVJYC2gkmzw+9pD619eA=="
"2026-09-17T08:30:39.6279Z",moneybolt,playSWEEPSWinZone,ps,web,gold,regular,"3000.0","2100.0",win,"0SkeuGkYSHmJJU1LrOhEyQ=="
"2026-09-17T08:30:36.3119Z",moneybolt,playSWEEPSWinZone,ps,web,gold,regular,"3000.0","0.0",lose,"SHLjA5USuBrLh4jxMEb9Ag=="
"2026-09-17T08:30:30.1459Z",moneybolt,playSWEEPSWinZone,ps,web,gold,regular,"3000.0","0.0",lose,"KbMAOlMtV37cgXrz7rv+xw=="
"2026-09-17T08:31:16.6970Z",moneybolt,playSWEEPSWinZone,ps,web,gold,regular,"3000.0","0.0",lose,"W3ZCdm3p4cUkciaUXZeK7A=="
"2026-09-17T08:31:10.3560Z",moneybolt,playSWEEPSWinZone,ps,web,gold,regular,"3000.0","0.0",lose,"4jXppGxDO1wrC2chKeL+cQ=="
"2026-09-17T08:30:47.9816Z",moneybolt,playSWEEPSWinZone,ps,web,gold,regular,"3000.0","0.0",lose,"GraNoWuzSfJjDi6pqubPdg=="
"2026-09-17T08:30:44.6640Z",moneybolt,playSWEEPSWinZone,ps,web,gold,regular,"3000.0","0.0",lose,"hluM89z4YgXwrTqpDXQcXA=="
"2026-09-17T08:30:33.2710Z",moneybolt,playSWEEPSWinZone,ps,web,gold,regular,"3000.0","0.0",lose,"KhTvNmqjrAp6BtOvNJFYMA=="
"2026-09-17T08:30:24.2653Z",moneybolt,playSWEEPSWinZone,ps,web,gold,regular,"3000.0","13500.0",win,"K9h7ufeS/WElcedgeY4qEA=="
"2026-09-17T08:06:19.7556Z",moneybolt,playSWEEPSWinZone,ps,web,gold,regular,"3000.0","6000.0",win,"Ol0ziXlL/P67gj0Mar6jKA=="
"2026-09-17T08:05:47.0972Z",moneybolt,playSWEEPSWinZone,ps,web,gold,regular,"3000.0","3600.0",win,"4JV86s63h5Z+DtQ3IB/hSQ=="
"2026-09-17T08:05:43.8059Z",moneybolt,playSWEEPSWinZone,ps,web,gold,regular,"3000.0","0.0",lose,"59ecPngsfxDnEuVnuxqluA=="
"2026-09-17T08:05:40.8043Z",moneybolt,playSWEEPSWinZone,ps,web,gold,regular,"3000.0","0.0",lose,"Ls78SGcjizi8WnFIM1dQqA=="
"2026-09-17T08:05:34.9308Z",moneybolt,playSWEEPSWinZone,ps,web,gold,regular,"3000.0","0.0",lose,"K7HQUiXyjER2IGSOfPyoTg=="
"2026-09-17T08:05:14.4944Z",moneybolt,playSWEEPSWinZone,ps,web,gold,regular,"3000.0","0.0",lose,"l+lWPrDo5mOSh+ZTQhZ8Fg=="
"2026-09-17T08:05:10.8938Z",moneybolt,playSWEEPSWinZone,ps,web,gold,regular,"3000.0","0.0",lose,"Rf6mCF46ezm+qa/vkOb0Kg=="
"2026-09-17T08:05:01.8532Z",moneybolt,playSWEEPSWinZone,ps,web,gold,regular,"3000.0","1500.0",win,"UIdEPUUYKFkDCPv3YxQZfw=="
"2026-09-17T08:04:58.6200Z",moneybolt,playSWEEPSWinZone,ps,web,gold,regular,"3000.0","0.0",lose,"qCulWjJ5Az5l/Wk1XFvvXw=="
"2026-09-17T08:04:55.7083Z",moneybolt,playSWEEPSWinZone,ps,web,gold,regular,"3000.0","0.0",lose,"WJ23rZM+GPB87t5Ilme7Hg=="
"2026-09-17T08:04:49.7198Z",moneybolt,playSWEEPSWinZone,ps,web,gold,regular,"3000.0","0.0",lose,"peYJVk85vo8Kb0ENfkwPaw=="
"2026-09-17T08:04:34.4283Z",moneybolt,playSWEEPSWinZone,ps,web,gold,regular,"3000.0","0.0",lose,"abivR7r+5jNTiMlsRyGo2Q=="
"2026-09-17T08:04:23.5604Z",moneybolt,playSWEEPSWinZone,ps,web,gold,regular,"3000.0","1800.0",win,"AtcQOIN8o6ovxyagZr1iGQ=="
"2026-09-17T08:00:13.4203Z",moneybolt,playSWEEPSWinZone,ps,web,gold,regular,"3000.0","0.0",lose,"FNgbFiBKTVQcejnKyGaZvA=="
"2026-09-17T08:00:00.1195Z",moneybolt,playSWEEPSWinZone,ps,web,gold,regular,"3000.0","600.0",win,"lNHkoZ0Siz8UHboFLoqMTw=="
"2026-09-17T07:59:51.1922Z",moneybolt,playSWEEPSWinZone,ps,web,gold,regular,"3000.0","0.0",lose,"wep0SFo+ZA/re3ycvQZd3w=="
"2026-09-17T07:59:48.3651Z",moneybolt,playSWEEPSWinZone,ps,web,gold,regular,"3000.0","0.0",lose,"aOvLElaLIMcdL0/OJ60idQ=="
"2026-09-17T07:59:43.4324Z",moneybolt,playSWEEPSWinZone,ps,web,gold,regular,"3000.0","600.0",win,"F4I4wEovBVySRNfeApEkuw=="
"2026-09-17T07:59:37.7347Z",moneybolt,playSWEEPSWinZone,ps,web,gold,regular,"3000.0","0.0",lose,"SlJebtj5bFMVY7H4oWOtWA=="
"2026-09-17T07:59:32.0024Z",moneybolt,playSWEEPSWinZone,ps,web,gold,regular,"3000.0","0.0",lose,"gq3iasEl44pZT66vAVqQmg=="
"2026-09-17T07:59:24.0373Z",moneybolt,playSWEEPSWinZone,ps,web,gold,regular,"3000.0","0.0",lose,"F3aNyZM1Tb40xZ8XmrB9NQ=="
"2026-09-17T08:00:17.1931Z",moneybolt,playSWEEPSWinZone,ps,web,gold,regular,"3000.0","0.0",lose,"mgCw4/dhqwkSnYRLrKpXSw=="
"2026-09-17T08:00:07.0673Z",moneybolt,playSWEEPSWinZone,ps,web,gold,regular,"3000.0","300.0",win,"6UtO0eKdIYcHV9WxHWUpeg=="
"2026-09-17T07:59:56.9091Z",moneybolt,playSWEEPSWinZone,ps,web,gold,regular,"3000.0","0.0",lose,"mXNdELeOlH149FPuwuUvXA=="
"2026-09-17T07:59:54.1381Z",moneybolt,playSWEEPSWinZone,ps,web,gold,regular,"3000.0","0.0",lose,"jGhUbyE6RaoU5LWdmSSdJw=="
"2026-09-17T07:59:40.5951Z",moneybolt,playSWEEPSWinZone,ps,web,gold,regular,"3000.0","0.0",lose,"CUCXW54/3CG6sFcjRaM8Og=="
"2026-09-17T07:59:34.8799Z",moneybolt,playSWEEPSWinZone,ps,web,gold,regular,"3000.0","0.0",lose,"KrgjUF/t5LwVZDuHtycF3w=="
"2026-09-17T07:59:26.9360Z",moneybolt,playSWEEPSWinZone,ps,web,gold,regular,"3000.0","600.0",win,"MXp+y98Y29V0Pz488ewSuA=="
"2026-09-17T07:52:19.5243Z",moneybolt,playSWEEPSWinZone,ps,web,gold,regular,"3000.0","0.0",lose,"vbH5fOjKpUyyr5j8XMiilA=="
"2026-09-17T07:52:16.3491Z",moneybolt,playSWEEPSWinZone,ps,web,gold,regular,"3000.0","0.0",lose,"6rjEpkXJMuGPQEgu0uTKzQ=="
"2026-09-17T07:52:13.3790Z",moneybolt,playSWEEPSWinZone,ps,web,gold,regular,"3000.0","0.0",lose,"s50/Q/xp2fu1KJs/JJ6slw=="
"2026-09-17T07:52:07.5757Z",moneybolt,playSWEEPSWinZone,ps,web,gold,regular,"3000.0","0.0",lose,"1SRKKvXxlysH2mNcoAQ++w=="
"2026-09-17T07:51:54.0866Z",moneybolt,playSWEEPSWinZone,ps,web,gold,regular,"3000.0","0.0",lose,"RjTEki7HzObkCQkEwKu+xg=="
"2026-09-17T07:51:59.8228Z",moneybolt,playSWEEPSWinZone,ps,web,gold,regular,"3000.0","0.0",lose,"qm2aX42hJoU4URCAHPjcKg=="
"2026-09-17T07:51:48.2724Z",moneybolt,playSWEEPSWinZone,ps,web,gold,regular,"3000.0","0.0",lose,"O/VIGASv08bPLzGmcyVxSg=="
"2026-09-17T07:51:45.2564Z",moneybolt,playSWEEPSWinZone,ps,web,gold,regular,"3000.0","0.0",lose,"oGudfTx7+eMPKxqhUvdPow=="
"2026-09-18T07:59:32.5516Z",moneybolt,playSWEEPSWinZone,ps,app,sweep,regular,"0.2","0.0",lose,"EdtZyZGrO86b2Ee9yVJsDw=="
"2026-09-18T07:59:29.4518Z",moneybolt,playSWEEPSWinZone,ps,app,sweep,regular,"0.2","0.0",lose,"r55JN0WiM0F/fEiQSRBQZQ=="
"2026-09-18T07:59:03.2614Z",moneybolt,playSWEEPSWinZone,ps,app,sweep,"free_spin","0.0","12.2",win,"XyZxtuLQ2dRBuaEglsJIwA=="
"2026-09-18T07:59:26.4128Z",moneybolt,playSWEEPSWinZone,ps,app,sweep,regular,"0.2","0.0",lose,"0NmIt2j+y1sg535dAMn/ag=="
"2026-09-18T07:59:23.5464Z",moneybolt,playSWEEPSWinZone,ps,app,sweep,regular,"0.2","0.0",lose,"7ql9BO8sUqiaoJYOjSb8Hg=="
"2026-09-18T07:53:26.4658Z",moneybolt,playSWEEPSWinZone,ps,app,sweep,regular,"0.2","0.0",lose,"CGbPwmlm1VaEO4hfCXD8Jw=="
"2026-09-18T07:53:23.7085Z",moneybolt,playSWEEPSWinZone,ps,app,sweep,regular,"0.2","0.0",lose,"3sFtoRDMr9XxDCj07q3S+w=="
"2026-09-18T07:53:20.7411Z",moneybolt,playSWEEPSWinZone,ps,app,sweep,regular,"0.2","0.0",lose,"mAQ53zBX0kY5qMQWnf4Z6w=="
"2026-09-18T07:53:12.5598Z",moneybolt,playSWEEPSWinZone,ps,app,sweep,regular,"0.2","0.02",win,"tVRFgglP3TwnwSiWvDcK+A=="
"2026-09-18T07:53:09.5907Z",moneybolt,playSWEEPSWinZone,ps,app,sweep,regular,"0.2","0.0",lose,"G+2EQtMNoh426YrCzfnJhw=="
"2026-09-18T07:53:06.6563Z",moneybolt,playSWEEPSWinZone,ps,app,sweep,regular,"0.2","0.0",lose,"CZ5Prk7uvsEvUsZVoDI8uQ=="
"2026-09-18T07:52:59.6955Z",moneybolt,playSWEEPSWinZone,ps,app,sweep,regular,"0.2","0.0",lose,"uNw++HZWQ1FJwn3bMVTP0A=="
"2026-09-18T07:52:56.8475Z",moneybolt,playSWEEPSWinZone,ps,app,sweep,regular,"0.2","0.0",lose,"L6bt89rmJTx4tk4qa9CXvQ=="
"2026-09-18T07:52:44.0502Z",moneybolt,playSWEEPSWinZone,ps,app,sweep,regular,"0.2","0.0",lose,"7PzTi3pw7hoPJDER8+CAdw=="
"2026-09-18T07:52:39.0153Z",moneybolt,playSWEEPSWinZone,ps,app,sweep,regular,"0.2","0.12",win,"/DPzkLqCroyclPim5IJZ+g=="
"2026-09-18T07:52:36.0814Z",moneybolt,playSWEEPSWinZone,ps,app,sweep,regular,"0.2","0.0",lose,"wAFN98C2EdZvjD5nFi380Q=="
"2026-09-18T07:52:21.3342Z",moneybolt,playSWEEPSWinZone,ps,app,sweep,regular,"0.2","0.0",lose,"O1abxgUajAWP4gVRJO030A=="
"2026-09-18T07:52:15.5190Z",moneybolt,playSWEEPSWinZone,ps,app,sweep,regular,"0.2","0.0",lose,"EjMw75/ZsaypRkXfNebEVw=="
"2026-09-18T07:52:12.5703Z",moneybolt,playSWEEPSWinZone,ps,app,sweep,regular,"0.2","0.0",lose,"O+mkFPMfgFdrJBjZS++qdA=="
"2026-09-18T07:52:06.4448Z",moneybolt,playSWEEPSWinZone,ps,app,sweep,regular,"0.2","0.0",lose,"p4O1fcoOUXDjJC46cMbStA=="
"2026-09-18T07:52:03.4995Z",moneybolt,playSWEEPSWinZone,ps,app,sweep,regular,"0.2","0.0",lose,"ipYf7iiVig4pMngmouhEbw=="
"2026-09-18T07:51:45.7558Z",moneybolt,playSWEEPSWinZone,ps,app,sweep,"free_spin","0.0","11.5",win,"tLHjUs8PHyZDGYBNXhBodA=="
"2026-09-18T07:52:27.4058Z",moneybolt,playSWEEPSWinZone,ps,app,sweep,regular,"0.2","0.0",lose,"x1gTvBnChwcPTgPouZdPAg=="
"2026-09-18T07:52:24.4757Z",moneybolt,playSWEEPSWinZone,ps,app,sweep,regular,"0.2","0.0",lose,"Hx/c59pf8suaFzdG9GD7EA=="
"2026-09-18T07:52:18.4970Z",moneybolt,playSWEEPSWinZone,ps,app,sweep,regular,"0.2","0.0",lose,"oeieiJoLXAZrSG7eqOahnw=="
"2026-09-18T07:52:15.5190Z",moneybolt,playSWEEPSWinZone,ps,app,sweep,regular,"0.2","0.0",lose,"EjMw75/ZsaypRkXfNebEVw=="
"2026-09-18T07:52:09.5515Z",moneybolt,playSWEEPSWinZone,ps,app,sweep,regular,"0.2","0.0",lose,"Dk8bUim64eVStqBvM9r/mg=="
"2026-09-18T07:48:13.9776Z",moneybolt,playSWEEPSWinZone,ps,app,sweep,regular,"0.2","0.06",win,"UgbLjDs6OyLqmQCiIGM55w=="
"2026-09-18T07:48:02.7915Z",moneybolt,playSWEEPSWinZone,ps,app,sweep,regular,"0.2","0.1",win,"Kckat5Plz33C3lHC5ah1mw=="
"2026-09-18T07:47:57.5637Z",moneybolt,playSWEEPSWinZone,ps,app,sweep,regular,"0.2","0.04",win,"NCWT5lW8HdsMkuKS+2LRBA=="
"2026-09-18T07:47:54.5788Z",moneybolt,playSWEEPSWinZone,ps,app,sweep,regular,"0.2","0.0",lose,"Ftb2suQhnjRZObDRO6TuFw=="
"2026-09-18T07:47:51.6545Z",moneybolt,playSWEEPSWinZone,ps,app,sweep,regular,"0.2","0.0",lose,"snwa6opfkoNlMkpG92AIfw=="
"2026-09-18T07:47:34.3442Z",moneybolt,playSWEEPSWinZone,ps,app,sweep,regular,"0.2","0.0",lose,"qsyl+BWYggBeObldsxnmJw=="
"2026-09-18T07:47:30.5310Z",moneybolt,playSWEEPSWinZone,ps,app,sweep,regular,"0.2","0.0",lose,"6snbsQwYDvhk8FsKB8wXYw=="
"2026-09-18T07:45:10.8799Z",moneybolt,playSWEEPSWinZone,ps,app,sweep,regular,"0.2","0.0",lose,"bjUttNXRCRd0qaj87iO6Bw=="
"2026-09-18T07:45:07.1827Z",moneybolt,playSWEEPSWinZone,ps,app,sweep,regular,"0.2","0.0",lose,"3CAW1s0xIDxPDAizh0n0qA=="
"2026-09-18T07:45:00.3355Z",moneybolt,playSWEEPSWinZone,ps,app,sweep,regular,"0.2","0.0",lose,"+PJdKZRm1pGBNvUa1/ZqkA=="
"2026-09-18T07:44:57.1895Z",moneybolt,playSWEEPSWinZone,ps,app,sweep,regular,"0.2","0.0",lose,"IZiEpvU+rzR6CJs4D4JAAg=="
"2026-09-18T07:44:49.1777Z",moneybolt,playSWEEPSWinZone,ps,app,sweep,regular,"0.2","0.04",win,"8StXRR5JBHp696AcoxwT6g=="
"2026-09-18T07:44:44.2683Z",moneybolt,playSWEEPSWinZone,ps,app,sweep,regular,"0.2","0.72",win,"zLMLgBDVkwuYmD1yyiGTCQ=="
"2026-09-18T07:44:37.9591Z",moneybolt,playSWEEPSWinZone,ps,app,sweep,regular,"0.2","0.0",lose,"87sl5QEC0yjT3pxhjnmV4g=="
"2026-09-18T07:44:35.0453Z",moneybolt,playSWEEPSWinZone,ps,app,sweep,regular,"0.2","0.0",lose,"HSzgJTiYA/OrC/f9ylUOgg=="
"2026-09-18T07:44:31.5251Z",moneybolt,playSWEEPSWinZone,ps,app,sweep,regular,"0.2","0.0",lose,"vSDz+YJel9zLWt04giKYCA=="
"2026-09-18T07:44:28.3534Z",moneybolt,playSWEEPSWinZone,ps,app,sweep,regular,"0.2","0.0",lose,"9TvAVi+4m33C93mvQA53pg=="
"2026-09-18T07:44:24.8260Z",moneybolt,playSWEEPSWinZone,ps,app,sweep,regular,"0.2","0.0",lose,"mwLYRzom7Lk+gZQLetin0Q=="
"2026-09-18T07:44:21.8038Z",moneybolt,playSWEEPSWinZone,ps,app,sweep,regular,"0.2","0.0",lose,"g6gf3U1jCoZp45qbjhMPog=="
"2026-09-18T07:43:05.9038Z",moneybolt,playSWEEPSWinZone,ps,app,sweep,regular,"0.2","0.2",win,"Tungml2cYjVrvKsBNXOxDw=="
"2026-09-18T07:42:53.7258Z",moneybolt,playSWEEPSWinZone,ps,app,sweep,regular,"0.2","0.0",lose,"l+zCWSfhdGyicCtKKaHxWg=="
"2026-09-18T07:42:50.8175Z",moneybolt,playSWEEPSWinZone,ps,app,sweep,regular,"0.2","0.0",lose,"MWAP/CJz51Aty3BpRS/qKA=="
"2026-09-18T07:42:47.8390Z",moneybolt,playSWEEPSWinZone,ps,app,sweep,regular,"0.2","0.0",lose,"Yo5Spn61C00IgapAP67WCQ=="
"2026-09-18T07:42:44.7405Z",moneybolt,playSWEEPSWinZone,ps,app,sweep,regular,"0.2","0.0",lose,"kNzBIfSXu9rLMI4R3heXXA=="
"2026-09-18T07:42:41.6843Z",moneybolt,playSWEEPSWinZone,ps,app,sweep,regular,"0.2","0.0",lose,"4Sr9944JtujqjFJHVzEP3w=="
"2026-09-18T07:42:38.3982Z",moneybolt,playSWEEPSWinZone,ps,app,sweep,regular,"0.2","0.0",lose,"0ndj4B25dSDeD1CFz66C6w=="
"2026-09-18T07:42:29.8530Z",moneybolt,playSWEEPSWinZone,ps,app,sweep,regular,"0.2","0.0",lose,"k3EFYyBUxeMHFaiEfeT1Kg=="
"2026-09-18T07:40:15.5549Z",moneybolt,playSWEEPSWinZone,ps,app,sweep,regular,"0.2","0.0",lose,"+GxFcwBanDYCORJZQr3uwA=="
"2026-09-18T07:39:54.5337Z",moneybolt,playSWEEPSWinZone,ps,app,sweep,"free_spin","0.0","2.4",win,"Lr9Q17Ia+tp6HUEP/Aw+vw=="
"2026-09-18T07:37:55.5027Z",moneybolt,playSWEEPSWinZone,ps,app,sweep,"free_spin","0.0","8.28",win,"QJ0aLY4hAbPMs3YGyw9tsQ=="
"2026-09-18T07:37:13.1429Z",moneybolt,playSWEEPSWinZone,ps,app,sweep,regular,"0.2","0.12",win,"XZgPyEXgGUIcUJvP4tjY3A=="
"2026-09-17T09:22:04.1824Z",moneybolt,playSWEEPSWinZone,ps,web,gold,regular,"3000.0","0.0",lose,"yzH1kX48l41hFcmKiyZ/bA=="
"2026-09-17T09:21:35.3096Z",moneybolt,playSWEEPSWinZone,ps,web,gold,regular,"3000.0","3004500.0",win,"03W7Kx9B0NOM59fO7IBHQQ=="
"2026-09-17T09:21:09.1635Z",moneybolt,playSWEEPSWinZone,ps,web,gold,regular,"3000.0","300.0",win,"q6lkLWBsvz1ozebnCSSiXw=="
"2026-09-17T09:20:57.6420Z",moneybolt,playSWEEPSWinZone,ps,web,gold,regular,"3000.0","0.0",lose,"zGkgdWlKGVwgy+fwgXuChw=="
"2026-09-17T09:18:29.6824Z",moneybolt,playSWEEPSWinZone,ps,web,gold,regular,"3000.0","0.0",lose,"tU7BGszGKgGUKPOqAC/BeQ=="
"2026-09-17T09:18:23.5858Z",moneybolt,playSWEEPSWinZone,ps,web,gold,regular,"3000.0","0.0",lose,"+8lnZaM4crwl7qn31+P/oA=="
"2026-09-17T09:18:20.4996Z",moneybolt,playSWEEPSWinZone,ps,web,gold,regular,"3000.0","0.0",lose,"l4pE+1lu5YR4RzpBX1UtPQ=="
"2026-09-17T09:18:17.5565Z",moneybolt,playSWEEPSWinZone,ps,web,gold,regular,"3000.0","0.0",lose,"cerA9eQYB9O+4s9CUqacDw=="
"2026-09-17T09:18:14.2629Z",moneybolt,playSWEEPSWinZone,ps,web,gold,regular,"3000.0","0.0",lose,"pXUyt/RXijz+WTSvthzlJg=="
"2026-09-17T09:17:20.7521Z",moneybolt,playSWEEPSWinZone,ps,web,gold,regular,"3000.0","0.0",lose,"ICYvBTdIYlb79rM57ErsXA=="
"2026-09-17T09:17:17.8854Z",moneybolt,playSWEEPSWinZone,ps,web,gold,regular,"3000.0","0.0",lose,"Vj3o+7/ljAhPnfWhQy1+IQ=="
"2026-09-17T09:17:11.8065Z",moneybolt,playSWEEPSWinZone,ps,web,gold,regular,"3000.0","0.0",lose,"3v559/rPJYKV1I9U1y2UJg=="
"2026-09-17T09:16:49.7076Z",moneybolt,playSWEEPSWinZone,ps,web,gold,regular,"3000.0","0.0",lose,"X69rwp32q/wOUjYPydVmLg=="
"2026-09-17T09:15:42.2779Z",moneybolt,playSWEEPSWinZone,ps,web,gold,regular,"3000.0","0.0",lose,"M6+yFTKAvjIs4ouKeJOzRw=="
"2026-09-17T09:15:31.2785Z",moneybolt,playSWEEPSWinZone,ps,web,gold,regular,"3000.0","0.0",lose,"kenOK4bKU3EdQoIXXE4IKQ=="
"2026-09-17T09:15:21.7140Z",moneybolt,playSWEEPSWinZone,ps,web,gold,regular,"3000.0","0.0",lose,"gszCoCX3QQ/JzdSHaco5kg=="
"2026-09-17T09:15:16.9458Z",moneybolt,playSWEEPSWinZone,ps,web,gold,regular,"3000.0","0.0",lose,"EIy/myR+ZVbdxpjrQpI2WA=="
"2026-09-17T09:14:51.2019Z",moneybolt,playSWEEPSWinZone,ps,web,gold,regular,"3000.0","0.0",lose,"Yz7B0G/+vtDHu/zYR/Yyag=="
"2026-09-17T09:15:47.2491Z",moneybolt,playSWEEPSWinZone,ps,web,gold,regular,"3000.0","0.0",lose,"Q1p1vuAZeBl7IxPyhjsKmQ=="
"2026-09-17T09:15:36.6974Z",moneybolt,playSWEEPSWinZone,ps,web,gold,regular,"3000.0","0.0",lose,"4ojz5q+K22v/+xsDvFhRUw=="
"2026-09-17T09:15:26.5395Z",moneybolt,playSWEEPSWinZone,ps,web,gold,regular,"3000.0","0.0",lose,"TZld4F4f8R3eQ5uv8+18NA=="
"2026-09-17T09:15:10.4115Z",moneybolt,playSWEEPSWinZone,ps,web,gold,regular,"3000.0","0.0",lose,"bEdXTcea2po9qFVm9SXkag=="
"2026-09-17T09:15:03.7944Z",moneybolt,playSWEEPSWinZone,ps,web,gold,regular,"3000.0","0.0",lose,"70nTvnU5ApDcfVsz2cvsUA=="
"2026-09-17T09:14:56.1371Z",moneybolt,playSWEEPSWinZone,ps,web,gold,regular,"3000.0","0.0",lose,"6Jb2+eCbSMQHpyVcddd9Lw=="
"2026-09-17T09:13:47.8585Z",moneybolt,playSWEEPSWinZone,ps,web,gold,regular,"3000.0","0.0",lose,"+FkWGDudK8UIv4P+UkMqeA=="
"2026-09-17T09:13:43.5102Z",moneybolt,playSWEEPSWinZone,ps,web,gold,regular,"3000.0","0.0",lose,"evjEyAU4ejnTXtqHMneWrg=="
"2026-09-17T09:13:27.7561Z",moneybolt,playSWEEPSWinZone,ps,web,gold,"free_spin","0.0","41100.0",win,"GD5BfWIMF4jd9FB1FKV0tg=="
"2026-09-17T09:07:43.6971Z",moneybolt,playSWEEPSWinZone,ps,web,gold,regular,"3000.0","0.0",lose,"fHmhKt8zerHRhTkDt8nUMg=="
"2026-09-17T09:07:28.8210Z",moneybolt,playSWEEPSWinZone,ps,web,gold,regular,"3000.0","0.0",lose,"s/5MpA+z231qXXmjhk/G/g=="
"2026-09-17T09:07:22.8273Z",moneybolt,playSWEEPSWinZone,ps,web,gold,regular,"3000.0","0.0",lose,"xe2Z4Qn289RmAXs+AKlEPw=="
"2026-09-17T09:07:17.1398Z",moneybolt,playSWEEPSWinZone,ps,web,gold,regular,"3000.0","0.0",lose,"EnmbuzHK4AuIG0wVEsnFEw=="
"2026-09-17T09:07:01.3979Z",moneybolt,playSWEEPSWinZone,ps,web,gold,regular,"3000.0","0.0",lose,"NFYtyOj9BRwEu3ZsP5pI0A=="
"2026-09-17T09:06:58.2676Z",moneybolt,playSWEEPSWinZone,ps,web,gold,regular,"3000.0","0.0",lose,"qZ+n4HJn00DOYegWmTLjHA=="
"2026-09-17T09:06:50.4575Z",moneybolt,playSWEEPSWinZone,ps,web,gold,regular,"3000.0","0.0",lose,"kx3+Y7a5JunOT4yI7yqRbQ=="
"2026-09-17T09:04:39.6894Z",moneybolt,playSWEEPSWinZone,ps,web,gold,regular,"3000.0","3000.0",win,"LoH54D3p/DtVk2slvdpVMw=="
"2026-09-17T09:04:20.9752Z",moneybolt,playSWEEPSWinZone,ps,web,gold,regular,"3000.0","4500.0",win,"U8/nvRh4Yf2WkNGrqJRAdg=="
"2026-09-17T09:04:17.9280Z",moneybolt,playSWEEPSWinZone,ps,web,gold,regular,"3000.0","0.0",lose,"v5RltmUhGOQryaJQRxFE3Q=="
"2026-09-17T06:02:38.9983Z",moneybolt,playSWEEPSWinZone,ps,web,gold,regular,"3000.0","0.0",lose,"cQ6OQqGvIkGaxiFAWlgRKA=="
"2026-09-17T06:02:36.0437Z",moneybolt,playSWEEPSWinZone,ps,web,gold,regular,"3000.0","0.0",lose,"CdpgB7Mc7aPgTe4DaOLqBA=="
"2026-09-17T06:02:33.1936Z",moneybolt,playSWEEPSWinZone,ps,web,gold,regular,"3000.0","0.0",lose,"0S1c5RinAZxCrLl3FI099g=="
"2026-09-17T06:02:28.2157Z",moneybolt,playSWEEPSWinZone,ps,web,gold,regular,"3000.0","300.0",win,"BvUQd9I7S9aIzaiYp7FBew=="
"2026-09-17T06:02:07.4614Z",moneybolt,playSWEEPSWinZone,ps,web,gold,regular,"3000.0","0.0",lose,"qGyUHNJHL9BG2K2zVbQylg=="
"2026-09-17T06:01:58.7332Z",moneybolt,playSWEEPSWinZone,ps,web,gold,regular,"3000.0","0.0",lose,"g93ocfqxXmIF/iuRaF+rAQ=="
"2026-09-17T05:54:52.3569Z",moneybolt,playSWEEPSWinZone,ps,web,gold,regular,"3000.0","0.0",lose,"XPdBJJdWRN77ahAK52dALg=="
"2026-09-17T05:54:32.2730Z",moneybolt,playSWEEPSWinZone,ps,web,gold,regular,"3000.0","15000.0",win,"exNURvoYD4jD33c2M1pgRg=="
"2026-09-17T05:54:29.4449Z",moneybolt,playSWEEPSWinZone,ps,web,gold,regular,"3000.0","0.0",lose,"VW1WHAJ/j5bGjabBumnjrg=="
"2026-09-17T05:54:26.4115Z",moneybolt,playSWEEPSWinZone,ps,web,gold,regular,"3000.0","0.0",lose,"hRC8raYMCthhjiq/H5rQ8Q=="
"2026-09-17T05:54:01.8085Z",moneybolt,playSWEEPSWinZone,ps,web,gold,regular,"3000.0","600.0",win,"9dQoU6yxDfcHka9/T+ut2A=="
"2026-09-17T05:53:58.8157Z",moneybolt,playSWEEPSWinZone,ps,web,gold,regular,"3000.0","0.0",lose,"82jtZu5U6NqZkYpugHu0IQ=="
"2026-09-17T05:54:55.2553Z",moneybolt,playSWEEPSWinZone,ps,web,gold,regular,"3000.0","0.0",lose,"G4cJO6ZMZfSVaKp8ZtY5eA=="
"2026-09-17T05:54:26.4115Z",moneybolt,playSWEEPSWinZone,ps,web,gold,regular,"3000.0","0.0",lose,"hRC8raYMCthhjiq/H5rQ8Q=="
"2026-09-17T05:54:23.5843Z",moneybolt,playSWEEPSWinZone,ps,web,gold,regular,"3000.0","0.0",lose,"uWy+aoKm2jEyrk8Rbi/gmQ=="
"2026-09-17T05:54:20.7276Z",moneybolt,playSWEEPSWinZone,ps,web,gold,regular,"3000.0","0.0",lose,"OmIAoC8ycfDEnQo5g8jg1Q=="
"2026-09-17T05:54:17.8234Z",moneybolt,playSWEEPSWinZone,ps,web,gold,regular,"3000.0","0.0",lose,"GkWzvr1sJbKihbTrInbaog=="
"2026-09-17T05:54:14.7681Z",moneybolt,playSWEEPSWinZone,ps,web,gold,regular,"3000.0","0.0",lose,"5l4HL6TVAqcmhi8gXFQFTA=="
"2026-09-17T05:54:11.9561Z",moneybolt,playSWEEPSWinZone,ps,web,gold,regular,"3000.0","0.0",lose,"aTWYVEsWZNzmOWjuSJMnug=="
"2026-09-17T05:54:06.7372Z",moneybolt,playSWEEPSWinZone,ps,web,gold,regular,"3000.0","7200.0",win,"ggiINR6O+BzYxphx4/toFg=="
"2026-09-17T05:53:44.2119Z",moneybolt,playSWEEPSWinZone,ps,web,gold,regular,"3000.0","0.0",lose,"U9PSNn0OOdLmc0JSpPyQFw=="
"2026-09-17T05:53:29.9671Z",moneybolt,playSWEEPSWinZone,ps,web,gold,regular,"3000.0","0.0",lose,"alphXgY4YJcWZxd/Kk2U6g=="
"2026-09-17T05:53:23.5070Z",moneybolt,playSWEEPSWinZone,ps,web,gold,regular,"3000.0","0.0",lose,"B6mH/AQNFZANfCKnIne3bg=="
"2026-09-17T05:53:11.5181Z",moneybolt,playSWEEPSWinZone,ps,web,gold,regular,"3000.0","0.0",lose,"mkAY0y1R5RIwzxgJtMgyXw=="
"2026-09-17T05:53:08.4838Z",moneybolt,playSWEEPSWinZone,ps,web,gold,regular,"3000.0","0.0",lose,"//aAzn8uJDUjy/nOV/241A=="
"2026-09-17T05:52:56.1864Z",moneybolt,playSWEEPSWinZone,ps,web,gold,regular,"3000.0","0.0",lose,"/AEEfD2oPR+WprRe85xAjw=="
"2026-09-17T05:52:41.4019Z",moneybolt,playSWEEPSWinZone,ps,web,gold,regular,"3000.0","12000.0",win,"WNeOjZoZ29F57Ud5giIbww=="
"2026-09-17T05:52:49.9456Z",moneybolt,playSWEEPSWinZone,ps,web,gold,regular,"3000.0","0.0",lose,"GyVHFctRjKdPVeQT5dXqpQ=="
"2026-09-17T05:52:32.3835Z",moneybolt,playSWEEPSWinZone,ps,web,gold,regular,"3000.0","0.0",lose,"H3kIaT0pYkwVkfN/KZpp4A=="
"2026-09-17T05:52:38.4618Z",moneybolt,playSWEEPSWinZone,ps,web,gold,regular,"3000.0","0.0",lose,"X2vVVpbL3K0r6cNvB9BpzQ=="
"2026-09-17T05:50:34.4360Z",moneybolt,playSWEEPSWinZone,ps,web,gold,regular,"3000.0","0.0",lose,"QilodY35dClO3vmlfOZXFA=="
"2026-09-17T05:50:13.8352Z",moneybolt,playSWEEPSWinZone,ps,web,gold,regular,"3000.0","0.0",lose,"XuzicVba/VUKKDAnyUUMrQ=="
"2026-09-17T05:49:59.3756Z",moneybolt,playSWEEPSWinZone,ps,web,gold,regular,"3000.0","0.0",lose,"PK88a9xJ2Mtt0TCBvhplOA=="
"2026-09-17T05:49:50.1556Z",moneybolt,playSWEEPSWinZone,ps,web,gold,regular,"3000.0","0.0",lose,"6uALLQtlGw6YfBajQsZRsQ=="
"2026-09-17T05:49:47.2291Z",moneybolt,playSWEEPSWinZone,ps,web,gold,regular,"3000.0","0.0",lose,"CTgxoSKVPClapboCjOom0A=="
"2026-09-17T05:49:41.9912Z",moneybolt,playSWEEPSWinZone,ps,web,gold,regular,"3000.0","12000.0",win,"+LS6F5V29tBxlbJy9lvpMA=="
"2026-09-17T05:49:39.1811Z",moneybolt,playSWEEPSWinZone,ps,web,gold,regular,"3000.0","0.0",lose,"iO+8umWUMCSL9G7VpV5Ajg=="
"2026-09-17T05:46:43.5193Z",moneybolt,playSWEEPSWinZone,ps,web,gold,regular,"3000.0","0.0",lose,"cax5+IMB+IFHI1KYmf4JgQ=="
"2026-09-17T05:46:38.2915Z",moneybolt,playSWEEPSWinZone,ps,web,gold,regular,"3000.0","1200.0",win,"Fu1h4LT+RPfHl6cNu1V3Vg=="
"2026-09-17T05:46:35.3299Z",moneybolt,playSWEEPSWinZone,ps,web,gold,regular,"3000.0","0.0",lose,"+/mGtHTeWNxnuAHRg0phzA=="
"2026-09-17T05:46:26.6952Z",moneybolt,playSWEEPSWinZone,ps,web,gold,regular,"3000.0","0.0",lose,"1Me+NK6bWQESgS/OysQ4Ng=="
"2026-09-17T05:46:23.8244Z",moneybolt,playSWEEPSWinZone,ps,web,gold,regular,"3000.0","0.0",lose,"mYf/rvSIvVJFHWImOMds6g=="
"2026-09-17T05:46:14.4867Z",moneybolt,playSWEEPSWinZone,ps,web,gold,regular,"3000.0","0.0",lose,"FT65jjEiTpkkeB4zodXLog=="
"2026-09-17T05:46:11.4418Z",moneybolt,playSWEEPSWinZone,ps,web,gold,regular,"3000.0","0.0",lose,"b3C6WRvaVmqLYd6P/HHEKA=="
"2026-09-17T05:46:08.3678Z",moneybolt,playSWEEPSWinZone,ps,web,gold,regular,"3000.0","0.0",lose,"sG27U3OT/4MQvOt8K6k/7w=="
"2026-09-17T05:46:02.2502Z",moneybolt,playSWEEPSWinZone,ps,web,gold,regular,"3000.0","0.0",lose,"o/EcyWX7Mxflnn4Opoj8iA=="
"2026-09-17T05:45:58.9343Z",moneybolt,playSWEEPSWinZone,ps,web,gold,regular,"3000.0","0.0",lose,"fCHoC7ieuyLKH9KuyCkFPA=="
"2026-09-17T05:45:41.3274Z",moneybolt,playSWEEPSWinZone,ps,web,gold,regular,"3000.0","12000.0",win,"3kzJ97Amyn9SZA+XFfJ5Pw=="
"2026-09-17T05:45:12.6436Z",moneybolt,playSWEEPSWinZone,ps,web,gold,regular,"3000.0","600.0",win,"Aq6spaIjgGAYFUymqY1NpA=="
"2026-09-17T05:44:57.0059Z",moneybolt,playSWEEPSWinZone,ps,web,gold,regular,"3000.0","0.0",lose,"vAOc8z33iRslUx6ErFJeqg=="
"2026-09-17T05:44:54.1134Z",moneybolt,playSWEEPSWinZone,ps,web,gold,regular,"3000.0","0.0",lose,"d4VRa7s4pkXQ0IUmgIC9cw=="
"2026-09-17T05:42:43.0474Z",moneybolt,playSWEEPSWinZone,ps,web,gold,regular,"3000.0","3000.0",win,"ma9yFAKPZm9ft6F44d8bYg=="
"2026-09-17T05:42:32.1971Z",moneybolt,playSWEEPSWinZone,ps,web,gold,regular,"3000.0","0.0",lose,"fLHHX2kGAsAz05TRtQKdlw=="
"2026-09-17T05:42:29.1436Z",moneybolt,playSWEEPSWinZone,ps,web,gold,regular,"3000.0","0.0",lose,"TEp1eGYa+j0wsTjcqed+kg=="
"2026-09-17T05:42:26.2518Z",moneybolt,playSWEEPSWinZone,ps,web,gold,regular,"3000.0","0.0",lose,"XKTCAB+GrOuQVaiMJeiufA=="
"2026-09-17T05:42:23.3688Z",moneybolt,playSWEEPSWinZone,ps,web,gold,regular,"3000.0","0.0",lose,"+J+UyZnMl6vomVOfVK7mHg=="
"2026-09-17T05:42:14.3335Z",moneybolt,playSWEEPSWinZone,ps,web,gold,regular,"3000.0","0.0",lose,"yYlJ+1njj6HVen5CPrOsvQ=="
"2026-09-17T05:42:08.6018Z",moneybolt,playSWEEPSWinZone,ps,web,gold,regular,"3000.0","0.0",lose,"VLRIrt/FUJg8QKplo+DDgQ=="
"2026-09-17T05:42:20.4019Z",moneybolt,playSWEEPSWinZone,ps,web,gold,regular,"3000.0","0.0",lose,"q+JhiW5H9/tEUD1yL64FjA=="
"2026-09-17T05:42:17.5575Z",moneybolt,playSWEEPSWinZone,ps,web,gold,regular,"3000.0","0.0",lose,"bQ1P+9YcqhX6WgyS7ZYefA=="
"2026-09-17T05:42:11.3389Z",moneybolt,playSWEEPSWinZone,ps,web,gold,regular,"3000.0","0.0",lose,"NDsPgDK5Yxi3LsTkpisvOw=="
"2026-09-17T05:41:50.9684Z",moneybolt,playSWEEPSWinZone,ps,web,gold,regular,"3000.0","10500.0",win,"JaWx7az6uSLMKcIk/RDaEQ=="
"2026-09-17T05:41:47.9387Z",moneybolt,playSWEEPSWinZone,ps,web,gold,regular,"3000.0","0.0",lose,"iV9EDSrxaeQq+i++Sc+jUQ=="
"2026-09-17T05:41:34.1082Z",moneybolt,playSWEEPSWinZone,ps,web,gold,regular,"3000.0","25200.0",win,"GKsEAJfTheQ6PRIVkztB6w=="
"2026-09-17T05:38:49.6882Z",moneybolt,playSWEEPSWinZone,ps,web,gold,regular,"3000.0","900.0",win,"KBHs6ICtMbTBNlSEQGB0jg=="
"2026-09-17T05:38:46.4649Z",moneybolt,playSWEEPSWinZone,ps,web,gold,regular,"3000.0","0.0",lose,"ACIzkZLuUJlH9YEA79+AwA=="
"2026-09-17T05:38:40.4098Z",moneybolt,playSWEEPSWinZone,ps,web,gold,regular,"3000.0","0.0",lose,"6WKbGItYaM2IjgpyW+C4Iw=="
"2026-09-17T05:38:24.6561Z",moneybolt,playSWEEPSWinZone,ps,web,gold,regular,"3000.0","0.0",lose,"/M7XEWwrJx59XoWOHwdiaA=="
"2026-09-17T05:38:16.0528Z",moneybolt,playSWEEPSWinZone,ps,web,gold,regular,"3000.0","10800.0",win,"eRIANqhUSk5d6H6jtC7Hvg=="
"2026-09-17T05:38:10.8907Z",moneybolt,playSWEEPSWinZone,ps,web,gold,regular,"3000.0","300.0",win,"ZB3t6LWR3GkVxCk4RPsAiw=="
"2026-09-17T05:38:07.9666Z",moneybolt,playSWEEPSWinZone,ps,web,gold,regular,"3000.0","0.0",lose,"AF6nTpFHyxzF+ebkOF2qgA=="
"2026-09-17T05:37:56.4862Z",moneybolt,playSWEEPSWinZone,ps,web,gold,regular,"3000.0","18000.0",win,"mh8nDMZliIiE4ZxL+4ecUw=="
"2026-09-17T05:37:53.5328Z",moneybolt,playSWEEPSWinZone,ps,web,gold,regular,"3000.0","0.0",lose,"OJkTZ5O7eaDLCWntzjcK8w=="
"2026-09-17T05:37:50.7312Z",moneybolt,playSWEEPSWinZone,ps,web,gold,regular,"3000.0","0.0",lose,"ct13m8lqXYLGaymezAw3tA=="
"2026-09-17T05:37:17.1264Z",moneybolt,playSWEEPSWinZone,ps,web,gold,regular,"3000.0","1500.0",win,"MoWuNxC/AWLDEjptKTX8yQ=="
"2026-09-17T05:36:39.2008Z",moneybolt,playSWEEPSWinZone,ps,web,gold,regular,"3000.0","600.0",win,"o53dz4ct1+oz+SC256FY+w=="
"2026-09-17T05:36:27.9019Z",moneybolt,playSWEEPSWinZone,ps,web,gold,regular,"3000.0","0.0",lose,"xmVWO9xAtan01gRuz2T46Q=="
"2026-09-17T05:36:19.5215Z",moneybolt,playSWEEPSWinZone,ps,web,gold,regular,"3000.0","0.0",lose,"egtddpwonEUPvu500LVKXA=="
"2026-09-17T05:36:16.3206Z",moneybolt,playSWEEPSWinZone,ps,web,gold,regular,"3000.0","0.0",lose,"5N36pmnm7n0LcrdXWktQ0g=="
"2026-09-17T05:36:10.1917Z",moneybolt,playSWEEPSWinZone,ps,web,gold,regular,"3000.0","0.0",lose,"jekOcR5hhH+aGco4/HauFg=="
"2026-09-17T05:36:06.9881Z",moneybolt,playSWEEPSWinZone,ps,web,gold,regular,"3000.0","0.0",lose,"02X0RUKcf3JGP1uaoVDU6g=="
"2026-09-17T05:36:03.9281Z",moneybolt,playSWEEPSWinZone,ps,web,gold,regular,"3000.0","0.0",lose,"U8duaiU53HyTl+ZusmTJsg=="
"2026-09-17T05:36:00.1621Z",moneybolt,playSWEEPSWinZone,ps,web,gold,regular,"3000.0","0.0",lose,"hLUKArVYMTd1H/JWnAurwg=="
"2026-09-17T05:35:57.1951Z",moneybolt,playSWEEPSWinZone,ps,web,gold,regular,"3000.0","0.0",lose,"54k8ttzxWHdh/R/YzmHkXA=="
"2026-09-17T05:35:53.4515Z",moneybolt,playSWEEPSWinZone,ps,web,gold,regular,"3000.0","0.0",lose,"oVLcB8bkLtUhbHAgel6zhw=="
"2026-09-17T05:35:36.4915Z",moneybolt,playSWEEPSWinZone,ps,web,gold,regular,"3000.0","10500.0",win,"A0ofO8HQ3POAmj7obSMpnA=="
"2026-09-17T05:32:41.0094Z",moneybolt,playSWEEPSWinZone,ps,web,gold,regular,"3000.0","1500.0",win,"WpQAOb8KrOmlk29Z3K5uWA=="
"2026-09-17T05:32:31.9042Z",moneybolt,playSWEEPSWinZone,ps,web,gold,regular,"3000.0","0.0",lose,"KwKmOR9C8ESyN7mOuYMkOA=="
"2026-09-17T05:32:25.8730Z",moneybolt,playSWEEPSWinZone,ps,web,gold,regular,"3000.0","0.0",lose,"dznRaQage5COKqh/axSBhw=="
"2026-09-17T05:32:22.8152Z",moneybolt,playSWEEPSWinZone,ps,web,gold,regular,"3000.0","0.0",lose,"7Jvjd3DMi6vye7bBTM7eZQ=="
"2026-09-17T05:32:16.7923Z",moneybolt,playSWEEPSWinZone,ps,web,gold,regular,"3000.0","0.0",lose,"e6Wg4An3a6WH0Sg5XextOg=="
"2026-09-17T05:32:13.6755Z",moneybolt,playSWEEPSWinZone,ps,web,gold,regular,"3000.0","0.0",lose,"Uu4Q6KlLOBB5YbFt8GyWRg=="
"2026-09-17T05:32:10.6420Z",moneybolt,playSWEEPSWinZone,ps,web,gold,regular,"3000.0","0.0",lose,"E3jKSQ35sj9WQmVLYpcPnw=="
"2026-09-17T05:32:04.4266Z",moneybolt,playSWEEPSWinZone,ps,web,gold,regular,"3000.0","0.0",lose,"HEy/KEGeGCpPnRKOq7qw7A=="
"2026-09-17T05:32:01.2661Z",moneybolt,playSWEEPSWinZone,ps,web,gold,regular,"3000.0","0.0",lose,"Leaq3AYhTp2yERyrS8J06A=="
"2026-09-17T05:31:55.0546Z",moneybolt,playSWEEPSWinZone,ps,web,gold,regular,"3000.0","0.0",lose,"0KnssCpmMLZONpUKUFpBvA=="
"2026-09-17T05:32:28.9624Z",moneybolt,playSWEEPSWinZone,ps,web,gold,regular,"3000.0","0.0",lose,"WXwVSMMrgs5tIv42ptTqNQ=="
"2026-09-17T05:32:19.8259Z",moneybolt,playSWEEPSWinZone,ps,web,gold,regular,"3000.0","0.0",lose,"rnJ+nLGy4nkavubxbaPj/Q=="
"2026-09-17T05:32:07.5259Z",moneybolt,playSWEEPSWinZone,ps,web,gold,regular,"3000.0","0.0",lose,"KhS+t3D/Zab9z6QzRhqXjQ=="
"2026-09-17T05:31:58.2167Z",moneybolt,playSWEEPSWinZone,ps,web,gold,regular,"3000.0","0.0",lose,"xnHhTsKSjj9sdf7275ji8A=="
"2026-09-17T05:31:51.1460Z",moneybolt,playSWEEPSWinZone,ps,web,gold,regular,"3000.0","0.0",lose,"YDHpgShdjZQgOncHWofsgA=="
"2026-09-17T05:31:47.4515Z",moneybolt,playSWEEPSWinZone,ps,web,gold,regular,"3000.0","0.0",lose,"Igd+iC3sTcl8mEEtif3KHA=="
"2026-09-17T05:31:36.1406Z",moneybolt,playSWEEPSWinZone,ps,web,gold,regular,"3000.0","0.0",lose,"hibwR4s6i7onPrngKBsAjg=="
"2026-09-17T05:31:30.1734Z",moneybolt,playSWEEPSWinZone,ps,web,gold,regular,"3000.0","0.0",lose,"9Nqn8ttnSj0nt3yS9oAhvA=="
"2026-09-17T05:31:24.1358Z",moneybolt,playSWEEPSWinZone,ps,web,gold,regular,"3000.0","0.0",lose,"RORabB/6HVXOOy+D6ZV2og=="
"2026-09-17T05:30:48.2128Z",moneybolt,playSWEEPSWinZone,ps,web,gold,regular,"3000.0","15000.0",win,"0hzCJgHLjISBClVcUmFuNA=="
"2026-09-17T05:28:46.1162Z",moneybolt,playSWEEPSWinZone,ps,web,gold,regular,"3000.0","0.0",lose,"UUvQjjGNu4oIs0ziP4kkBQ=="
"2026-09-17T05:28:20.6313Z",moneybolt,playSWEEPSWinZone,ps,web,gold,regular,"3000.0","0.0",lose,"w2ZWQCP/j3mL+AqZldrZ9Q=="
"2026-09-17T05:28:15.3903Z",moneybolt,playSWEEPSWinZone,ps,web,gold,regular,"3000.0","300.0",win,"esKK4dMCFEZO1dzTdeAO2Q=="
"2026-09-17T05:28:04.3510Z",moneybolt,playSWEEPSWinZone,ps,web,gold,regular,"3000.0","0.0",lose,"Is0nqrCI9kyzJDHu6NGHIw=="
"2026-09-17T05:28:00.1262Z",moneybolt,playSWEEPSWinZone,ps,web,gold,regular,"3000.0","0.0",lose,"qWaBXn5y+H4lAHR9tG48KQ=="
"2026-09-17T05:25:47.0568Z",moneybolt,playSWEEPSWinZone,ps,web,gold,regular,"3000.0","3300.0",win,"5qpNRl7FGYAG1ZmJ6SzETQ=="
"2026-09-17T05:25:43.7722Z",moneybolt,playSWEEPSWinZone,ps,web,gold,regular,"3000.0","0.0",lose,"uDWPDZBifk3BRKAc6PM1Vw=="
"2026-09-17T05:25:32.5138Z",moneybolt,playSWEEPSWinZone,ps,web,gold,regular,"3000.0","0.0",lose,"kzHzDPixVrVIx39/pPb+Sw=="
"2026-09-17T05:25:29.3857Z",moneybolt,playSWEEPSWinZone,ps,web,gold,regular,"3000.0","0.0",lose,"3ZUZKWssUy70IDfv5OIWTQ=="
"2026-09-17T05:25:20.1229Z",moneybolt,playSWEEPSWinZone,ps,web,gold,regular,"3000.0","0.0",lose,"2GFfZkoevm1xRqUcYY+1gg=="
"2026-09-17T05:25:16.8546Z",moneybolt,playSWEEPSWinZone,ps,web,gold,regular,"3000.0","0.0",lose,"HqoLaOXbe3jDnTIRuEykCw=="
"2026-09-17T05:24:58.6944Z",moneybolt,playSWEEPSWinZone,ps,web,gold,regular,"3000.0","0.0",lose,"aLC35tkwbQGT0xVcynREyg=="
"2026-09-17T05:24:55.7780Z",moneybolt,playSWEEPSWinZone,ps,web,gold,regular,"3000.0","0.0",lose,"gynFN5VRdhoMWeORA2NW5A=="
"2026-09-17T05:24:50.4512Z",moneybolt,playSWEEPSWinZone,ps,web,gold,regular,"3000.0","1500.0",win,"uy84CCd+A2IogrmFQgRWzw=="
"2026-09-17T05:25:26.5144Z",moneybolt,playSWEEPSWinZone,ps,web,gold,regular,"3000.0","0.0",lose,"4dmC2RKDvt3trcUxFVCAaw=="
"2026-09-17T05:25:23.4432Z",moneybolt,playSWEEPSWinZone,ps,web,gold,regular,"3000.0","0.0",lose,"E9VFnGInuFl4pX+gsiwXYg=="
"2026-09-17T05:25:10.7593Z",moneybolt,playSWEEPSWinZone,ps,web,gold,regular,"3000.0","1500.0",win,"A+8jEd+ZL8usfPmVy7Dglg=="
"2026-09-17T05:25:06.7085Z",moneybolt,playSWEEPSWinZone,ps,web,gold,regular,"3000.0","0.0",lose,"W+Z1GtjJ7J3AIsP3njjqRw=="
"2026-09-17T05:25:02.5943Z",moneybolt,playSWEEPSWinZone,ps,web,gold,regular,"3000.0","0.0",lose,"P4RY8sXIG3kr4Yes+nNLEw=="
"2026-09-17T05:24:45.2310Z",moneybolt,playSWEEPSWinZone,ps,web,gold,regular,"3000.0","1800.0",win,"HdGZ53a0gQwmQDJ8uPZ0/Q=="
"2026-09-17T05:24:34.7374Z",moneybolt,playSWEEPSWinZone,ps,web,gold,regular,"3000.0","600.0",win,"FWbl2soJNZUkpudftxR2mg=="
"2026-09-17T07:42:09.6164Z",moneybolt,playSWEEPSWinZone,ps,web,gold,regular,"3000.0","0.0",lose,"tavl5JUaaFIhfuWFJjjm+Q=="
"2026-09-17T07:42:03.4219Z",moneybolt,playSWEEPSWinZone,ps,web,gold,regular,"3000.0","0.0",lose,"WQqJEDzZosSLVy5lQwI/Cg=="
"2026-09-17T07:41:55.5695Z",moneybolt,playSWEEPSWinZone,ps,web,gold,regular,"3000.0","0.0",lose,"RPDCzGvtZnuyJb6Mpi3GvQ=="
"2026-09-17T07:41:52.6934Z",moneybolt,playSWEEPSWinZone,ps,web,gold,regular,"3000.0","0.0",lose,"GdYmvNaUe8Z1LVQKj5IPeQ=="
"2026-09-17T07:41:43.5938Z",moneybolt,playSWEEPSWinZone,ps,web,gold,regular,"3000.0","0.0",lose,"wHXAiRWm6KaG8+0LCxRPAw=="
"2026-09-17T07:41:40.5982Z",moneybolt,playSWEEPSWinZone,ps,web,gold,regular,"3000.0","0.0",lose,"iC+X9HC1xmZp+N0b8TUbEw=="
"2026-09-17T07:41:37.5043Z",moneybolt,playSWEEPSWinZone,ps,web,gold,regular,"3000.0","0.0",lose,"8kdPSRLiAQVwueDxQYJgmg=="
"2026-09-17T07:41:26.3522Z",moneybolt,playSWEEPSWinZone,ps,web,gold,regular,"3000.0","0.0",lose,"n/gjxo2fbYSrXE8sDmsAPA=="
"2026-09-17T07:41:23.3537Z",moneybolt,playSWEEPSWinZone,ps,web,gold,regular,"3000.0","0.0",lose,"dTF+HC4bEa44IAdZ9pr/bA=="
"2026-09-17T07:41:20.5206Z",moneybolt,playSWEEPSWinZone,ps,web,gold,regular,"3000.0","0.0",lose,"J18FXQhWc2x8CHdRRtkrJQ=="
"2026-09-17T07:41:17.3938Z",moneybolt,playSWEEPSWinZone,ps,web,gold,regular,"3000.0","0.0",lose,"y0VulA9HnLOP08L1iv0vmw=="
"2026-09-17T07:41:11.4709Z",moneybolt,playSWEEPSWinZone,ps,web,gold,regular,"3000.0","0.0",lose,"LF/iGB8cYKsd0uZ2ARMftw=="
"2026-09-17T07:41:05.5626Z",moneybolt,playSWEEPSWinZone,ps,web,gold,regular,"3000.0","0.0",lose,"riG9Qu0eY+v7qztUiVfbjw=="
"2026-09-17T07:40:45.4985Z",moneybolt,playSWEEPSWinZone,ps,web,gold,regular,"3000.0","1500.0",win,"RDsv3c2YpN7agtgQOReZBw=="
"2026-09-17T07:40:40.2733Z",moneybolt,playSWEEPSWinZone,ps,web,gold,regular,"3000.0","300.0",win,"A0SahjJaniNkmCiEqQdwxw=="
"2026-09-17T07:40:34.5013Z",moneybolt,playSWEEPSWinZone,ps,web,gold,regular,"3000.0","0.0",lose,"nQtK5BEQmyJNGaU1VDv/VQ=="
"2026-09-17T07:40:31.4738Z",moneybolt,playSWEEPSWinZone,ps,web,gold,regular,"3000.0","0.0",lose,"reyxlp8FJsPryWKl1Tnj4A=="
"2026-09-17T07:40:26.4744Z",moneybolt,playSWEEPSWinZone,ps,web,gold,regular,"3000.0","1800.0",win,"RKGWS1iXhwPEuSq07oadRQ=="
"2026-09-17T07:40:21.3058Z",moneybolt,playSWEEPSWinZone,ps,web,gold,regular,"3000.0","10800.0",win,"LhXkaKbcRzvsNZhy4oKovQ=="
"2026-09-17T07:40:18.3413Z",moneybolt,playSWEEPSWinZone,ps,web,gold,regular,"3000.0","0.0",lose,"ZvISvBopVr3/rgyuMP53qA=="
"2026-09-17T07:39:13.2832Z",moneybolt,playSWEEPSWinZone,ps,web,gold,regular,"3000.0","0.0",lose,"8QTEImGiBNQARFqnAIlJAg=="
"2026-09-17T07:39:07.3820Z",moneybolt,playSWEEPSWinZone,ps,web,gold,regular,"3000.0","0.0",lose,"ndCE7k49wsFXoAsZaegd6A=="
"2026-09-17T07:39:04.5067Z",moneybolt,playSWEEPSWinZone,ps,web,gold,regular,"3000.0","0.0",lose,"Vuo2I/eVRYrAdSg4dg1U+A=="
"2026-09-17T07:38:55.8918Z",moneybolt,playSWEEPSWinZone,ps,web,gold,regular,"3000.0","900.0",win,"57YzFOnFI/wk/QiOvrNkHw=="
"2026-09-17T07:38:52.8733Z",moneybolt,playSWEEPSWinZone,ps,web,gold,regular,"3000.0","0.0",lose,"SEY2nzkOVNnmvGd98IMYlQ=="
"2026-09-17T07:38:43.4091Z",moneybolt,playSWEEPSWinZone,ps,web,gold,regular,"3000.0","0.0",lose,"yIYjz9+YRz9ltlruciGzpQ=="
"2026-09-17T07:38:40.3355Z",moneybolt,playSWEEPSWinZone,ps,web,gold,regular,"3000.0","0.0",lose,"ub1xt3A0m9os43hX3hcbsA=="
"2026-09-17T07:38:37.2697Z",moneybolt,playSWEEPSWinZone,ps,web,gold,regular,"3000.0","0.0",lose,"uQxu3Guq8LfdOjKY7q5ayA=="
"2026-09-17T07:38:31.2244Z",moneybolt,playSWEEPSWinZone,ps,web,gold,regular,"3000.0","0.0",lose,"7gPvedr8NM/QbCBU66Jg0w=="
"2026-09-17T07:38:14.6959Z",moneybolt,playSWEEPSWinZone,ps,web,gold,regular,"3000.0","3000.0",win,"ZE8JvuPqrlJfktGz40BupQ=="
"2026-09-17T07:38:08.9367Z",moneybolt,playSWEEPSWinZone,ps,web,gold,regular,"3000.0","0.0",lose,"3rWjA2Am1Y03WWtcFbkUtg=="
"2026-09-17T07:38:05.9358Z",moneybolt,playSWEEPSWinZone,ps,web,gold,regular,"3000.0","0.0",lose,"CKtQL8mvkPWMnQSA98QT5A=="
"2026-09-17T07:37:58.7027Z",moneybolt,playSWEEPSWinZone,ps,web,gold,regular,"3000.0","0.0",lose,"xKkHvKAZmP25x2iM3lmkIw=="
"2026-09-17T07:37:20.1253Z",moneybolt,playSWEEPSWinZone,ps,web,gold,regular,"3000.0","0.0",lose,"ll/IbKniWqAbNu5fIh0Nwg=="
"2026-09-17T07:37:16.9624Z",moneybolt,playSWEEPSWinZone,ps,web,gold,regular,"3000.0","0.0",lose,"KJfq/WerpMOualZVw7L+JQ=="
"2026-09-17T07:34:00.8910Z",moneybolt,playSWEEPSWinZone,ps,web,gold,regular,"3000.0","6000.0",win,"okZuiiQ+ZZJcQehfDc8OQA=="
"2026-09-17T07:33:38.5526Z",moneybolt,playSWEEPSWinZone,ps,web,gold,regular,"3000.0","0.0",lose,"iE8rWopKqTGPSKtwCpaLhg=="
"2026-09-17T07:33:35.3451Z",moneybolt,playSWEEPSWinZone,ps,web,gold,regular,"3000.0","0.0",lose,"9GziCkiTr2PNjeWFBABLkA=="
"2026-09-17T07:33:32.4496Z",moneybolt,playSWEEPSWinZone,ps,web,gold,regular,"3000.0","0.0",lose,"6EHT2ohatVAIEd+L1oUTVA=="
"2026-09-17T07:33:22.1619Z",moneybolt,playSWEEPSWinZone,ps,web,gold,regular,"3000.0","300.0",win,"i9xpi0/pgiUE566g/XgRUw=="
"2026-09-17T06:38:01.6350Z",moneybolt,playSWEEPSWinZone,ps,web,gold,regular,"3000.0","0.0",lose,"0FAgBTH7++LO+Tm+URQibA=="
"2026-09-17T06:37:53.6711Z",moneybolt,playSWEEPSWinZone,ps,web,gold,regular,"3000.0","0.0",lose,"isApgaD/0ulYPWdf6tJ2+g=="
"2026-09-17T06:37:50.5560Z",moneybolt,playSWEEPSWinZone,ps,web,gold,regular,"3000.0","0.0",lose,"9/dNaipLjIgljppI5QIhdQ=="
"2026-09-17T06:37:41.7433Z",moneybolt,playSWEEPSWinZone,ps,web,gold,regular,"3000.0","0.0",lose,"WoWLvZ+PoLJzm215DliCwA=="
"2026-09-17T06:37:27.6986Z",moneybolt,playSWEEPSWinZone,ps,web,gold,regular,"3000.0","300.0",win,"WzTsHM/EmsWtIR/logNsow=="
"2026-09-17T06:37:24.5013Z",moneybolt,playSWEEPSWinZone,ps,web,gold,regular,"3000.0","0.0",lose,"RFr540hnv0kvN5Dv1BHWow=="
"2026-09-17T06:37:18.4099Z",moneybolt,playSWEEPSWinZone,ps,web,gold,regular,"3000.0","0.0",lose,"Vu4qZewiaG1ldK6HTmV37A=="
"2026-09-17T06:37:10.3202Z",moneybolt,playSWEEPSWinZone,ps,web,gold,regular,"3000.0","0.0",lose,"9m5kJ8ZN36BKZxbtYYruKA=="
"2026-09-17T06:36:52.5176Z",moneybolt,playSWEEPSWinZone,ps,web,gold,regular,"3000.0","0.0",lose,"4DbVcw3LykYxf6f6ypKDqA=="
"2026-09-17T06:36:49.5168Z",moneybolt,playSWEEPSWinZone,ps,web,gold,regular,"3000.0","0.0",lose,"CetgLGGcNa7oB7lKeKKFoQ=="
"2026-09-17T06:36:46.3603Z",moneybolt,playSWEEPSWinZone,ps,web,gold,regular,"3000.0","0.0",lose,"r4nDHFFO0I2ziv5tHBtI5w=="
"2026-09-17T06:36:37.3901Z",moneybolt,playSWEEPSWinZone,ps,web,gold,regular,"3000.0","300.0",win,"Im7Mm2jY7LddSqTZWncdEA=="
"2026-09-17T06:36:27.7978Z",moneybolt,playSWEEPSWinZone,ps,web,gold,regular,"3000.0","0.0",lose,"UfO1hAMomU4FzahSOZKWew=="
"2026-09-17T06:36:24.7470Z",moneybolt,playSWEEPSWinZone,ps,web,gold,regular,"3000.0","0.0",lose,"8xPGSOLV2Wvn9SmhYeMRqA=="
"2026-09-17T06:36:01.9824Z",moneybolt,playSWEEPSWinZone,ps,web,gold,regular,"3000.0","0.0",lose,"Pdq7cM4Y59ILTKsvhgs9Mg=="
"2026-09-17T06:35:41.5417Z",moneybolt,playSWEEPSWinZone,ps,web,gold,regular,"3000.0","900.0",win,"fSF464myRg4D4dXpLNh9WA=="
"2026-09-17T06:35:17.7829Z",moneybolt,playSWEEPSWinZone,ps,web,gold,regular,"3000.0","0.0",lose,"UtqN3cFIARA6VDo1Gy+PcQ=="
"2026-09-17T06:35:14.0896Z",moneybolt,playSWEEPSWinZone,ps,web,gold,regular,"3000.0","0.0",lose,"VZs+H5LHGDyYsbXopbKhuQ=="
"2026-09-17T06:32:58.7305Z",moneybolt,playSWEEPSWinZone,ps,web,gold,regular,"3000.0","0.0",lose,"OJGsJzQU/L4aZ1QsCvDS/A=="
"2026-09-17T06:32:50.8523Z",moneybolt,playSWEEPSWinZone,ps,web,gold,regular,"3000.0","0.0",lose,"GwWSdgXG8L7shiwBS7hEGQ=="
"2026-09-17T06:32:35.4850Z",moneybolt,playSWEEPSWinZone,ps,web,gold,"free_spin","0.0","12000.0",win,"/DbZ3oNc+irhAigIVIAA4w=="
"2026-09-17T06:32:21.0683Z",moneybolt,playSWEEPSWinZone,ps,web,gold,regular,"3000.0","0.0",lose,"/DbZ3oNc+irhAigIVIAA4w=="
"2026-09-17T06:32:03.5266Z",moneybolt,playSWEEPSWinZone,ps,web,gold,"free_spin","0.0","67500.0",win,"tCuqndGKq15eADh9xFJodw=="
"2026-09-17T06:25:49.7163Z",moneybolt,playSWEEPSWinZone,ps,web,gold,regular,"3000.0","0.0",lose,"3Uh9R53PcRP4Fi4OKWPRyA=="
"2026-09-17T06:25:40.2397Z",moneybolt,playSWEEPSWinZone,ps,web,gold,regular,"3000.0","0.0",lose,"2qwDQZg10xBnqXE9zRFBxQ=="
"2026-09-17T06:25:28.8766Z",moneybolt,playSWEEPSWinZone,ps,web,gold,regular,"3000.0","1800.0",win,"lcO8OMcZq/9RqefsPIVJwQ=="
"2026-09-17T06:25:25.5681Z",moneybolt,playSWEEPSWinZone,ps,web,gold,regular,"3000.0","0.0",lose,"E4npZ5CGvYJ7Sm+f2kbqDA=="
"2026-09-17T06:25:14.5878Z",moneybolt,playSWEEPSWinZone,ps,web,gold,regular,"3000.0","900.0",win,"wlTVV+FyRx0uA95tjZsLlw=="
"2026-09-17T06:25:11.3613Z",moneybolt,playSWEEPSWinZone,ps,web,gold,regular,"3000.0","0.0",lose,"ZXUW/9jHPBak6kkfPCn0UQ=="
"2026-09-17T06:25:05.8936Z",moneybolt,playSWEEPSWinZone,ps,web,gold,regular,"3000.0","600.0",win,"C+xSOatIzOGt2Ps1KehcRA=="
"2026-09-17T06:25:02.3875Z",moneybolt,playSWEEPSWinZone,ps,web,gold,regular,"3000.0","0.0",lose,"knq6w4Vq49Y55G3s+/iF6Q=="
"2026-09-17T06:22:37.3174Z",moneybolt,playSWEEPSWinZone,ps,web,gold,regular,"3000.0","0.0",lose,"zOtDhuSeaJAHWXKUaIqGFA=="
"2026-09-17T06:22:34.4584Z",moneybolt,playSWEEPSWinZone,ps,web,gold,regular,"3000.0","0.0",lose,"tarLTPY8wNYCjoUClc2Upg=="
"2026-09-17T06:22:23.0655Z",moneybolt,playSWEEPSWinZone,ps,web,gold,regular,"3000.0","0.0",lose,"8esPrawq1qKhsX5NhgT4dQ=="
"2026-09-17T06:22:17.7002Z",moneybolt,playSWEEPSWinZone,ps,web,gold,regular,"3000.0","900.0",win,"XF2YNIZsPBQ8PdQCNp6xzQ=="
"2026-09-17T06:22:14.7565Z",moneybolt,playSWEEPSWinZone,ps,web,gold,regular,"3000.0","0.0",lose,"txD9PD2oJ4m4xCcS2pYP2w=="
"2026-09-17T06:22:00.6653Z",moneybolt,playSWEEPSWinZone,ps,web,gold,regular,"3000.0","0.0",lose,"0wSCQz6TYx/pnl8SewNtMQ=="
"2026-09-17T06:21:57.5977Z",moneybolt,playSWEEPSWinZone,ps,web,gold,regular,"3000.0","0.0",lose,"rdm/C8Mc5bE2Y1oCMcU8vQ=="
"2026-09-17T06:21:32.8030Z",moneybolt,playSWEEPSWinZone,ps,web,gold,regular,"3000.0","600.0",win,"N9vmRvnEtsLqwP2KPrvnng=="
"2026-09-17T06:21:27.7270Z",moneybolt,playSWEEPSWinZone,ps,web,gold,regular,"3000.0","600.0",win,"7LlB6k6WTv0mRoNcNKxlpw=="
"2026-09-17T06:21:22.6425Z",moneybolt,playSWEEPSWinZone,ps,web,gold,regular,"3000.0","2400.0",win,"/irUCHS/r8NuTEgQ72cpLg=="
"2026-09-17T06:21:19.8150Z",moneybolt,playSWEEPSWinZone,ps,web,gold,regular,"3000.0","0.0",lose,"KA20Tg4CN290+Ah/GxW7sg=="
"2026-09-17T06:21:13.5207Z",moneybolt,playSWEEPSWinZone,ps,web,gold,regular,"3000.0","0.0",lose,"6HpUBrha9lZoHodGkYw0fQ=="
"2026-09-17T06:21:10.1068Z",moneybolt,playSWEEPSWinZone,ps,web,gold,regular,"3000.0","0.0",lose,"NPE2zESO673M3kwn7OGh8w=="
"2026-09-17T06:21:06.7756Z",moneybolt,playSWEEPSWinZone,ps,web,gold,regular,"3000.0","0.0",lose,"d5XU1XdyAcOqZqta3VwaXA=="
"2026-09-17T06:21:01.5657Z",moneybolt,playSWEEPSWinZone,ps,web,gold,regular,"3000.0","300.0",win,"NFMvQSGBAB7MFKFvkCx3uQ=="
"2026-09-17T06:18:49.1104Z",moneybolt,playSWEEPSWinZone,ps,web,gold,regular,"3000.0","0.0",lose,"eMrk1vLDoz+hfLS5PgUVGA=="
"2026-09-17T06:18:45.7057Z",moneybolt,playSWEEPSWinZone,ps,web,gold,regular,"3000.0","0.0",lose,"8LIsVzudi/IpPniXZaBWDg=="
"2026-09-17T06:18:40.6674Z",moneybolt,playSWEEPSWinZone,ps,web,gold,regular,"3000.0","1500.0",win,"aIbPC/ys/UAirKPreGv4Dw=="
"2026-09-17T06:18:31.3407Z",moneybolt,playSWEEPSWinZone,ps,web,gold,regular,"3000.0","0.0",lose,"t+kGmuerYgRzAP+AzkN4Aw=="
"2026-09-17T06:18:26.3063Z",moneybolt,playSWEEPSWinZone,ps,web,gold,regular,"3000.0","300.0",win,"kPAf0CivOMFt0kF0drm/4w=="
"2026-09-17T06:15:54.2321Z",moneybolt,playSWEEPSWinZone,ps,web,gold,regular,"3000.0","0.0",lose,"f1JG7p0fCiXzB9Am7Es3+g=="
"2026-09-17T06:15:36.2372Z",moneybolt,playSWEEPSWinZone,ps,web,gold,regular,"3000.0","6000.0",win,"Gjq5k7iNNM5Tic53FKFwHQ=="
"2026-09-17T06:15:27.1949Z",moneybolt,playSWEEPSWinZone,ps,web,gold,regular,"3000.0","0.0",lose,"mhmVTVXoGsM8nlPXLDExtQ=="
"2026-09-17T06:15:18.4177Z",moneybolt,playSWEEPSWinZone,ps,web,gold,regular,"3000.0","0.0",lose,"nFPFyRo/Zqlnh6B9x0yDAw=="
"2026-09-17T06:15:14.5297Z",moneybolt,playSWEEPSWinZone,ps,web,gold,regular,"3000.0","0.0",lose,"d8C7HH+imR2cUoE+wmB2/Q=="
"2026-09-17T06:15:08.6111Z",moneybolt,playSWEEPSWinZone,ps,web,gold,regular,"3000.0","900.0",win,"5LUVEhBCqOdzq5+md+6RiA=="
"2026-09-17T06:15:04.4047Z",moneybolt,playSWEEPSWinZone,ps,web,gold,regular,"3000.0","0.0",lose,"XGWBwh5kxnUC838J9VaeaQ=="
"2026-09-17T06:14:55.9562Z",moneybolt,playSWEEPSWinZone,ps,web,gold,regular,"3000.0","0.0",lose,"D5EscHQpF80ozM0U5rSfAw=="
"2026-09-17T06:14:53.0021Z",moneybolt,playSWEEPSWinZone,ps,web,gold,regular,"3000.0","0.0",lose,"dMNJePHRulQINZF5jYRv7g=="
"2026-09-17T06:14:35.1251Z",moneybolt,playSWEEPSWinZone,ps,web,gold,regular,"3000.0","0.0",lose,"qS+NEFpAQyWUM7/EU6Vy5Q=="
"2026-09-17T06:14:26.6082Z",moneybolt,playSWEEPSWinZone,ps,web,gold,regular,"3000.0","0.0",lose,"sk9aYMsaAqpOofa3julYyA=="
"2026-09-17T06:14:18.1542Z",moneybolt,playSWEEPSWinZone,ps,web,gold,regular,"3000.0","0.0",lose,"Fzbf8Zfn8gm1R0U5QIw6EQ=="
"2026-09-17T06:14:15.0640Z",moneybolt,playSWEEPSWinZone,ps,web,gold,regular,"3000.0","0.0",lose,"vJoAk6ETYCUK6GPnIH5hMA=="
"2026-09-17T06:12:51.0157Z",moneybolt,playSWEEPSWinZone,ps,web,gold,regular,"3000.0","9600.0",win,"B9O1NQDxdrXw3pPz/E7Hfw=="
"2026-09-17T06:12:39.2453Z",moneybolt,playSWEEPSWinZone,ps,web,gold,regular,"3000.0","0.0",lose,"n+QrI+Bt0BY3MzcdM4wVlw=="
"2026-09-17T06:09:58.4030Z",moneybolt,playSWEEPSWinZone,ps,web,gold,regular,"3000.0","0.0",lose,"YwqzovL2mW6nb55Th4ug4g=="
"2026-09-17T06:09:55.4991Z",moneybolt,playSWEEPSWinZone,ps,web,gold,regular,"3000.0","0.0",lose,"QcftayBlBsLvWc2PLI6Juw=="
"2026-09-17T06:09:47.0177Z",moneybolt,playSWEEPSWinZone,ps,web,gold,regular,"3000.0","300.0",win,"rsBP3xZc7oQAh4l6yNYNBQ=="
"2026-09-17T06:09:43.9358Z",moneybolt,playSWEEPSWinZone,ps,web,gold,regular,"3000.0","0.0",lose,"kCc56I2QnVOVHTm1PaUgSQ=="
"2026-09-17T06:09:41.0078Z",moneybolt,playSWEEPSWinZone,ps,web,gold,regular,"3000.0","0.0",lose,"JiJ5unVFu9lP1HmTl3nE2g=="
"2026-09-17T06:09:38.0636Z",moneybolt,playSWEEPSWinZone,ps,web,gold,regular,"3000.0","0.0",lose,"n5+57o4d3ajXohW3m/S/hw=="
"2026-09-17T06:09:32.4127Z",moneybolt,playSWEEPSWinZone,ps,web,gold,regular,"3000.0","0.0",lose,"sDvze8lIgLCaiDJC8N8QPQ=="
"2026-09-17T06:09:29.4230Z",moneybolt,playSWEEPSWinZone,ps,web,gold,regular,"3000.0","0.0",lose,"vSZQNiy3MhKTKfgiZnSE0g=="
"2026-09-17T06:09:26.4338Z",moneybolt,playSWEEPSWinZone,ps,web,gold,regular,"3000.0","0.0",lose,"tIKH1pBSH9jgn9mAYs001A=="
"2026-09-17T06:09:10.3029Z",moneybolt,playSWEEPSWinZone,ps,web,gold,regular,"3000.0","900.0",win,"oCySDW1jSi4EHzCu8mqkgA=="
"2026-09-17T06:09:07.3670Z",moneybolt,playSWEEPSWinZone,ps,web,gold,regular,"3000.0","0.0",lose,"UKaaDFJwENC3jb4vC320UA=="
"2026-09-17T06:05:52.4431Z",moneybolt,playSWEEPSWinZone,ps,web,gold,regular,"3000.0","0.0",lose,"EiSh9/SF5AutZUTkyz00Pw=="
"2026-09-17T06:05:47.1501Z",moneybolt,playSWEEPSWinZone,ps,web,gold,regular,"3000.0","600.0",win,"nftjfkSrI0JdDQOk8QSZgA=="
"2026-09-17T06:05:37.6105Z",moneybolt,playSWEEPSWinZone,ps,web,gold,regular,"3000.0","0.0",lose,"r0w04XUoCdKrVTkizH2LrA=="
"2026-09-17T06:05:20.5146Z",moneybolt,playSWEEPSWinZone,ps,web,gold,regular,"3000.0","600.0",win,"D8rKpsH4T1xfF+QoFxGUiQ=="
"2026-09-17T06:05:17.1695Z",moneybolt,playSWEEPSWinZone,ps,web,gold,regular,"3000.0","0.0",lose,"T58IwvKZwcuhGUVMDLqmfw=="
"2026-09-17T06:05:11.2869Z",moneybolt,playSWEEPSWinZone,ps,web,gold,regular,"3000.0","1200.0",win,"z2+hYHNp+6LrxSEF/l6ysA=="
"2026-09-17T06:05:02.4351Z",moneybolt,playSWEEPSWinZone,ps,web,gold,regular,"3000.0","0.0",lose,"VkgpX/5k3PAtjEyuWmfc9A=="
"2026-09-17T06:04:55.7276Z",moneybolt,playSWEEPSWinZone,ps,web,gold,regular,"3000.0","0.0",lose,"8w8mexdjr4wF2QYSGxTzBA=="
"2026-09-17T06:02:54.3700Z",moneybolt,playSWEEPSWinZone,ps,web,gold,regular,"3000.0","31200.0",win,"/DCfiYdPK1i/rSmkgI5U0Q=="
"2026-09-17T06:02:48.3560Z",moneybolt,playSWEEPSWinZone,ps,web,gold,regular,"3000.0","0.0",lose,"Z9SqfZX6chanfzI5hW5RCg=="
"2026-09-17T03:45:18.5188Z",sherlock,playSWEEPSWinZone,ps,web,gold,regular,"1000.0","0.0",lose,"CAoIs1NXJVdOD1A7zXm9ow=="
"2026-09-17T03:45:14.3163Z",sherlock,playSWEEPSWinZone,ps,web,gold,regular,"1000.0","0.0",lose,"kT4t2lDUMFeHxLcVw5Figw=="
"2026-09-17T03:45:55.2913Z",sherlock,playSWEEPSWinZone,ps,web,gold,regular,"1000.0","0.0",lose,"btUzzbLuBjOhjQ4i/zTnUw=="
"2026-09-17T03:45:52.1253Z",sherlock,playSWEEPSWinZone,ps,web,gold,regular,"1000.0","0.0",lose,"Ju70V9GmyLJIchJjW6+f+w=="
"2026-09-17T03:45:22.6362Z",sherlock,playSWEEPSWinZone,ps,web,gold,regular,"1000.0","200.0",win,"vvaaeer2rynh3sR7fD/uhA=="
"2026-09-17T03:45:10.9673Z",sherlock,playSWEEPSWinZone,ps,web,gold,regular,"1000.0","0.0",lose,"IKn4Os8cjNRoDZ9y2dHP2Q=="
"2026-09-17T03:45:02.1500Z",sherlock,playSWEEPSWinZone,ps,web,gold,regular,"1000.0","0.0",lose,"L6bM+yz82+GpG34OLEsSVA=="
"2026-09-17T03:44:48.5958Z",sherlock,playSWEEPSWinZone,ps,web,gold,regular,"1000.0","0.0",lose,"/d+uHZqcM91j0H172acBtg=="
"2026-09-17T03:44:45.1373Z",sherlock,playSWEEPSWinZone,ps,web,gold,regular,"1000.0","0.0",lose,"SyqXwzfEv6VsV6yHNIu2aA=="
"2026-09-17T03:44:41.5741Z",sherlock,playSWEEPSWinZone,ps,web,gold,regular,"1000.0","0.0",lose,"3VDzRK3lhMiVW42PItlJzA=="
"2026-09-17T03:44:35.2584Z",sherlock,playSWEEPSWinZone,ps,web,gold,regular,"1000.0","0.0",lose,"3NHoQmQMjqE5/ATzduQW7Q=="
"2026-09-17T03:44:25.9450Z",sherlock,playSWEEPSWinZone,ps,web,gold,regular,"1000.0","0.0",lose,"s38iWK0uJPYjiyW8rrOBwA=="
"2026-09-17T03:44:22.9273Z",sherlock,playSWEEPSWinZone,ps,web,gold,regular,"1000.0","0.0",lose,"HFpDefwLAACvf9mI4iVpfA=="
"2026-09-17T03:44:10.3311Z",sherlock,playSWEEPSWinZone,ps,web,gold,regular,"1000.0","0.0",lose,"N3BD/EDb+zeac8wWkMQBow=="
"2026-09-17T03:43:33.5880Z",sherlock,playSWEEPSWinZone,ps,web,gold,regular,"1000.0","0.0",lose,"lgagjrdn/Yk/MSXZic5+nw=="
"2026-09-17T03:43:28.4574Z",sherlock,playSWEEPSWinZone,ps,web,gold,regular,"1000.0","400.0",win,"IWA3LICC5z2Zq2L/0co3bw=="
"2026-09-17T03:43:25.1755Z",sherlock,playSWEEPSWinZone,ps,web,gold,regular,"1000.0","0.0",lose,"3Lb2MMXtGDE0KRD7dnl2SA=="
"2026-09-17T03:43:16.3544Z",sherlock,playSWEEPSWinZone,ps,web,gold,regular,"1000.0","200.0",win,"kcUo2NFIvqVqaK1htiryUg=="
"2026-09-17T03:42:55.7544Z",sherlock,playSWEEPSWinZone,ps,web,gold,regular,"1000.0","0.0",lose,"mLnRn9m6nkzXsQ+MW5kwaQ=="
"2026-09-17T03:42:52.5345Z",sherlock,playSWEEPSWinZone,ps,web,gold,regular,"1000.0","0.0",lose,"J7GLM6ytWhojRyMriqLcgg=="
"2026-09-17T03:42:43.9124Z",sherlock,playSWEEPSWinZone,ps,web,gold,regular,"1000.0","2800.0",win,"5S9QdkWLpzKYTh4bytC/HQ=="
"2026-09-17T03:42:38.5433Z",sherlock,playSWEEPSWinZone,ps,web,gold,regular,"1000.0","3900.0",win,"t1z2UMkFkGX6MbzxihcJkg=="
"2026-09-17T03:42:10.4116Z",sherlock,playSWEEPSWinZone,ps,web,gold,"free_spin","0.0","26600.0",win,"Wh16wO2wy35advsR6kjXmg=="
"2026-09-17T03:39:08.4009Z",sherlock,playSWEEPSWinZone,ps,web,gold,regular,"1000.0","0.0",lose,"Uwl8n4Vfb9MtTDkZXI83iA=="
"2026-09-17T03:39:00.0732Z",sherlock,playSWEEPSWinZone,ps,web,gold,regular,"1000.0","0.0",lose,"gRGLIISomC960rL7C9WWgg=="
"2026-09-17T03:38:57.0205Z",sherlock,playSWEEPSWinZone,ps,web,gold,regular,"1000.0","0.0",lose,"0U7476qTkENUQRf5KbPbsQ=="
"2026-09-17T03:38:48.6662Z",sherlock,playSWEEPSWinZone,ps,web,gold,regular,"1000.0","0.0",lose,"qL/w3SR2T5XOPOGg8SdZlQ=="
"2026-09-17T03:38:45.5599Z",sherlock,playSWEEPSWinZone,ps,web,gold,regular,"1000.0","0.0",lose,"mVRQVgFiGHRzouYgbOJ66Q=="
"2026-09-17T03:38:31.8358Z",sherlock,playSWEEPSWinZone,ps,web,gold,regular,"1000.0","200.0",win,"gyCvF/l7V7AQtnXC6nNcJg=="
"2026-09-17T03:38:26.5762Z",sherlock,playSWEEPSWinZone,ps,web,gold,regular,"1000.0","900.0",win,"jXABcxgk1sJzxLG9SMj+/g=="
"2026-09-17T03:38:23.4749Z",sherlock,playSWEEPSWinZone,ps,web,gold,regular,"1000.0","0.0",lose,"Lyc1H+2/d7WIN7DaLbucdg=="
"2026-09-17T03:38:20.3785Z",sherlock,playSWEEPSWinZone,ps,web,gold,regular,"1000.0","0.0",lose,"OwHHKMuw3o+Ijx8T3NRAfg=="
"2026-09-17T03:38:51.8740Z",sherlock,playSWEEPSWinZone,ps,web,gold,regular,"1000.0","200.0",win,"GYDgtbJ/Dh+gBZCzocPQbw=="
"2026-09-17T03:38:42.3207Z",sherlock,playSWEEPSWinZone,ps,web,gold,regular,"1000.0","0.0",lose,"dxJtsTtbmmPyL7UYZDm+cA=="
"2026-09-17T03:38:37.1783Z",sherlock,playSWEEPSWinZone,ps,web,gold,regular,"1000.0","600.0",win,"JcSVCni8Uwg5t6Kj53MkeQ=="
"2026-09-17T03:38:16.8310Z",sherlock,playSWEEPSWinZone,ps,web,gold,regular,"1000.0","0.0",lose,"w4CwPNXArhCaBrSynE7Egg=="
"2026-09-17T03:38:11.4823Z",sherlock,playSWEEPSWinZone,ps,web,gold,regular,"1000.0","300.0",win,"unt1JiYossRC+7a10lekPA=="
"2026-09-17T03:38:04.7423Z",sherlock,playSWEEPSWinZone,ps,web,gold,regular,"1000.0","0.0",lose,"qsseuPH+HbBgswWgmQUENw=="
"2026-09-17T03:38:07.8236Z",sherlock,playSWEEPSWinZone,ps,web,gold,regular,"1000.0","0.0",lose,"TU+xynN6DdrJKFSQ/WUvAA=="
"2026-09-17T03:38:01.6264Z",sherlock,playSWEEPSWinZone,ps,web,gold,regular,"1000.0","0.0",lose,"Nj2+Nt/qUYRrFf/b43f/RQ=="
"2026-09-17T03:37:53.1269Z",sherlock,playSWEEPSWinZone,ps,web,gold,regular,"1000.0","200.0",win,"HeZ30zA5HKd67LA407lTdg=="
"2026-09-17T03:37:50.0559Z",sherlock,playSWEEPSWinZone,ps,web,gold,regular,"1000.0","0.0",lose,"5PvYmMmh0vWFbqlH8hRNmQ=="
"2026-09-17T03:37:41.2867Z",sherlock,playSWEEPSWinZone,ps,web,gold,regular,"1000.0","600.0",win,"SVCP31IIE2Fvf+HlJP3Jkw=="
"2026-09-17T03:37:17.9972Z",sherlock,playSWEEPSWinZone,ps,web,gold,regular,"1000.0","2400.0",win,"DFcuidfq2ZSXH9JG8hodMA=="
"2026-09-17T03:37:14.3097Z",sherlock,playSWEEPSWinZone,ps,web,gold,regular,"1000.0","0.0",lose,"iEsUlImrOTVebhEcWMFK9A=="
"2026-09-17T03:37:02.9985Z",sherlock,playSWEEPSWinZone,ps,web,gold,regular,"1000.0","0.0",lose,"ohw/Y+YymmestanJTga44g=="
"2026-09-17T03:36:57.7355Z",sherlock,playSWEEPSWinZone,ps,web,gold,regular,"1000.0","200.0",win,"st9jkMTFNf6S4QkqD72siQ=="
"2026-09-17T03:36:51.4721Z",sherlock,playSWEEPSWinZone,ps,web,gold,regular,"1000.0","0.0",lose,"ZoBRc8sNA3Mcglvdq8+4KQ=="
"2026-09-17T03:36:45.0784Z",sherlock,playSWEEPSWinZone,ps,web,gold,regular,"1000.0","0.0",lose,"l93yOWu22CXOj3uIvb8lww=="
"2026-09-17T03:36:41.7287Z",sherlock,playSWEEPSWinZone,ps,web,gold,regular,"1000.0","0.0",lose,"cY7z5Pa9NNXwJud1KPqy/A=="
"2026-09-17T03:36:38.4691Z",sherlock,playSWEEPSWinZone,ps,web,gold,regular,"1000.0","0.0",lose,"zcwqQ3Cx37cTxa2OvqfVFA=="
"2026-09-17T03:36:31.9748Z",sherlock,playSWEEPSWinZone,ps,web,gold,regular,"1000.0","0.0",lose,"U0IJaBPNOf3iY6P1rNB0rg=="
"2026-09-17T03:36:28.6893Z",sherlock,playSWEEPSWinZone,ps,web,gold,regular,"1000.0","0.0",lose,"7U+j9rIxfJkHRAm3b7olBg=="
"2026-09-17T03:36:23.4337Z",sherlock,playSWEEPSWinZone,ps,web,gold,regular,"1000.0","500.0",win,"1v45UWR2pI1OwrQJ724Vww=="
"2026-09-17T03:36:20.3842Z",sherlock,playSWEEPSWinZone,ps,web,gold,regular,"1000.0","0.0",lose,"6lrQNlrupAAHiTjqkvvMQw=="
"2026-09-17T03:36:10.9940Z",sherlock,playSWEEPSWinZone,ps,web,gold,regular,"1000.0","400.0",win,"ScKci8Tnd/hzYey+KUhwgA=="
"2026-09-17T03:36:05.1837Z",sherlock,playSWEEPSWinZone,ps,web,gold,regular,"1000.0","1300.0",win,"iMzNouFFndTtm7JUONr2qA=="
"2026-09-17T03:35:57.2934Z",sherlock,playSWEEPSWinZone,ps,web,gold,regular,"1000.0","0.0",lose,"X68WdULhdL/Ue3/q5aBgbA=="
"2026-09-17T03:35:53.1195Z",sherlock,playSWEEPSWinZone,ps,web,gold,regular,"1000.0","0.0",lose,"GVU8dE61PCy46rNrHgJQhg=="
"2026-09-17T03:35:49.2443Z",sherlock,playSWEEPSWinZone,ps,web,gold,regular,"1000.0","0.0",lose,"6+UxFOqRy/ryHGz/D9INMQ=="
"2026-09-17T03:35:43.3231Z",sherlock,playSWEEPSWinZone,ps,web,gold,regular,"1000.0","1100.0",win,"PKc8MhwEw5jgjKyILPTRZQ=="
"2026-09-17T03:35:30.1003Z",sherlock,playSWEEPSWinZone,ps,web,gold,regular,"1000.0","0.0",lose,"OhoHs+3Y6mH/v4j7eNAmxA=="
"2026-09-17T03:35:23.4756Z",sherlock,playSWEEPSWinZone,ps,web,gold,regular,"1000.0","0.0",lose,"/fmNJxZy32V9RiI3VjahiQ=="
"2026-09-17T03:35:17.5190Z",sherlock,playSWEEPSWinZone,ps,web,gold,regular,"1000.0","100.0",win,"uZror5jWrw6gG+/7ec4emg=="
"2026-09-17T03:35:11.4427Z",sherlock,playSWEEPSWinZone,ps,web,gold,regular,"1000.0","400.0",win,"R6seUcLd7mHBGxs3QnZpqg=="
"2026-09-17T03:35:07.7148Z",sherlock,playSWEEPSWinZone,ps,web,gold,regular,"1000.0","0.0",lose,"YkiOZUejivsgt+7UFaVJnQ=="
"2026-09-17T03:33:04.4403Z",sherlock,playSWEEPSWinZone,ps,web,gold,regular,"1000.0","1300.0",win,"UUN1Tg+MxOGBcV0ccPNdFg=="
"2026-09-17T03:32:55.9458Z",sherlock,playSWEEPSWinZone,ps,web,gold,regular,"1000.0","0.0",lose,"Edn2Z1CcZYW8autxp+HqwA=="
"2026-09-17T03:32:52.5170Z",sherlock,playSWEEPSWinZone,ps,web,gold,regular,"1000.0","0.0",lose,"SPRNODjqYEUmEwkWNYQm9A=="
"2026-09-17T03:32:49.3065Z",sherlock,playSWEEPSWinZone,ps,web,gold,regular,"1000.0","0.0",lose,"96BPWT0zOfvBA8y50emM1Q=="
"2026-09-17T03:32:44.0726Z",sherlock,playSWEEPSWinZone,ps,web,gold,regular,"1000.0","400.0",win,"jVxHk71QpFmAIdq4FcKwsQ=="
"2026-09-17T03:32:40.9724Z",sherlock,playSWEEPSWinZone,ps,web,gold,regular,"1000.0","0.0",lose,"ehiRSJXIquZq5X8UobK1Yg=="
"2026-09-17T03:32:29.7574Z",sherlock,playSWEEPSWinZone,ps,web,gold,regular,"1000.0","0.0",lose,"DT99CltPFw5HPBr5fWMoyA=="
"2026-09-17T03:32:20.8059Z",sherlock,playSWEEPSWinZone,ps,web,gold,regular,"1000.0","500.0",win,"zDQEMmvMjdaB9HOhJkfsrQ=="
"2026-09-16T08:17:53.4042Z",starburstgalaxy,playSWEEPSWinZone,evolution,app,gold,regular,"2000.0","0.0",lose,"dfab0a7f-ec35-4694-9f0c-19358cd450ab"
"2026-09-16T08:17:51.8099Z",starburstgalaxy,playSWEEPSWinZone,evolution,app,gold,regular,"2000.0","0.0",lose,"656966dc-7869-49ab-873d-161e2a463f13"
"2026-09-16T08:17:49.1936Z",starburstgalaxy,playSWEEPSWinZone,evolution,app,gold,regular,"2000.0","0.0",lose,"0d3a74bd-a9a9-4bde-ab71-a58b80d21e09"
"2026-09-16T08:17:41.3191Z",starburstgalaxy,playSWEEPSWinZone,evolution,app,gold,regular,"2000.0","500.0",win,"798ecf0b-7ff7-4ca5-a0ac-a4d5202b32e0"
"2026-09-16T08:17:14.9749Z",starburstgalaxy,playSWEEPSWinZone,evolution,app,gold,regular,"2000.0","0.0",lose,"10ca1083-89f6-415a-92b1-34b27385cb86"
"2026-09-16T08:17:13.2717Z",starburstgalaxy,playSWEEPSWinZone,evolution,app,gold,regular,"2000.0","0.0",lose,"39b07db6-eaf7-4a80-9dfd-72cbe264bf89"
"2026-09-16T08:17:02.4359Z",starburstgalaxy,playSWEEPSWinZone,evolution,app,gold,regular,"2000.0","0.0",lose,"46a6f39f-0967-428c-9895-5a4b9bd5cf57"
"2026-09-16T08:16:56.3739Z",starburstgalaxy,playSWEEPSWinZone,evolution,app,gold,regular,"2000.0","2500.0",win,"4910fe6a-dfa2-483b-9e06-6c3d1d700439"
"2026-09-16T08:16:50.8827Z",starburstgalaxy,playSWEEPSWinZone,evolution,app,gold,regular,"2000.0","0.0",lose,"1c1c8814-8b7d-4383-b2fe-c47786ab2c70"
"2026-09-16T08:16:45.8763Z",starburstgalaxy,playSWEEPSWinZone,evolution,app,gold,regular,"2000.0","0.0",lose,"016ec6f9-35f1-4fbc-95b0-219056fe24fd"
"2026-09-16T08:16:41.8558Z",starburstgalaxy,playSWEEPSWinZone,evolution,app,gold,regular,"2000.0","0.0",lose,"3effa9ac-7e6d-4422-86e6-9df16b762685"
"2026-09-16T08:16:39.9647Z",starburstgalaxy,playSWEEPSWinZone,evolution,app,gold,regular,"2000.0","0.0",lose,"33082289-4982-4e49-b437-0e5a20e59cf1"
"2026-09-16T08:16:38.2759Z",starburstgalaxy,playSWEEPSWinZone,evolution,app,gold,regular,"2000.0","0.0",lose,"8fa46f18-d7ff-45d4-bfde-6550da3be645"
"2026-09-16T08:16:36.4281Z",starburstgalaxy,playSWEEPSWinZone,evolution,app,gold,regular,"2000.0","0.0",lose,"92a6a27f-ca04-44ff-a769-7594b8155b88"
"2026-09-16T08:16:30.5809Z",starburstgalaxy,playSWEEPSWinZone,evolution,app,gold,regular,"2000.0","500.0",win,"e35715b9-a1c5-470c-9a17-fb8cfc8e7a6a"
"2026-09-16T08:16:24.8186Z",starburstgalaxy,playSWEEPSWinZone,evolution,app,gold,regular,"2000.0","9000.0",win,"57afe0c5-8e95-49c7-8454-7d11a91e460a"
"2026-09-16T08:16:04.7460Z",starburstgalaxy,playSWEEPSWinZone,evolution,app,gold,regular,"2000.0","0.0",lose,"50d59aeb-b372-4bb4-bfc4-324ffa0a3775"
"2026-09-16T08:15:53.4398Z",starburstgalaxy,playSWEEPSWinZone,evolution,app,gold,regular,"2000.0","0.0",lose,"b7aa6703-b2ae-4e78-8f27-fd4434c6c637"
"2026-09-16T08:16:01.3100Z",starburstgalaxy,playSWEEPSWinZone,evolution,app,gold,regular,"2000.0","0.0",lose,"6c969f57-9488-4d10-8428-558a4a4ebc8a"
"2026-09-16T08:15:51.7950Z",starburstgalaxy,playSWEEPSWinZone,evolution,app,gold,regular,"2000.0","0.0",lose,"438ff1ab-fe26-470f-96f5-0c90341061b6"
"2026-09-16T08:15:44.2556Z",starburstgalaxy,playSWEEPSWinZone,evolution,app,gold,regular,"2000.0","0.0",lose,"ddcf8041-bf48-49dd-8f9d-5d9996534809"
"2026-09-16T08:15:42.6098Z",starburstgalaxy,playSWEEPSWinZone,evolution,app,gold,regular,"2000.0","0.0",lose,"dfeabe5b-fc18-4d61-9a0e-88976cb2e88e"
"2026-09-16T08:15:58.4579Z",starburstgalaxy,playSWEEPSWinZone,evolution,app,gold,regular,"2000.0","1000.0",win,"2f6e58cd-5ea6-4951-9e1b-3814f68cb99d"
"2026-09-16T08:15:40.5649Z",starburstgalaxy,playSWEEPSWinZone,evolution,app,gold,regular,"2000.0","0.0",lose,"ed70fd18-57a1-4770-aa3a-42976455648d"
"2026-09-16T08:15:36.9142Z",starburstgalaxy,playSWEEPSWinZone,evolution,app,gold,regular,"2000.0","0.0",lose,"91bee624-d3a5-43c7-8d07-9c9c85e33963"
"2026-09-16T08:15:34.4992Z",starburstgalaxy,playSWEEPSWinZone,evolution,app,gold,regular,"2000.0","0.0",lose,"efe2c3f7-b7ea-4e70-a9c8-f56de2c497e8"
"2026-09-16T08:11:44.8312Z",starburstgalaxy,playSWEEPSWinZone,evolution,app,gold,regular,"1000.0","0.0",lose,"86b2569d-6eb2-4c8d-a70b-dc1ab17ec0ae"
"2026-09-16T08:11:43.2745Z",starburstgalaxy,playSWEEPSWinZone,evolution,app,gold,regular,"1000.0","0.0",lose,"b576d5d6-f968-48dd-b94d-6429b5a3d536"
"2026-09-16T08:11:41.3097Z",starburstgalaxy,playSWEEPSWinZone,evolution,app,gold,regular,"1000.0","0.0",lose,"2d6fd07e-e460-4683-b85a-0c0894bfb7b2"
"2026-09-16T08:11:05.3002Z",starburstgalaxy,playSWEEPSWinZone,evolution,app,gold,regular,"1000.0","0.0",lose,"36b60c61-ee30-4b5d-a544-909bd0c18c04"
"2026-09-16T08:11:01.0552Z",starburstgalaxy,playSWEEPSWinZone,evolution,app,gold,regular,"1000.0","250.0",win,"5c548a9b-8b88-46b3-bfe8-13a7becf6e6d"
"2026-09-16T08:10:55.5696Z",starburstgalaxy,playSWEEPSWinZone,evolution,app,gold,regular,"1000.0","0.0",lose,"bed07dec-8343-4e0e-8608-6282cc9852e6"
"2026-09-16T08:10:53.6513Z",starburstgalaxy,playSWEEPSWinZone,evolution,app,gold,regular,"1000.0","0.0",lose,"c2611038-9d4b-470d-8ead-bd18961ce37a"
"2026-09-16T07:26:14.8808Z",treasuremap,playSWEEPSWinZone,ps,app,sweep,regular,"0.2","0.0",lose,"WipO4Nu1pPWeKnBckLwjtg=="
"2026-09-16T07:26:11.0230Z",treasuremap,playSWEEPSWinZone,ps,app,sweep,regular,"0.2","0.0",lose,"3vaOioTIUWNY25UkD8Na+w=="
"2026-09-16T07:26:05.5356Z",treasuremap,playSWEEPSWinZone,ps,app,sweep,regular,"0.2","0.18",win,"3qvnVFOeF4721RuBME1npA=="
"2026-09-16T07:25:58.6371Z",treasuremap,playSWEEPSWinZone,ps,app,sweep,regular,"0.2","0.0",lose,"xTUZm5ZfEJjchyLloE2H9w=="
"2026-09-16T07:25:41.7594Z",treasuremap,playSWEEPSWinZone,ps,app,sweep,regular,"0.2","0.0",lose,"UoNaCQxgVXmifBic6XXOIQ=="
"2026-09-16T07:25:25.9460Z",treasuremap,playSWEEPSWinZone,ps,app,sweep,regular,"0.2","0.0",lose,"yc6gC+l95Uhf2dXrRK1rpQ=="
"2026-09-16T07:23:29.2202Z",treasuremap,playSWEEPSWinZone,ps,app,sweep,regular,"0.2","0.0",lose,"kMem/Q/MjUxwsqqF5X3cvg=="
"2026-09-16T07:23:26.1466Z",treasuremap,playSWEEPSWinZone,ps,app,sweep,regular,"0.2","0.0",lose,"ts4GFVERxMArvfganrQGzw=="
"2026-09-16T07:22:32.7811Z",treasuremap,playSWEEPSWinZone,ps,app,sweep,regular,"0.2","0.0",lose,"a1EZJ4AYFTnMRkFro7XgXw=="
"2026-09-16T07:22:29.6232Z",treasuremap,playSWEEPSWinZone,ps,app,sweep,regular,"0.2","0.0",lose,"gFQeCerRAWiYWSk6Nap3xA=="
"2026-09-17T05:10:45.0481Z",moneybolt,playSWEEPSWinZone,ps,web,gold,regular,"3000.0","72000.0",win,"U5wu02fhDPsrZr+vWVzSJQ=="
"2026-09-17T05:10:42.0570Z",moneybolt,playSWEEPSWinZone,ps,web,gold,regular,"3000.0","0.0",lose,"8mSDFUiTdlSAYg09KLsgRA=="
"2026-09-17T05:10:37.1149Z",moneybolt,playSWEEPSWinZone,ps,web,gold,regular,"3000.0","900.0",win,"XpV4WZ7y86Yo57gUKaez4A=="
"2026-09-17T05:10:33.6259Z",moneybolt,playSWEEPSWinZone,ps,web,gold,regular,"3000.0","0.0",lose,"fkG8MCGJ8zKkM6KUhMqyRA=="
"2026-09-17T05:10:24.9239Z",moneybolt,playSWEEPSWinZone,ps,web,gold,regular,"3000.0","0.0",lose,"mgE54G6FPW8qp7rsrSkOcA=="
"2026-09-17T05:10:21.7188Z",moneybolt,playSWEEPSWinZone,ps,web,gold,regular,"3000.0","0.0",lose,"zm9W6kR+9gss9eNwPefnYw=="
"2026-09-17T05:10:18.5542Z",moneybolt,playSWEEPSWinZone,ps,web,gold,regular,"3000.0","0.0",lose,"NZlA9UIg7VdQh7OhCSdP5w=="
"2026-09-17T05:09:56.3144Z",moneybolt,playSWEEPSWinZone,ps,web,gold,regular,"3000.0","0.0",lose,"ldTR1YzHO5ncxGHmCBwFnA=="
"2026-09-17T05:09:52.9959Z",moneybolt,playSWEEPSWinZone,ps,web,gold,regular,"3000.0","0.0",lose,"mgDzpH/BG24h8IoowpyO4g=="
"2026-09-17T05:09:50.1289Z",moneybolt,playSWEEPSWinZone,ps,web,gold,regular,"3000.0","0.0",lose,"14YE3/h49gOA+Ka+h1FIHw=="
"2026-09-17T05:09:46.9108Z",moneybolt,playSWEEPSWinZone,ps,web,gold,regular,"3000.0","0.0",lose,"rHlQx3EZa1xMYeT8CNTeKg=="
"2026-09-17T05:06:33.9537Z",moneybolt,playSWEEPSWinZone,ps,web,gold,regular,"3000.0","156000.0",win,"oQrS9G5Wvubm9qIzCmO3ig=="
"2026-09-17T05:06:27.7538Z",moneybolt,playSWEEPSWinZone,ps,web,gold,regular,"3000.0","0.0",lose,"qD5PVebA6P4DInA6eQ6w5Q=="
"2026-09-17T05:06:24.5418Z",moneybolt,playSWEEPSWinZone,ps,web,gold,regular,"3000.0","0.0",lose,"4n1clS5AbJjaaIPJklDkBQ=="
"2026-09-17T05:06:19.4188Z",moneybolt,playSWEEPSWinZone,ps,web,gold,regular,"3000.0","300.0",win,"v7jiqU79uJ/wATvD5s0aow=="
"2026-09-17T05:05:56.6503Z",moneybolt,playSWEEPSWinZone,ps,web,gold,"free_spin","0.0","147600.0",win,"KoN8ra/McNluNNN4ZsBI3g=="
"2026-09-17T05:05:34.8108Z",moneybolt,playSWEEPSWinZone,ps,web,gold,regular,"3000.0","0.0",lose,"KoN8ra/McNluNNN4ZsBI3g=="
"2026-09-17T05:00:14.6396Z",moneybolt,playSWEEPSWinZone,ps,web,gold,regular,"3000.0","18000.0",win,"5eUUf+pRLCqw3jfm8dLicQ=="
"2026-09-17T05:00:08.2007Z",moneybolt,playSWEEPSWinZone,ps,web,gold,regular,"3000.0","0.0",lose,"mayTqCGZhU7+dRbedspMNw=="
"2026-09-17T05:00:03.9109Z",moneybolt,playSWEEPSWinZone,ps,web,gold,regular,"3000.0","0.0",lose,"Ju5Jt7T/JdhYLjN9OilphA=="
"2026-09-17T04:59:43.4057Z",moneybolt,playSWEEPSWinZone,ps,web,gold,regular,"3000.0","900.0",win,"PdiWBrCMQ+OakmroPZL9mw=="
"2026-09-17T04:58:51.0108Z",moneybolt,playSWEEPSWinZone,ps,web,gold,regular,"3000.0","0.0",lose,"RTCW2Jc0SkvcEAX22KJEmg=="
"2026-09-17T04:58:42.1307Z",moneybolt,playSWEEPSWinZone,ps,web,gold,regular,"3000.0","0.0",lose,"auCgoODOmJzpg5CcMToODg=="
"2026-09-17T04:51:21.6619Z",moneybolt,playSWEEPSWinZone,ps,web,gold,regular,"3000.0","0.0",lose,"Idn7FtYARHgxuD4yZe3/kw=="
"2026-09-17T04:51:18.5756Z",moneybolt,playSWEEPSWinZone,ps,web,gold,regular,"3000.0","0.0",lose,"NZSXpNFlS07LrD5MAydAAQ=="
"2026-09-17T04:51:15.3248Z",moneybolt,playSWEEPSWinZone,ps,web,gold,regular,"3000.0","0.0",lose,"pKSlAdH/gTvXMKi9zEsMAg=="
"2026-09-17T04:51:09.4316Z",moneybolt,playSWEEPSWinZone,ps,web,gold,regular,"3000.0","0.0",lose,"GkSoG55KDEBeNsL/qe9Gdw=="
"2026-09-17T04:51:06.4344Z",moneybolt,playSWEEPSWinZone,ps,web,gold,regular,"3000.0","0.0",lose,"f6OPK1aSoAir8R2zHVuGhw=="
"2026-09-17T04:51:00.4014Z",moneybolt,playSWEEPSWinZone,ps,web,gold,regular,"3000.0","0.0",lose,"ir15X1OhFoCcAh6IhCTNBQ=="
"2026-09-17T04:50:55.4248Z",moneybolt,playSWEEPSWinZone,ps,web,gold,regular,"3000.0","1200.0",win,"f5dGjg7p6P5Z0kyuWP6meQ=="
"2026-09-17T04:50:46.6500Z",moneybolt,playSWEEPSWinZone,ps,web,gold,regular,"3000.0","0.0",lose,"635E52yToIdSdzqNsSPOgw=="
"2026-09-17T04:50:38.1097Z",moneybolt,playSWEEPSWinZone,ps,web,gold,regular,"3000.0","7800.0",win,"VhFW4xM5N/ljqgbTh1oM0w=="
"2026-09-17T04:49:31.4732Z",moneybolt,playSWEEPSWinZone,ps,web,gold,regular,"3000.0","300.0",win,"lDImP4VJqmzTc7DEa5B7wQ=="
"2026-09-17T04:49:25.3331Z",moneybolt,playSWEEPSWinZone,ps,web,gold,regular,"3000.0","0.0",lose,"z1mxX4ZFNznvVI1mP7JGUw=="
"2026-09-17T04:49:16.5147Z",moneybolt,playSWEEPSWinZone,ps,web,gold,regular,"3000.0","300.0",win,"tUPnPdFJdr3Yp/4AFkinvg=="
"2026-09-17T04:49:13.2959Z",moneybolt,playSWEEPSWinZone,ps,web,gold,regular,"3000.0","0.0",lose,"25DH+WrAJgEcfI+FVaCY5Q=="
"2026-09-17T04:49:10.2859Z",moneybolt,playSWEEPSWinZone,ps,web,gold,regular,"3000.0","0.0",lose,"dNI/c4tLX8lF5kMAwZM14g=="
"2026-09-17T04:48:59.4568Z",moneybolt,playSWEEPSWinZone,ps,web,gold,regular,"3000.0","0.0",lose,"xXndM2qImi86v7rkH7S7nQ=="
"2026-09-17T04:48:53.8105Z",moneybolt,playSWEEPSWinZone,ps,web,gold,regular,"3000.0","0.0",lose,"QY6K8OQK3++54sX/zvDXnQ=="
"2026-09-17T04:48:44.6997Z",moneybolt,playSWEEPSWinZone,ps,web,gold,regular,"3000.0","0.0",lose,"nX+RhjUp/0Ev8bYLc0cteQ=="
"2026-09-17T04:47:48.4135Z",moneybolt,playSWEEPSWinZone,ps,web,gold,regular,"3000.0","0.0",lose,"1r7EVY4PiR39ccdBs6iOuw=="
"2026-09-17T04:47:28.3942Z",moneybolt,playSWEEPSWinZone,ps,web,gold,regular,"3000.0","22500.0",win,"BuGgZwbMiTBlPlUB3f/tYQ=="
"2026-09-17T04:47:07.2225Z",moneybolt,playSWEEPSWinZone,ps,web,gold,regular,"3000.0","0.0",lose,"YtEqZVJHDsWo7hDFfqJfPw=="
"2026-09-17T04:46:55.2178Z",moneybolt,playSWEEPSWinZone,ps,web,gold,regular,"3000.0","0.0",lose,"wc3OJB3atLrd4UShJy9NpQ=="
"2026-09-17T04:46:52.0186Z",moneybolt,playSWEEPSWinZone,ps,web,gold,regular,"3000.0","0.0",lose,"3etTJsen1WNZzZqr66LD0g=="
"2026-09-17T04:46:46.5071Z",moneybolt,playSWEEPSWinZone,ps,web,gold,regular,"3000.0","300.0",win,"1LpOjomhtYe9hp52J565Lg=="
"2026-09-17T04:46:43.3260Z",moneybolt,playSWEEPSWinZone,ps,web,gold,regular,"3000.0","0.0",lose,"MrHGhRJCjYaaEhNxUnodxQ=="
"2026-09-17T04:46:40.3364Z",moneybolt,playSWEEPSWinZone,ps,web,gold,regular,"3000.0","0.0",lose,"B3m6Z8eBeUEYFGoZzWGo8w=="
"2026-09-17T04:46:34.3481Z",moneybolt,playSWEEPSWinZone,ps,web,gold,regular,"3000.0","0.0",lose,"hMb9wgSliXNhOswJeTqzyQ=="
"2026-09-17T04:46:31.3240Z",moneybolt,playSWEEPSWinZone,ps,web,gold,regular,"3000.0","0.0",lose,"2JylJ6u+hRLYwdTT8uiImQ=="
"2026-09-17T04:38:11.4182Z",moneybolt,playSWEEPSWinZone,ps,web,gold,regular,"3000.0","300.0",win,"CX1Wu44YuHqvzpdc7q7r/g=="
"2026-09-17T04:38:05.4497Z",moneybolt,playSWEEPSWinZone,ps,web,gold,regular,"3000.0","0.0",lose,"bdtnv7FH2LFEL0ju7ZIiIw=="
"2026-09-17T04:38:02.1482Z",moneybolt,playSWEEPSWinZone,ps,web,gold,regular,"3000.0","0.0",lose,"3sb7ON529vplLG5r4PO5Vg=="
"2026-09-17T04:37:42.8743Z",moneybolt,playSWEEPSWinZone,ps,web,gold,"free_spin","0.0","110700.0",win,"ysPClx/XG2lb/zTMdlbYMw=="
"2026-09-17T04:34:23.5801Z",moneybolt,playSWEEPSWinZone,ps,web,gold,regular,"3000.0","0.0",lose,"y99Yst55OiJXWuTKxrkwXg=="
"2026-09-17T04:34:05.7207Z",moneybolt,playSWEEPSWinZone,ps,web,gold,regular,"3000.0","4200.0",win,"/ZYFKQdrOgOVtyfZ2sj5Ag=="
"2026-09-17T04:33:57.8106Z",moneybolt,playSWEEPSWinZone,ps,web,gold,regular,"3000.0","300.0",win,"JMXzWa+633u9IUvPJ1LS8w=="
"2026-09-17T04:33:52.6462Z",moneybolt,playSWEEPSWinZone,ps,web,gold,regular,"3000.0","600.0",win,"oue51JOLz2+qLHiLzQL4Fw=="
"2026-09-17T04:33:49.7579Z",moneybolt,playSWEEPSWinZone,ps,web,gold,regular,"3000.0","0.0",lose,"5ft7Hi5BX0yJ5Vq5M0IF9A=="
"2026-09-17T04:33:44.2478Z",moneybolt,playSWEEPSWinZone,ps,web,gold,regular,"3000.0","300.0",win,"ZbGvt6/TcRsKXKzBguEdtw=="
"2026-09-17T04:33:33.3559Z",moneybolt,playSWEEPSWinZone,ps,web,gold,regular,"3000.0","1800.0",win,"RY+7AgoG6RKxu6x8v74Egg=="
"2026-09-17T04:33:30.3272Z",moneybolt,playSWEEPSWinZone,ps,web,gold,regular,"3000.0","0.0",lose,"pVD/61mkcApsm8xurtzGOQ=="
"2026-09-17T04:34:02.8629Z",moneybolt,playSWEEPSWinZone,ps,web,gold,regular,"3000.0","0.0",lose,"77MhKF3ycwUR6Vc5aPy+Cg=="
"2026-09-17T04:33:41.2969Z",moneybolt,playSWEEPSWinZone,ps,web,gold,regular,"3000.0","0.0",lose,"wCLtV9v3oHbJvYA/VOEFVg=="
"2026-09-17T04:33:38.4209Z",moneybolt,playSWEEPSWinZone,ps,web,gold,regular,"3000.0","0.0",lose,"W2dB/MAO98GtW5qaPMkuAA=="
"2026-09-17T04:33:27.3668Z",moneybolt,playSWEEPSWinZone,ps,web,gold,regular,"3000.0","0.0",lose,"VWWbAf4uWua6FxDD9dYbRg=="
"2026-09-17T04:33:13.4289Z",moneybolt,playSWEEPSWinZone,ps,web,gold,regular,"3000.0","6000.0",win,"hJ7Gcs9oqxZiVMz+/G5ijw=="
"2026-09-17T04:33:10.2145Z",moneybolt,playSWEEPSWinZone,ps,web,gold,regular,"3000.0","0.0",lose,"etYpNeRV/3YFEKg9HHL8Pg=="
"2026-09-17T04:33:04.1393Z",moneybolt,playSWEEPSWinZone,ps,web,gold,regular,"3000.0","0.0",lose,"QQDNMi/mFsoDZZ3DMmmbbQ=="
"2026-09-17T04:32:52.9307Z",moneybolt,playSWEEPSWinZone,ps,web,gold,regular,"3000.0","600.0",win,"4KRO8Qo42Bl76qFkeDfL6w=="
"2026-09-17T04:32:47.8233Z",moneybolt,playSWEEPSWinZone,ps,web,gold,regular,"3000.0","600.0",win,"gTmHVbncKArLawG/NxvwwQ=="
"2026-09-17T04:32:37.3337Z",moneybolt,playSWEEPSWinZone,ps,web,gold,regular,"3000.0","300.0",win,"lerPjtVXE+D1J/I+CBBVXQ=="
"2026-09-17T04:20:13.2745Z","wildbuccaneerstripletreasure_94",playSWEEPSWinZone,rgs,web,gold,regular,"2000.0","0.0",lose,10031175619
"2026-09-17T04:20:07.2443Z","wildbuccaneerstripletreasure_94",playSWEEPSWinZone,rgs,web,gold,regular,"2000.0","400.0",win,10031175231
"2026-09-17T04:19:55.3516Z","wildbuccaneerstripletreasure_94",playSWEEPSWinZone,rgs,web,gold,regular,"2000.0","400.0",win,10031174576
"2026-09-17T04:19:49.7278Z","wildbuccaneerstripletreasure_94",playSWEEPSWinZone,rgs,web,gold,regular,"2000.0","0.0",lose,10031174395
"2026-09-17T04:19:41.6594Z","wildbuccaneerstripletreasure_94",playSWEEPSWinZone,rgs,web,gold,regular,"2000.0","0.0",lose,10031173858
"2026-09-17T04:19:37.6163Z","wildbuccaneerstripletreasure_94",playSWEEPSWinZone,rgs,web,gold,regular,"2000.0","0.0",lose,10031173671
"2026-09-17T04:19:34.4165Z","wildbuccaneerstripletreasure_94",playSWEEPSWinZone,rgs,web,gold,regular,"2000.0","0.0",lose,10031173413
"2026-09-17T04:19:10.5896Z","wildbuccaneerstripletreasure_94",playSWEEPSWinZone,rgs,web,gold,regular,"2000.0","0.0",lose,10031172138
"2026-09-17T04:19:02.8753Z","wildbuccaneerstripletreasure_94",playSWEEPSWinZone,rgs,web,gold,regular,"2000.0","0.0",lose,10031171729
"2026-09-17T04:08:10.9057Z",starburstgalaxy,playSWEEPSWinZone,evolution,web,gold,regular,"3000.0","0.0",lose,"f732688a-b324-4c56-930e-fd31e7801ddd"
"2026-09-17T04:08:07.7838Z",starburstgalaxy,playSWEEPSWinZone,evolution,web,gold,regular,"3000.0","0.0",lose,"16703550-8510-45c9-a9d4-509e7e6520b2"
"2026-09-17T04:07:50.9059Z",starburstgalaxy,playSWEEPSWinZone,evolution,web,gold,regular,"3000.0","0.0",lose,"feb5c3b5-f2bf-4507-9667-8a40bf5f1000"
"2026-09-17T04:07:42.1667Z",starburstgalaxy,playSWEEPSWinZone,evolution,web,gold,regular,"3000.0","2250.0",win,"f9544e50-2b01-4b4d-8d22-a2c542942674"
"2026-09-17T04:07:37.9233Z",starburstgalaxy,playSWEEPSWinZone,evolution,web,gold,regular,"3000.0","0.0",lose,"2e6e8050-2c20-4962-9352-91c04e49d30f"
"2026-09-17T04:07:36.2889Z",starburstgalaxy,playSWEEPSWinZone,evolution,web,gold,regular,"3000.0","0.0",lose,"26dc43d4-2ef7-4cf9-b9ca-e950c38213d1"
"2026-09-17T04:07:34.8162Z",starburstgalaxy,playSWEEPSWinZone,evolution,web,gold,regular,"3000.0","0.0",lose,"c5cd87a6-9db7-49f7-9864-27726ce882ec"
"2026-09-17T04:07:32.7435Z",starburstgalaxy,playSWEEPSWinZone,evolution,web,gold,regular,"3000.0","1500.0",win,"40b22bd5-a68e-424c-a16c-5011d21c67c3"
"2026-09-17T04:07:25.3609Z",starburstgalaxy,playSWEEPSWinZone,evolution,web,gold,regular,"3000.0","0.0",lose,"47536a94-8ff2-43a9-aeda-dd1a3d4bf2c8"
"2026-09-17T04:07:01.8929Z",starburstgalaxy,playSWEEPSWinZone,evolution,web,gold,regular,"3000.0","75750.0",win,"b2195e1b-8085-4e2e-bff4-6f6ab098a321"
"2026-09-17T03:59:05.3700Z",sherlock,playSWEEPSWinZone,ps,web,gold,regular,"1000.0","1300.0",win,"YnTVcvhEKFW/FN849ilcHw=="
"2026-09-17T03:58:59.9390Z",sherlock,playSWEEPSWinZone,ps,web,gold,regular,"1000.0","200.0",win,"7F0RsqFT3e0UU6CyBXqOeA=="
"2026-09-17T03:58:56.8244Z",sherlock,playSWEEPSWinZone,ps,web,gold,regular,"1000.0","0.0",lose,"HezPScCqdnDPg51iuR6isw=="
"2026-09-17T03:58:53.8007Z",sherlock,playSWEEPSWinZone,ps,web,gold,regular,"1000.0","0.0",lose,"At6Cb7Xbm/2t3nxMF6C4gg=="
"2026-09-17T03:58:50.7897Z",sherlock,playSWEEPSWinZone,ps,web,gold,regular,"1000.0","0.0",lose,"Akpwe0cQxb+20a/HxHQ+Wg=="
"2026-09-17T03:58:44.3054Z",sherlock,playSWEEPSWinZone,ps,web,gold,regular,"1000.0","0.0",lose,"qWLe7V+8QSkxbajnAZxRaQ=="
"2026-09-17T03:58:41.2955Z",sherlock,playSWEEPSWinZone,ps,web,gold,regular,"1000.0","0.0",lose,"fWW/qqp7RzlK3pZ+KFB5BA=="
"2026-09-17T03:58:38.1939Z",sherlock,playSWEEPSWinZone,ps,web,gold,regular,"1000.0","0.0",lose,"1RsQappf8Ne+q3Q2KffrSg=="
"2026-09-17T03:58:28.6609Z",sherlock,playSWEEPSWinZone,ps,web,gold,regular,"1000.0","0.0",lose,"iMWHHnWQxlbGAl8xVJkN4A=="
"2026-09-17T03:58:22.0214Z",sherlock,playSWEEPSWinZone,ps,web,gold,regular,"1000.0","0.0",lose,"CIuLyFQosQ32WtrYk2/piQ=="
"2026-09-17T03:58:13.0521Z",sherlock,playSWEEPSWinZone,ps,web,gold,regular,"1000.0","0.0",lose,"oA4C95JZd36Y/89kPI3XmQ=="
"2026-09-17T03:49:04.8367Z",sherlock,playSWEEPSWinZone,ps,web,gold,regular,"1000.0","0.0",lose,"idt9GD+gQZJn17PuG5hr0Q=="
"2026-09-17T03:49:01.4988Z",sherlock,playSWEEPSWinZone,ps,web,gold,regular,"1000.0","0.0",lose,"9vf5kiRxhRElhWIzrRjwpQ=="
"2026-09-17T03:48:58.2642Z",sherlock,playSWEEPSWinZone,ps,web,gold,regular,"1000.0","0.0",lose,"bvuWieMk2OegufBVtRApPw=="
"2026-09-17T03:48:47.3833Z",sherlock,playSWEEPSWinZone,ps,web,gold,regular,"1000.0","500.0",win,"9Msp/JEgG/DVTTUjmi3LmA=="
"2026-09-17T03:48:43.9082Z",sherlock,playSWEEPSWinZone,ps,web,gold,regular,"1000.0","0.0",lose,"lUTeWzN9YR2kMMxrdslonQ=="
"2026-09-17T03:48:36.6190Z",sherlock,playSWEEPSWinZone,ps,web,gold,regular,"1000.0","0.0",lose,"HQDQdc0Pc6/34DiVVv66uQ=="
"2026-09-17T03:48:30.2131Z",sherlock,playSWEEPSWinZone,ps,web,gold,regular,"1000.0","0.0",lose,"RnwCFQJHOJ/+QtBEiFukpA=="
"2026-09-17T03:48:26.9906Z",sherlock,playSWEEPSWinZone,ps,web,gold,regular,"1000.0","0.0",lose,"vU8SRW5x6XbrvTz9Eg6CRA=="
"2026-09-17T03:46:08.0873Z",sherlock,playSWEEPSWinZone,ps,web,gold,regular,"1000.0","0.0",lose,"Q0T0nQqKou7NXn8js8AZtA=="
"2026-09-17T03:46:04.7653Z",sherlock,playSWEEPSWinZone,ps,web,gold,regular,"1000.0","0.0",lose,"4E9DT35FLHaoR8WaDUFopQ=="
"2026-09-17T03:46:01.6379Z",sherlock,playSWEEPSWinZone,ps,web,gold,regular,"1000.0","0.0",lose,"dhMjWVfDmVGpM2Yl9vnWZQ=="
"2026-09-17T03:45:58.6127Z",sherlock,playSWEEPSWinZone,ps,web,gold,regular,"1000.0","0.0",lose,"mx79zPuwSCe5lgV2OLMoJA=="
"2026-09-17T03:45:46.7651Z",sherlock,playSWEEPSWinZone,ps,web,gold,regular,"1000.0","200.0",win,"8SqXcP4bpXeIwZKv+qYPVw=="
"2026-09-17T03:45:42.8806Z",sherlock,playSWEEPSWinZone,ps,web,gold,regular,"1000.0","0.0",lose,"T1D4d4fnlHm/sc4hjLp9DA=="
"2026-09-17T03:45:33.7852Z",sherlock,playSWEEPSWinZone,ps,web,gold,regular,"1000.0","0.0",lose,"OAjaluG5KAtSyDdOYs73+w=="
"2026-09-17T03:45:28.5134Z",sherlock,playSWEEPSWinZone,ps,web,gold,regular,"1000.0","4100.0",win,"hrD+rTG/81sWgqTgdWkSug=="
"2026-09-17T06:41:28.9946Z",moneybolt,playSWEEPSWinZone,ps,web,gold,regular,"3000.0","1200.0",win,"A2nFASkdU0Jxh74Mj1V9ww=="
"2026-09-17T06:41:25.7846Z",moneybolt,playSWEEPSWinZone,ps,web,gold,regular,"3000.0","0.0",lose,"4y1kaYurUhGlGOxieI0aDw=="
"2026-09-17T06:41:07.6950Z",moneybolt,playSWEEPSWinZone,ps,web,gold,regular,"3000.0","7500.0",win,"4FVC5rs9rsSJTahP5FnLgA=="
"2026-09-17T06:41:02.2935Z",moneybolt,playSWEEPSWinZone,ps,web,gold,regular,"3000.0","300.0",win,"UcmEqNZGIkcJlKCUdsoMOA=="
"2026-09-17T06:42:02.8666Z",moneybolt,playSWEEPSWinZone,ps,web,gold,regular,"3000.0","0.0",lose,"8Uk7mdgDCfJe2EVD1OI8cw=="
"2026-09-17T06:41:59.9211Z",moneybolt,playSWEEPSWinZone,ps,web,gold,regular,"3000.0","0.0",lose,"bMuH+Sm7oWtTrx4jo5izUA=="
"2026-09-17T06:41:57.0265Z",moneybolt,playSWEEPSWinZone,ps,web,gold,regular,"3000.0","0.0",lose,"hRuyDoMB157ecewWfKuj/A=="
"2026-09-17T06:41:34.2536Z",moneybolt,playSWEEPSWinZone,ps,web,gold,regular,"3000.0","0.0",lose,"skAOAxdUzgnyfWJoxf6p4w=="
"2026-09-17T06:40:53.1703Z",moneybolt,playSWEEPSWinZone,ps,web,gold,regular,"3000.0","600.0",win,"dBKUChA7Mo90+QDdkrX/2w=="
"2026-09-17T06:40:50.1054Z",moneybolt,playSWEEPSWinZone,ps,web,gold,regular,"3000.0","0.0",lose,"pH47U5czY3zFzF6OMJtaOA=="
"2026-09-17T06:40:43.5720Z",moneybolt,playSWEEPSWinZone,ps,web,gold,regular,"3000.0","0.0",lose,"L5wIiq4D3BbDRKcFXRX7OQ=="
"2026-09-17T06:40:40.4754Z",moneybolt,playSWEEPSWinZone,ps,web,gold,regular,"3000.0","0.0",lose,"3eCqmYe4b3b6ZaSawWGoJw=="
"2026-09-17T06:40:19.4722Z",moneybolt,playSWEEPSWinZone,ps,web,gold,regular,"3000.0","0.0",lose,"5hjjsosEHIQeUJs+snKWlQ=="
"2026-09-17T06:40:10.1397Z",moneybolt,playSWEEPSWinZone,ps,web,gold,regular,"3000.0","0.0",lose,"QostkrCIyZDgWQAZV/Gi9g=="
"2026-09-17T06:35:59.0242Z",moneybolt,playSWEEPSWinZone,ps,web,gold,regular,"3000.0","0.0",lose,"60KU6HeFyhMNRQNi3xwwxA=="
"2026-09-17T06:35:53.4400Z",moneybolt,playSWEEPSWinZone,ps,web,gold,regular,"3000.0","2100.0",win,"8EalftiRfDg0mjtKtXdQTw=="
"2026-09-17T06:35:50.2578Z",moneybolt,playSWEEPSWinZone,ps,web,gold,regular,"3000.0","0.0",lose,"JQiJyMj0R24fPVC1qenSXQ=="
"2026-09-17T06:35:47.0372Z",moneybolt,playSWEEPSWinZone,ps,web,gold,regular,"3000.0","0.0",lose,"gUUDK3FLhJbVONhveF3Thw=="
"2026-09-17T06:35:38.5411Z",moneybolt,playSWEEPSWinZone,ps,web,gold,regular,"3000.0","0.0",lose,"gYg+vM0ZOvntw3w/f2tuWA=="
"2026-09-17T06:35:20.8527Z",moneybolt,playSWEEPSWinZone,ps,web,gold,regular,"3000.0","12000.0",win,"eWxgaoHFuGsK/HRVpaLV7g=="
"2026-09-17T06:35:10.9150Z",moneybolt,playSWEEPSWinZone,ps,web,gold,regular,"3000.0","0.0",lose,"L5CkZEv4mrhb4T4CW61H6g=="
"2026-09-17T06:24:21.3368Z",moneybolt,playSWEEPSWinZone,ps,web,gold,regular,"3000.0","3000.0",win,"rvDeUJ2ozlX/6E/c4Jjbog=="
"2026-09-17T06:24:18.3570Z",moneybolt,playSWEEPSWinZone,ps,web,gold,regular,"3000.0","0.0",lose,"ewiaN8xZ3coiD5+oHZJ9/Q=="
"2026-09-17T06:24:07.8010Z",moneybolt,playSWEEPSWinZone,ps,web,gold,regular,"3000.0","600.0",win,"na7ZKw0HKEWxHUkVmyMcag=="
"2026-09-17T06:24:05.0336Z",moneybolt,playSWEEPSWinZone,ps,web,gold,regular,"3000.0","0.0",lose,"C0bF0eowHHrEjVLE0Cgjtg=="
"2026-09-17T06:24:02.0574Z",moneybolt,playSWEEPSWinZone,ps,web,gold,regular,"3000.0","0.0",lose,"ca+HBbpxySEab/KrWA6L+Q=="
"2026-09-17T06:20:58.6974Z",moneybolt,playSWEEPSWinZone,ps,web,gold,regular,"3000.0","0.0",lose,"xlqaxq/NXHfnIgoM6oHbbg=="
"2026-09-17T06:20:28.3339Z",moneybolt,playSWEEPSWinZone,ps,web,gold,regular,"3000.0","18000.0",win,"KlPKb8GEqA3Q+gcWnSMMXQ=="
"2026-09-17T06:20:20.0018Z",moneybolt,playSWEEPSWinZone,ps,web,gold,regular,"3000.0","600.0",win,"2kTsY1Q5RN86r/C9eY81cQ=="
"2026-09-17T06:20:16.5231Z",moneybolt,playSWEEPSWinZone,ps,web,gold,regular,"3000.0","0.0",lose,"RyIML2h7QOF+gVvgkmxNqg=="
"2026-09-17T06:20:10.8539Z",moneybolt,playSWEEPSWinZone,ps,web,gold,regular,"3000.0","12900.0",win,"/X0P9Sf3MzZWPj50hbXQEg=="
"2026-09-17T06:20:03.7430Z",moneybolt,playSWEEPSWinZone,ps,web,gold,regular,"3000.0","0.0",lose,"NiGs3N1XnxP2ZosuY0gG3A=="
"2026-09-17T06:13:53.6917Z",moneybolt,playSWEEPSWinZone,ps,web,gold,regular,"3000.0","9600.0",win,"btp6jAUNm5T+g81r/EwYxQ=="
"2026-09-17T06:13:47.3220Z",moneybolt,playSWEEPSWinZone,ps,web,gold,regular,"3000.0","0.0",lose,"cuxv49t9sGYyLja53CTFcw=="
"2026-09-17T06:13:25.2660Z",moneybolt,playSWEEPSWinZone,ps,web,gold,regular,"3000.0","0.0",lose,"1xkQ5TnDemkw+mfRsOWaUg=="
"2026-09-17T06:13:22.2973Z",moneybolt,playSWEEPSWinZone,ps,web,gold,regular,"3000.0","0.0",lose,"M1MfbZig/vXIg6pdGNGeWw=="
"2026-09-17T06:12:47.5181Z",moneybolt,playSWEEPSWinZone,ps,web,gold,regular,"3000.0","0.0",lose,"FDSAgh8sE6KN5tAO+jLE1w=="
"2026-09-17T06:12:42.2619Z",moneybolt,playSWEEPSWinZone,ps,web,gold,regular,"3000.0","300.0",win,"uZM1C4TH7c5hQukwBriHhA=="
"2026-09-17T06:12:16.8772Z",moneybolt,playSWEEPSWinZone,ps,web,gold,"free_spin","0.0","765000.0",win,"OQLHYqcVCbb2RQ6YlNmC0w=="
"2026-09-17T06:10:06.2758Z",moneybolt,playSWEEPSWinZone,ps,web,gold,regular,"3000.0","0.0",lose,"xZc28kLF2wAORzFzm5zyxg=="
"2026-09-17T06:10:02.3699Z",moneybolt,playSWEEPSWinZone,ps,web,gold,regular,"3000.0","0.0",lose,"7+UUFNi+61vyUTrKyySYCQ=="
"2026-09-17T06:04:40.3334Z",moneybolt,playSWEEPSWinZone,ps,web,gold,regular,"3000.0","0.0",lose,"DRH/gSyoIsvtCkk+7Yjyng=="
"2026-09-17T06:04:37.3436Z",moneybolt,playSWEEPSWinZone,ps,web,gold,regular,"3000.0","0.0",lose,"erUhjck9XylcZ5VIsam4QQ=="
"2026-09-17T06:04:31.4928Z",moneybolt,playSWEEPSWinZone,ps,web,gold,regular,"3000.0","0.0",lose,"weWDeTXVVoWYSg/2F82ICQ=="
"2026-09-17T06:04:20.3782Z",moneybolt,playSWEEPSWinZone,ps,web,gold,regular,"3000.0","0.0",lose,"QcrPqGjno7HHMNaQpeWmDw=="
"2026-09-17T06:04:11.7293Z",moneybolt,playSWEEPSWinZone,ps,web,gold,regular,"3000.0","0.0",lose,"XUXCOQSlbbNc6bm7pFbbJw=="
"2026-09-17T06:04:17.5475Z",moneybolt,playSWEEPSWinZone,ps,web,gold,regular,"3000.0","0.0",lose,"78ftoCk9wk0jZCYTsbcGmg=="
"2026-09-17T06:04:52.8659Z",moneybolt,playSWEEPSWinZone,ps,web,gold,regular,"3000.0","0.0",lose,"FfJ0dBK13kRvOePoMELvGg=="
"2026-09-17T06:04:49.6829Z",moneybolt,playSWEEPSWinZone,ps,web,gold,regular,"3000.0","0.0",lose,"QbJkJyvk2ICJ6NGLdTlRDg=="
"2026-09-17T06:04:46.5138Z",moneybolt,playSWEEPSWinZone,ps,web,gold,regular,"3000.0","0.0",lose,"bFsH+vYQBRqhDitctuReQA=="
"2026-09-17T06:04:43.3768Z",moneybolt,playSWEEPSWinZone,ps,web,gold,regular,"3000.0","0.0",lose,"yr4xrxipD5kuEcDHjv1mjQ=="
"2026-09-17T06:04:34.3869Z",moneybolt,playSWEEPSWinZone,ps,web,gold,regular,"3000.0","0.0",lose,"s/1jjvLuYK9ikL1knOkq9w=="
"2026-09-17T06:04:28.5494Z",moneybolt,playSWEEPSWinZone,ps,web,gold,regular,"3000.0","0.0",lose,"2X4MvbJDFVHgKIGB+9DJbw=="
"2026-09-17T06:04:14.4900Z",moneybolt,playSWEEPSWinZone,ps,web,gold,regular,"3000.0","0.0",lose,"Rin4Db1jzKmnhMXpl5jyKg=="
"2026-09-17T06:04:23.3824Z",moneybolt,playSWEEPSWinZone,ps,web,gold,regular,"3000.0","600.0",win,"iIFRsC+wZfpNMo43rwsvIg=="
"2026-09-17T06:02:51.3987Z",moneybolt,playSWEEPSWinZone,ps,web,gold,regular,"3000.0","0.0",lose,"MzG85HsKtDjhGWQzGWL23Q=="
"2026-09-17T06:02:45.1750Z",moneybolt,playSWEEPSWinZone,ps,web,gold,regular,"3000.0","0.0",lose,"JgdjMSpABQ2zxeiVqt4epQ=="
"2026-09-17T06:02:42.0092Z",moneybolt,playSWEEPSWinZone,ps,web,gold,regular,"3000.0","0.0",lose,"RLIN9QLW7fE3yuN0el+/xA=="
"2026-09-17T06:02:25.1821Z",moneybolt,playSWEEPSWinZone,ps,web,gold,regular,"3000.0","0.0",lose,"hn0sFWeWpUf3C1Fr/VfafA=="
"2026-09-17T06:02:19.9900Z",moneybolt,playSWEEPSWinZone,ps,web,gold,regular,"3000.0","300.0",win,"4ALhUeEsMPABrJp0IE6UWg=="
"2026-09-17T06:02:16.8439Z",moneybolt,playSWEEPSWinZone,ps,web,gold,regular,"3000.0","0.0",lose,"Vi11BRP/A8scJv436lc1hA=="
"2026-09-17T06:02:13.6299Z",moneybolt,playSWEEPSWinZone,ps,web,gold,regular,"3000.0","0.0",lose,"2i4ntGbUQ9OlSCXIkXNhKw=="
"2026-09-17T06:02:10.5498Z",moneybolt,playSWEEPSWinZone,ps,web,gold,regular,"3000.0","0.0",lose,"kucBeJlpcB88xGK54PHiNw=="
"2026-09-17T06:02:02.2051Z",moneybolt,playSWEEPSWinZone,ps,web,gold,regular,"3000.0","900.0",win,"RbSUBGlMHdyzV2gdiwlXSw=="
"2026-09-17T05:50:49.5880Z",moneybolt,playSWEEPSWinZone,ps,web,gold,regular,"3000.0","0.0",lose,"/xP9BW1BpbocKoi8yFHkRg=="
"2026-09-17T05:50:46.5918Z",moneybolt,playSWEEPSWinZone,ps,web,gold,regular,"3000.0","0.0",lose,"YLUhCsuMGrdKDrNxnYbVSw=="
"2026-09-17T05:50:43.4496Z",moneybolt,playSWEEPSWinZone,ps,web,gold,regular,"3000.0","0.0",lose,"afyiAxTW57QqmWKep2XiMA=="
"2026-09-17T05:50:40.4961Z",moneybolt,playSWEEPSWinZone,ps,web,gold,regular,"3000.0","0.0",lose,"iF882ExNQaD/dTD+b3OzwA=="
"2026-09-17T05:50:29.4755Z",moneybolt,playSWEEPSWinZone,ps,web,gold,regular,"3000.0","600.0",win,"U+Ro6VbSMkUSn4FAWZOhRw=="
"2026-09-17T05:50:26.3347Z",moneybolt,playSWEEPSWinZone,ps,web,gold,regular,"3000.0","0.0",lose,"OXJErT0JEsknzjazsRTpmQ=="
"2026-09-17T05:50:23.2419Z",moneybolt,playSWEEPSWinZone,ps,web,gold,regular,"3000.0","0.0",lose,"Zgi7DX5XKOHMYyk+3YPDkQ=="
"2026-09-17T05:50:20.4255Z",moneybolt,playSWEEPSWinZone,ps,web,gold,regular,"3000.0","0.0",lose,"FMVt/WI3tSiv5Ho4cE4PVg=="
"2026-09-17T05:50:17.3860Z",moneybolt,playSWEEPSWinZone,ps,web,gold,regular,"3000.0","0.0",lose,"BFIuAlqRjYxuohBfTtqDZA=="
"2026-09-17T05:50:10.2173Z",moneybolt,playSWEEPSWinZone,ps,web,gold,regular,"3000.0","0.0",lose,"scXKAIsaqkmTujvD9iowQA=="
"2026-09-17T05:50:06.3803Z",moneybolt,playSWEEPSWinZone,ps,web,gold,regular,"3000.0","0.0",lose,"sdof+F99jIrvFls/MVa/zA=="
"2026-09-17T05:50:03.0561Z",moneybolt,playSWEEPSWinZone,ps,web,gold,regular,"3000.0","0.0",lose,"fP/rwyj97r8qJR1cBokZ+w=="
"2026-09-17T05:49:56.5640Z",moneybolt,playSWEEPSWinZone,ps,web,gold,regular,"3000.0","0.0",lose,"OpzpY3Omo7HiSem6KqX/HA=="
"2026-09-17T05:49:53.0090Z",moneybolt,playSWEEPSWinZone,ps,web,gold,regular,"3000.0","0.0",lose,"gP5XeVYpiNGCKcnfxEY6iQ=="
"2026-09-17T05:49:16.3654Z",moneybolt,playSWEEPSWinZone,ps,web,gold,regular,"3000.0","180000.0",win,"p3wmBi55wmjjMhGdBYEZ4A=="
"2026-09-17T05:49:12.2510Z",moneybolt,playSWEEPSWinZone,ps,web,gold,regular,"3000.0","0.0",lose,"rpWw5iMN21RFVvydDmXUyQ=="
"2026-09-17T05:49:07.2036Z",moneybolt,playSWEEPSWinZone,ps,web,gold,regular,"3000.0","300.0",win,"jW+oBBMsrssUVTiSYCGClg=="
"2026-09-17T05:49:03.8961Z",moneybolt,playSWEEPSWinZone,ps,web,gold,regular,"3000.0","0.0",lose,"IC/BIeK8uu41yTG1fw9nUg=="
"2026-09-17T05:48:57.2160Z",moneybolt,playSWEEPSWinZone,ps,web,gold,regular,"3000.0","0.0",lose,"LtZHv5ieY0pQSo6Ps+CNoQ=="
"2026-09-17T05:48:51.2643Z",moneybolt,playSWEEPSWinZone,ps,web,gold,regular,"3000.0","0.0",lose,"ZYTGY20/03114l4+wCh4kQ=="
"2026-09-17T05:48:45.0897Z",moneybolt,playSWEEPSWinZone,ps,web,gold,regular,"3000.0","0.0",lose,"bGgSfxMflfHGTNnj1OFvSQ=="
"2026-09-17T05:48:37.2288Z",moneybolt,playSWEEPSWinZone,ps,web,gold,regular,"3000.0","600.0",win,"vmC9JthqX4ba4VcaV6wmXA=="
"2026-09-17T05:44:30.7072Z",moneybolt,playSWEEPSWinZone,ps,web,gold,regular,"3000.0","0.0",lose,"sGMLfg8ZotsulD4Zv93c2g=="
"2026-09-17T05:44:22.5842Z",moneybolt,playSWEEPSWinZone,ps,web,gold,regular,"3000.0","900.0",win,"mK4lOiXxFZcUU2XhaXE37A=="
"2026-09-17T05:44:13.8188Z",moneybolt,playSWEEPSWinZone,ps,web,gold,regular,"3000.0","1800.0",win,"2Q4aoZGRuTftJ/nvFfpHwQ=="
"2026-09-17T05:44:10.9544Z",moneybolt,playSWEEPSWinZone,ps,web,gold,regular,"3000.0","0.0",lose,"iZzZCPoJm3aZrICV/2BfUw=="
"2026-09-17T05:43:59.3141Z",moneybolt,playSWEEPSWinZone,ps,web,gold,regular,"3000.0","22800.0",win,"Rpx+A691Gv0+8PzQ2QCCew=="
"2026-09-17T05:43:55.3485Z",moneybolt,playSWEEPSWinZone,ps,web,gold,regular,"3000.0","0.0",lose,"adAT/hvEUb/PJel+V6SuIQ=="
"2026-09-17T05:43:52.3031Z",moneybolt,playSWEEPSWinZone,ps,web,gold,regular,"3000.0","0.0",lose,"Q8botefCtwJgDCWVVd7VBg=="
"2026-09-17T05:43:46.2259Z",moneybolt,playSWEEPSWinZone,ps,web,gold,regular,"3000.0","0.0",lose,"09p9Xam4sZxo14bNMbmSgg=="
"2026-09-17T05:43:41.0561Z",moneybolt,playSWEEPSWinZone,ps,web,gold,regular,"3000.0","300.0",win,"8lccQKo4L0KysUff18kHjQ=="
"2026-09-17T05:43:38.2717Z",moneybolt,playSWEEPSWinZone,ps,web,gold,regular,"3000.0","0.0",lose,"vvcEM/vpKPSh56HqNeJ7LA=="
"2026-09-17T05:40:20.5645Z",moneybolt,playSWEEPSWinZone,ps,web,gold,regular,"3000.0","45000.0",win,"JRfHZDQckpUqJG31CH1tmA=="
"2026-09-17T05:40:17.3054Z",moneybolt,playSWEEPSWinZone,ps,web,gold,regular,"3000.0","0.0",lose,"S4CrH1psNFsuSddpaM4qhA=="
"2026-09-17T05:40:13.9768Z",moneybolt,playSWEEPSWinZone,ps,web,gold,regular,"3000.0","0.0",lose,"7ZdYrEhqiQeqTz+DL8zTzQ=="
"2026-09-17T05:29:29.3593Z",moneybolt,playSWEEPSWinZone,ps,web,gold,regular,"3000.0","0.0",lose,"3GQtR7ExKJhCdCegmP+WIg=="
"2026-09-17T05:29:24.3431Z",moneybolt,playSWEEPSWinZone,ps,web,gold,regular,"3000.0","2400.0",win,"8YV+BMbEh+EurOpLi5GnOw=="
"2026-09-17T05:29:18.3879Z",moneybolt,playSWEEPSWinZone,ps,web,gold,regular,"3000.0","0.0",lose,"+hDQyNx4oduYc6VABzSX5w=="
"2026-09-17T05:29:15.2528Z",moneybolt,playSWEEPSWinZone,ps,web,gold,regular,"3000.0","0.0",lose,"1uHz4r9ceZ58SBro+zo3jQ=="
"2026-09-17T05:29:09.3796Z",moneybolt,playSWEEPSWinZone,ps,web,gold,regular,"3000.0","0.0",lose,"Edv2Uc2qYnPWvXlzc3Zhrw=="
"2026-09-17T05:29:00.9081Z",moneybolt,playSWEEPSWinZone,ps,web,gold,regular,"3000.0","15600.0",win,"XJyKlvVxUJQfXTL/sRuVFg=="
"2026-09-17T05:28:52.5472Z",moneybolt,playSWEEPSWinZone,ps,web,gold,regular,"3000.0","600.0",win,"tXI61+reElZtf2YxuiBlJQ=="
"2026-09-17T05:28:40.9132Z",moneybolt,playSWEEPSWinZone,ps,web,gold,regular,"3000.0","900.0",win,"kIInFj8ipUncW6hTW+6/tw=="
"2026-09-17T05:14:21.7437Z",moneybolt,playSWEEPSWinZone,ps,web,gold,regular,"3000.0","0.0",lose,"4nHmgNFNJBk9YE+fGqJx8A=="
"2026-09-17T05:14:13.3752Z",moneybolt,playSWEEPSWinZone,ps,web,gold,regular,"3000.0","300.0",win,"8l6s/QSrCfnqZB/o1KsWEA=="
"2026-09-17T05:14:03.6669Z",moneybolt,playSWEEPSWinZone,ps,web,gold,regular,"3000.0","0.0",lose,"s1h8u3DtyfZEz8rEsv4e9w=="
"2026-09-17T05:14:00.5641Z",moneybolt,playSWEEPSWinZone,ps,web,gold,regular,"3000.0","0.0",lose,"l4gc3ncZlheRcZr/0X/fYA=="
"2026-09-17T05:13:40.1537Z",moneybolt,playSWEEPSWinZone,ps,web,gold,regular,"3000.0","0.0",lose,"E7NXo/erUPq+je/RPgzR7A=="
"2026-09-17T05:11:23.6899Z",moneybolt,playSWEEPSWinZone,ps,web,gold,regular,"3000.0","0.0",lose,"ytqaufx7FgZSEh/kFQiV2A=="
"2026-09-17T05:11:17.9247Z",moneybolt,playSWEEPSWinZone,ps,web,gold,regular,"3000.0","0.0",lose,"VtA+f36BG8zgimb93Nzg7A=="
"2026-09-17T05:11:14.8549Z",moneybolt,playSWEEPSWinZone,ps,web,gold,regular,"3000.0","0.0",lose,"S5PVB34ccfnGQ3z4zTWDNg=="
"2026-09-17T05:11:02.4728Z",moneybolt,playSWEEPSWinZone,ps,web,gold,regular,"3000.0","600.0",win,"/LjaVVAB7jHLu426vxZ2pg=="
"2026-09-17T05:10:59.4392Z",moneybolt,playSWEEPSWinZone,ps,web,gold,regular,"3000.0","0.0",lose,"HQNoAaI1OXgQNGVfQumXAg=="
"2026-09-17T09:21:32.2662Z",moneybolt,playSWEEPSWinZone,ps,web,gold,regular,"3000.0","0.0",lose,"LLU8i3tSjFPJ/j0Z5gyLiQ=="
"2026-09-17T09:21:14.5789Z",moneybolt,playSWEEPSWinZone,ps,web,gold,regular,"3000.0","3000.0",win,"JAEOZP0vGIGFXB1JxXyzug=="
"2026-09-17T09:12:41.4074Z",moneybolt,playSWEEPSWinZone,ps,web,gold,regular,"3000.0","0.0",lose,"Pa1pTBhcK/E9xgVFNggMVg=="
"2026-09-17T09:11:57.7573Z",moneybolt,playSWEEPSWinZone,ps,web,gold,regular,"3000.0","0.0",lose,"Y/2aqOx+NJd2R+N+YtHeAw=="
"2026-09-17T09:11:54.7100Z",moneybolt,playSWEEPSWinZone,ps,web,gold,regular,"3000.0","0.0",lose,"e4EbGXxMyr9L/UGXSOm6Ww=="
"2026-09-17T09:11:51.6784Z",moneybolt,playSWEEPSWinZone,ps,web,gold,regular,"3000.0","0.0",lose,"94k1GUQtvWvX3wTM/OGkrQ=="
"2026-09-17T09:09:42.8140Z",moneybolt,playSWEEPSWinZone,ps,web,gold,regular,"3000.0","0.0",lose,"vto347mlmzen4bxbadL56w=="
"2026-09-17T09:09:36.6701Z",moneybolt,playSWEEPSWinZone,ps,web,gold,regular,"3000.0","0.0",lose,"yJhgBKWaRhsmkpdPWjz2Bg=="
"2026-09-17T09:09:17.7943Z",moneybolt,playSWEEPSWinZone,ps,web,gold,regular,"3000.0","0.0",lose,"gIrZ1JxZnKai0VQ/PJEwcg=="
"2026-09-17T09:09:05.1843Z",moneybolt,playSWEEPSWinZone,ps,web,gold,regular,"3000.0","600.0",win,"0GpNFrK1MEKbrDlFlfaK2A=="
"2026-09-17T09:09:01.7394Z",moneybolt,playSWEEPSWinZone,ps,web,gold,regular,"3000.0","0.0",lose,"Uq/kSWX88VrKSo1q4p4HlA=="
"2026-09-17T09:09:45.8619Z",moneybolt,playSWEEPSWinZone,ps,web,gold,regular,"3000.0","0.0",lose,"O3M6GwJDITZ4k1eUMBzEmg=="
"2026-09-17T09:09:39.6079Z",moneybolt,playSWEEPSWinZone,ps,web,gold,regular,"3000.0","0.0",lose,"yiQsMnVP613XKDArAzKC6g=="
"2026-09-17T09:09:33.5923Z",moneybolt,playSWEEPSWinZone,ps,web,gold,regular,"3000.0","0.0",lose,"swUnOCs/GBlAaSG4Nlw80g=="
"2026-09-17T09:09:30.6145Z",moneybolt,playSWEEPSWinZone,ps,web,gold,regular,"3000.0","0.0",lose,"2FO7uqVOGaMJmReDOHYl0g=="
"2026-09-17T09:09:25.5226Z",moneybolt,playSWEEPSWinZone,ps,web,gold,regular,"3000.0","5100.0",win,"1g+OpSOrLF5I7MrAQ/auKg=="
"2026-09-17T09:09:20.5961Z",moneybolt,playSWEEPSWinZone,ps,web,gold,regular,"3000.0","300.0",win,"87OqIcDynkvw/uiGgN3lww=="
"2026-09-17T09:09:14.4850Z",moneybolt,playSWEEPSWinZone,ps,web,gold,regular,"3000.0","0.0",lose,"euvFhxSSXIJXSI0BoZPrVQ=="
"2026-09-17T09:09:10.5810Z",moneybolt,playSWEEPSWinZone,ps,web,gold,regular,"3000.0","0.0",lose,"tWxwfWnMIolDMQhgOSjq/g=="
"2026-09-17T09:08:58.6819Z",moneybolt,playSWEEPSWinZone,ps,web,gold,regular,"3000.0","0.0",lose,"ffk5gKq7ZyaJcY07vJP9kA=="
"2026-09-17T09:08:55.5254Z",moneybolt,playSWEEPSWinZone,ps,web,gold,regular,"3000.0","0.0",lose,"a+LD+37Jekjd65LQ+Vb1qQ=="
"2026-09-17T09:08:52.4578Z",moneybolt,playSWEEPSWinZone,ps,web,gold,regular,"3000.0","0.0",lose,"tDxwVtEWJR81b5KU3ShLtg=="
"2026-09-17T09:08:49.6964Z",moneybolt,playSWEEPSWinZone,ps,web,gold,regular,"3000.0","0.0",lose,"Sf1ggWcAaqOjhqgn0BaUZA=="
"2026-09-17T09:02:43.0195Z",moneybolt,playSWEEPSWinZone,ps,web,gold,regular,"3000.0","0.0",lose,"UUMCOHo+2iBsL88MAsat0Q=="
"2026-09-17T09:02:39.8848Z",moneybolt,playSWEEPSWinZone,ps,web,gold,regular,"3000.0","0.0",lose,"3te1zXjxitaf2rzieRwyqg=="
"2026-09-17T09:02:13.7486Z",moneybolt,playSWEEPSWinZone,ps,web,gold,regular,"3000.0","300.0",win,"wUSEneXeY1prPzatD/RfLA=="
"2026-09-17T09:01:53.6011Z",moneybolt,playSWEEPSWinZone,ps,web,gold,regular,"3000.0","1500.0",win,"QC/UhMc62zapJtSN8VCGow=="
"2026-09-17T08:58:44.6857Z",moneybolt,playSWEEPSWinZone,ps,web,gold,regular,"3000.0","0.0",lose,"6ac/oo77nQ8VYvFTgRrahQ=="
"2026-09-17T08:58:39.5511Z",moneybolt,playSWEEPSWinZone,ps,web,gold,regular,"3000.0","600.0",win,"NIFU4flytE1N7ikWewKj5g=="
"2026-09-17T08:58:33.3622Z",moneybolt,playSWEEPSWinZone,ps,web,gold,regular,"3000.0","0.0",lose,"UrPAVN/o2SD/LugW1GStoQ=="
"2026-09-17T08:58:24.7466Z",moneybolt,playSWEEPSWinZone,ps,web,gold,regular,"3000.0","19800.0",win,"LIAxZgiM3mXoTL868Bnchw=="
"2026-09-17T08:58:15.5156Z",moneybolt,playSWEEPSWinZone,ps,web,gold,regular,"3000.0","0.0",lose,"ezaDpCHqGbr8XGRC2dCnJA=="
"2026-09-17T08:58:09.7194Z",moneybolt,playSWEEPSWinZone,ps,web,gold,regular,"3000.0","0.0",lose,"Lu0vh43IaXeatn6ZbNK6BA=="
"2026-09-17T08:57:52.9322Z",moneybolt,playSWEEPSWinZone,ps,web,gold,regular,"3000.0","0.0",lose,"PsRhSyRmpHOSJaJ5tBp+3A=="
"2026-09-17T08:57:44.8350Z",moneybolt,playSWEEPSWinZone,ps,web,gold,regular,"3000.0","300.0",win,"Dq6kywuepPlAQ0VAnmyA4A=="
"2026-09-17T08:46:40.8185Z",moneybolt,playSWEEPSWinZone,ps,web,gold,regular,"3000.0","0.0",lose,"BHF5iLsjRF4WuO98MRczDA=="
"2026-09-17T08:46:37.5388Z",moneybolt,playSWEEPSWinZone,ps,web,gold,regular,"3000.0","0.0",lose,"+kAEjl92hW6g9b4BoBk6Bg=="
"2026-09-17T08:46:34.4480Z",moneybolt,playSWEEPSWinZone,ps,web,gold,regular,"3000.0","0.0",lose,"FZER4s9gvfF+O8JrUi4kqg=="
"2026-09-17T08:42:55.7752Z",moneybolt,playSWEEPSWinZone,ps,web,gold,regular,"3000.0","300.0",win,"20PPKXbhoBum0WjuWu+lAg=="
"2026-09-17T08:42:47.9479Z",moneybolt,playSWEEPSWinZone,ps,web,gold,regular,"3000.0","0.0",lose,"n29pCN+ovokZo7OxhKlAmA=="
"2026-09-17T08:42:44.9902Z",moneybolt,playSWEEPSWinZone,ps,web,gold,regular,"3000.0","0.0",lose,"K9g3xtp8GrcL/YzrK4lCuQ=="
"2026-09-17T08:42:41.9216Z",moneybolt,playSWEEPSWinZone,ps,web,gold,regular,"3000.0","0.0",lose,"uJ6H/YvGjq2SlHvaZ2VUnw=="
"2026-09-17T08:42:30.7310Z",moneybolt,playSWEEPSWinZone,ps,web,gold,regular,"3000.0","5100.0",win,"+htzuGvvnSLMQc1B54GvHg=="
"2026-09-17T08:42:27.7831Z",moneybolt,playSWEEPSWinZone,ps,web,gold,regular,"3000.0","0.0",lose,"ibBGSwpqkWomf0cZ5IjHzg=="
"2026-09-17T08:42:24.4103Z",moneybolt,playSWEEPSWinZone,ps,web,gold,regular,"3000.0","0.0",lose,"QFAs7QoSUJIsx1pssFXuVA=="
"2026-09-17T08:37:35.1158Z",moneybolt,playSWEEPSWinZone,ps,web,gold,regular,"3000.0","1500.0",win,"/B0MACF6LHaPJmzw6sOwFQ=="
"2026-09-17T08:37:31.7661Z",moneybolt,playSWEEPSWinZone,ps,web,gold,regular,"3000.0","0.0",lose,"X1g48XZUtYA40tKqkd71/A=="
"2026-09-17T08:37:25.4555Z",moneybolt,playSWEEPSWinZone,ps,web,gold,regular,"3000.0","0.0",lose,"7CR+8IV0sSCAJKrEX/U9LQ=="
"2026-09-17T08:37:08.7822Z",moneybolt,playSWEEPSWinZone,ps,web,gold,regular,"3000.0","4500.0",win,"ecKTN2YZ7gC41ovGMjOUvw=="
"2026-09-17T08:37:02.7607Z",moneybolt,playSWEEPSWinZone,ps,web,gold,regular,"3000.0","0.0",lose,"z1xQ96kCESpr1RFsYaP46Q=="
"2026-09-17T08:36:59.9325Z",moneybolt,playSWEEPSWinZone,ps,web,gold,regular,"3000.0","0.0",lose,"ziUIFuo+w+a4WM88qspipg=="
"2026-09-17T08:36:27.7585Z",moneybolt,playSWEEPSWinZone,ps,web,gold,regular,"3000.0","3000.0",win,"cyyCmGLsWJ46n1hq+PpnGg=="
"2026-09-17T08:34:29.7805Z",moneybolt,playSWEEPSWinZone,ps,web,gold,regular,"3000.0","0.0",lose,"+iuC9vGqMZjVlpc76KCd3Q=="
"2026-09-17T08:34:24.0385Z",moneybolt,playSWEEPSWinZone,ps,web,gold,regular,"3000.0","0.0",lose,"d+JnGWl+sEzn96R5/QHZag=="
"2026-09-17T08:34:21.1986Z",moneybolt,playSWEEPSWinZone,ps,web,gold,regular,"3000.0","0.0",lose,"pVz6TFaOWgliYr6qihpFYw=="
"2026-09-17T08:33:53.9673Z",moneybolt,playSWEEPSWinZone,ps,web,gold,regular,"3000.0","600.0",win,"igTEvMuaFfJXR/56X0RJwQ=="
"2026-09-17T08:33:40.6533Z",moneybolt,playSWEEPSWinZone,ps,web,gold,regular,"3000.0","0.0",lose,"jz4g/rogwJcGOHKrOFY/RA=="
"2026-09-17T08:33:31.6477Z",moneybolt,playSWEEPSWinZone,ps,web,gold,regular,"3000.0","0.0",lose,"zjPdwcXCzTRS0ycfxa1zhA=="
"2026-09-17T08:26:14.4192Z",moneybolt,playSWEEPSWinZone,ps,web,gold,regular,"3000.0","1500.0",win,"RKZp6FLBmLsTVlKcEUtKkA=="
"2026-09-17T08:26:11.0999Z",moneybolt,playSWEEPSWinZone,ps,web,gold,regular,"3000.0","0.0",lose,"HFbpgPwlrX0e4lTzG5r3iA=="
"2026-09-17T08:25:47.1852Z",moneybolt,playSWEEPSWinZone,ps,web,gold,regular,"3000.0","3000.0",win,"LliV4m5u6aB9hU5qKjgG/w=="
"2026-09-17T08:25:43.2964Z",moneybolt,playSWEEPSWinZone,ps,web,gold,regular,"3000.0","0.0",lose,"HAoHyE4zW+kWYj9ebHiycw=="
"2026-09-17T08:25:38.1511Z",moneybolt,playSWEEPSWinZone,ps,web,gold,regular,"3000.0","1800.0",win,"wWy21kjLqEchLMeUB0aU1Q=="
"2026-09-17T08:25:29.6617Z",moneybolt,playSWEEPSWinZone,ps,web,gold,regular,"3000.0","0.0",lose,"efzrhP7XY9+CTtLu8EeHKg=="
"2026-09-17T08:25:22.9091Z",moneybolt,playSWEEPSWinZone,ps,web,gold,regular,"3000.0","0.0",lose,"eiH7QjvdhmjYT2QNKZLSiQ=="
"2026-09-17T08:25:19.3353Z",moneybolt,playSWEEPSWinZone,ps,web,gold,regular,"3000.0","0.0",lose,"aPXefI3zYd5JY0WuMhG/yQ=="
"2026-09-17T08:25:15.1362Z",moneybolt,playSWEEPSWinZone,ps,web,gold,regular,"3000.0","0.0",lose,"Ji9WrKnCnW7T5SvNgj1MmQ=="
"2026-09-17T08:07:10.2325Z",moneybolt,playSWEEPSWinZone,ps,web,gold,regular,"3000.0","0.0",lose,"AdO3h+VnvLY6+agAHU3xcw=="
"2026-09-17T08:06:56.0172Z",moneybolt,playSWEEPSWinZone,ps,web,gold,regular,"3000.0","1200.0",win,"qF6JVzCJgc1rkB3Pm3WK2A=="
"2026-09-17T08:06:39.4412Z",moneybolt,playSWEEPSWinZone,ps,web,gold,regular,"3000.0","0.0",lose,"UTZGABrIVfIx7s7Krq5r1g=="
"2026-09-17T08:02:20.4814Z",moneybolt,playSWEEPSWinZone,ps,web,gold,regular,"3000.0","600.0",win,"UZz/MrglBH966B3wRBmpKA=="
"2026-09-17T08:02:12.3234Z",moneybolt,playSWEEPSWinZone,ps,web,gold,regular,"3000.0","0.0",lose,"G9ygISSLqM2sxNe4K36yOQ=="
"2026-09-17T08:01:50.1287Z",moneybolt,playSWEEPSWinZone,ps,web,gold,"free_spin","0.0","67500.0",win,"NaoSVooXKOXW+Hj3s3ZGBw=="
"2026-09-17T07:53:10.5592Z",moneybolt,playSWEEPSWinZone,ps,web,gold,regular,"3000.0","0.0",lose,"bniUI+IHFU+hZg6sUSd2LA=="
"2026-09-17T07:52:51.2513Z",moneybolt,playSWEEPSWinZone,ps,web,gold,regular,"3000.0","0.0",lose,"VSzX56fFqLIpN0MXu2FPeQ=="
"2026-09-17T07:52:43.3744Z",moneybolt,playSWEEPSWinZone,ps,web,gold,regular,"3000.0","300.0",win,"HD7A5H4bYmjzJWR+KYjx+w=="
"2026-09-17T07:52:40.4934Z",moneybolt,playSWEEPSWinZone,ps,web,gold,regular,"3000.0","0.0",lose,"Nvkr2aLhpdcb82lzNmWAlQ=="
"2026-09-17T07:52:37.4786Z",moneybolt,playSWEEPSWinZone,ps,web,gold,regular,"3000.0","0.0",lose,"Ul7bID3ooeESAzEQHtUVSw=="
"2026-09-17T07:52:25.4339Z",moneybolt,playSWEEPSWinZone,ps,web,gold,regular,"3000.0","0.0",lose,"/B1N2kgQsYDIAk1WLaJowQ=="
"2026-09-17T07:51:12.9064Z",moneybolt,playSWEEPSWinZone,ps,web,gold,regular,"3000.0","0.0",lose,"hPCTOc7cdg6GlDHxW/mNdA=="
"2026-09-17T07:51:09.9037Z",moneybolt,playSWEEPSWinZone,ps,web,gold,regular,"3000.0","0.0",lose,"+7/drvfC5mdRMo6KJwWsuQ=="
"2026-09-17T07:51:01.8035Z",moneybolt,playSWEEPSWinZone,ps,web,gold,regular,"3000.0","0.0",lose,"A8ZkeQZ3Rj1iw3H0lw0KIg=="
"2026-09-17T07:50:56.8674Z",moneybolt,playSWEEPSWinZone,ps,web,gold,regular,"3000.0","1500.0",win,"XLSi3VO4qKl6Xi9AcksRVQ=="
"2026-09-17T07:50:51.3070Z",moneybolt,playSWEEPSWinZone,ps,web,gold,regular,"3000.0","0.0",lose,"yj7+e/PYCpCxE20kgYwPdQ=="
"2026-09-17T07:50:48.3703Z",moneybolt,playSWEEPSWinZone,ps,web,gold,regular,"3000.0","0.0",lose,"SKmdp2NVK/xAktoP+yi+rg=="
"2026-09-17T07:50:40.4160Z",moneybolt,playSWEEPSWinZone,ps,web,gold,regular,"3000.0","0.0",lose,"QFf4u+qzUjw6GFRXG33i8Q=="
"2026-09-17T07:50:31.9492Z",moneybolt,playSWEEPSWinZone,ps,web,gold,regular,"3000.0","300.0",win,"cEWkhfHx+pkGzdRe2lMthg=="
"2026-09-17T07:50:26.0143Z",moneybolt,playSWEEPSWinZone,ps,web,gold,regular,"3000.0","0.0",lose,"gaXGsLgU7RtL+K1LFLP6+g=="
"2026-09-17T07:50:22.5520Z",moneybolt,playSWEEPSWinZone,ps,web,gold,regular,"3000.0","0.0",lose,"spys+u0hvqmFiVmDVHHk3Q=="
"2026-09-17T07:51:15.9099Z",moneybolt,playSWEEPSWinZone,ps,web,gold,regular,"3000.0","300.0",win,"p9kYNxTgbW8NXY8YJzVp3g=="
"2026-09-17T07:51:04.9140Z",moneybolt,playSWEEPSWinZone,ps,web,gold,regular,"3000.0","600.0",win,"TE2g7akBMO769RQT3AYeng=="
"2026-09-17T07:50:54.0711Z",moneybolt,playSWEEPSWinZone,ps,web,gold,regular,"3000.0","0.0",lose,"FSY44k9emb+Fp9Soyr+P0Q=="
"2026-09-17T07:50:43.3234Z",moneybolt,playSWEEPSWinZone,ps,web,gold,regular,"3000.0","600.0",win,"RSJ/rqZb0ea+HJu10AJPAg=="
"2026-09-17T07:50:37.2342Z",moneybolt,playSWEEPSWinZone,ps,web,gold,regular,"3000.0","0.0",lose,"8YLD3NJW3ZpDvF30fB94QQ=="
"2026-09-17T07:50:28.9758Z",moneybolt,playSWEEPSWinZone,ps,web,gold,regular,"3000.0","0.0",lose,"PtGVDpbr4jgVTcdfNAUDAw=="
"2026-09-17T07:43:01.1436Z",moneybolt,playSWEEPSWinZone,ps,web,gold,regular,"3000.0","0.0",lose,"d2U+lwAL7doHOmBCrCyE+Q=="
"2026-09-17T07:42:30.3348Z",moneybolt,playSWEEPSWinZone,ps,web,gold,regular,"3000.0","0.0",lose,"sHAVPGAGQn3t07XLFBgdIg=="
"2026-09-17T07:42:24.0573Z",moneybolt,playSWEEPSWinZone,ps,web,gold,regular,"3000.0","0.0",lose,"mxOY6DN9wPlpB4mhGcUANA=="
"2026-09-17T07:42:19.0418Z",moneybolt,playSWEEPSWinZone,ps,web,gold,regular,"3000.0","300.0",win,"R8bVw39kP5rAP/1C6MeabA=="
"2026-09-17T07:36:55.1558Z",moneybolt,playSWEEPSWinZone,ps,web,gold,regular,"3000.0","0.0",lose,"0opQuuyw7lkfS062fZrSPw=="
"2026-09-17T07:36:52.2679Z",moneybolt,playSWEEPSWinZone,ps,web,gold,regular,"3000.0","0.0",lose,"Nkace9qvCGEk6bFzvXWq+w=="
"2026-09-17T07:36:28.3888Z",moneybolt,playSWEEPSWinZone,ps,web,gold,regular,"3000.0","37500.0",win,"l2LjYctDdiBuWfz5JvVd/A=="
"2026-09-17T07:36:23.1922Z",moneybolt,playSWEEPSWinZone,ps,web,gold,regular,"3000.0","6600.0",win,"ON1TgzuEHG/ncA4gAyijYg=="
"2026-09-17T07:36:18.1247Z",moneybolt,playSWEEPSWinZone,ps,web,gold,regular,"3000.0","900.0",win,"uplyWP0cm7Sat7V23NEcYg=="
"2026-09-17T07:37:11.5052Z",moneybolt,playSWEEPSWinZone,ps,web,gold,regular,"3000.0","1500.0",win,"J+cb5uttcmo8DjUHH0buWA=="
"2026-09-17T07:37:06.3002Z",moneybolt,playSWEEPSWinZone,ps,web,gold,regular,"3000.0","900.0",win,"qlBR1K3+XRIcPkYFDrVVEw=="
"2026-09-17T07:37:01.2411Z",moneybolt,playSWEEPSWinZone,ps,web,gold,regular,"3000.0","300.0",win,"A/nYgMUCZ+A6QkWfJhVLWQ=="
"2026-09-17T07:36:58.2617Z",moneybolt,playSWEEPSWinZone,ps,web,gold,regular,"3000.0","0.0",lose,"Y5R9bMHr1/VqTMKxsfbdMQ=="
"2026-09-17T07:36:15.1506Z",moneybolt,playSWEEPSWinZone,ps,web,gold,regular,"3000.0","0.0",lose,"RMZH0riKLTelmRBGEEo1aQ=="
"2026-09-17T07:32:13.1148Z",moneybolt,playSWEEPSWinZone,ps,web,gold,regular,"3000.0","11400.0",win,"gmGZne0GQAqX60om7+OyjQ=="
"2026-09-17T07:31:31.4660Z",moneybolt,playSWEEPSWinZone,ps,web,gold,regular,"3000.0","9000.0",win,"FTWCEj+bL3hH1k3EvHwZZg=="
"2026-09-17T07:31:25.5784Z",moneybolt,playSWEEPSWinZone,ps,web,gold,regular,"3000.0","0.0",lose,"iRl0GwgKlMCcSDz9D2YyHg=="
"2026-09-17T07:31:19.5276Z",moneybolt,playSWEEPSWinZone,ps,web,gold,regular,"3000.0","0.0",lose,"8IHX1DJJiWtqP02oT75cFQ=="
"2026-09-17T07:28:39.2897Z",moneybolt,playSWEEPSWinZone,ps,web,gold,regular,"3000.0","0.0",lose,"a15vvjvocN2jOeo7Jab8LA=="
"2026-09-17T06:41:40.6449Z",moneybolt,playSWEEPSWinZone,ps,web,gold,regular,"3000.0","2100.0",win,"fRQEMGpSlGLS3RAux6NJog=="
"2026-09-17T06:41:37.3715Z",moneybolt,playSWEEPSWinZone,ps,web,gold,regular,"3000.0","0.0",lose,"IGfDmpnWMO541Cgzczyc1w=="
"2026-09-16T08:11:53.6424Z",starburstgalaxy,playSWEEPSWinZone,evolution,app,gold,regular,"1000.0","250.0",win,"24bc8803-2dc6-4bc4-a3c5-a64fff0781e0"
"2026-09-16T08:11:48.8237Z",starburstgalaxy,playSWEEPSWinZone,evolution,app,gold,regular,"1000.0","0.0",lose,"8524363f-01e1-4e70-842e-7d80f3efc640"
"2026-09-16T07:35:01.6556Z",treasuremap,playSWEEPSWinZone,ps,app,sweep,regular,"0.2","0.0",lose,"WtSylxYrW3U4yXoBi/RO/g=="
"2026-09-16T07:34:53.3644Z",treasuremap,playSWEEPSWinZone,ps,app,sweep,"free_spin","0.0","13.7",win,"eU2nai1NyK9bUOzy9W4qvA=="
"2026-09-16T07:30:07.6370Z",treasuremap,playSWEEPSWinZone,ps,app,sweep,regular,"0.2","0.04",win,"BS8J1LcPLoIpvWZSNpCctg=="
"2026-09-16T07:27:23.8830Z",treasuremap,playSWEEPSWinZone,ps,app,sweep,regular,"0.2","0.0",lose,"+Vwc2MviIlJfT07VBHe3AA=="
"2026-09-16T07:27:20.6518Z",treasuremap,playSWEEPSWinZone,ps,app,sweep,regular,"0.2","0.0",lose,"ebHmyw2epALOabUHIeoB/g=="
"2026-09-16T07:27:14.2539Z",treasuremap,playSWEEPSWinZone,ps,app,sweep,regular,"0.2","0.0",lose,"8Kjaa7DOeeatq2Rqzh/G7Q=="
"2026-09-16T07:27:08.0916Z",treasuremap,playSWEEPSWinZone,ps,app,sweep,regular,"0.2","0.0",lose,"rVjQIQMVP7pnpIVEsqupJA=="
"2026-09-16T07:26:58.5273Z",treasuremap,playSWEEPSWinZone,ps,app,sweep,regular,"0.2","0.0",lose,"sUdE3PnSdVOkgZp7WZzoQQ=="
"2026-09-16T07:26:52.1059Z",treasuremap,playSWEEPSWinZone,ps,app,sweep,regular,"0.2","0.0",lose,"qCGEKLvRFabURVC51PYxZw=="
"2026-09-16T07:26:41.9274Z",treasuremap,playSWEEPSWinZone,ps,app,sweep,regular,"0.2","0.0",lose,"vnLQFO1MfxDt5MvEx8DpTg=="
"2026-09-16T07:26:38.5648Z",treasuremap,playSWEEPSWinZone,ps,app,sweep,regular,"0.2","0.0",lose,"uT7LthFwVit6JVfNOdPhNw=="
"2026-09-16T07:22:45.1969Z",treasuremap,playSWEEPSWinZone,ps,app,sweep,regular,"0.2","1.64",win,"VpIpKF6e2EuQF5WPdjRpww=="
"2026-09-16T07:22:41.8083Z",treasuremap,playSWEEPSWinZone,ps,app,sweep,regular,"0.2","0.0",lose,"EZtxY/KufVacADIpNmY+Bw=="
"2026-09-16T07:22:35.9765Z",treasuremap,playSWEEPSWinZone,ps,app,sweep,regular,"0.2","0.36",win,"FoWZuFx7epfJDPfwpiTc1Q=="
"2026-09-16T07:22:24.0968Z",treasuremap,playSWEEPSWinZone,ps,app,sweep,regular,"0.2","0.1",win,"3in1uzn51qXJFBnbcOFH1w=="
"2026-09-16T07:21:20.7680Z",treasuremap,playSWEEPSWinZone,ps,app,sweep,regular,"0.2","0.0",lose,"c6+53yyA+Ta0vt5sDPV/qw=="
"2026-09-16T07:21:17.1959Z",treasuremap,playSWEEPSWinZone,ps,app,sweep,regular,"0.2","0.0",lose,"FcvEAf7Jvka18J+sZbRu2Q=="
"2026-09-16T07:21:13.6830Z",treasuremap,playSWEEPSWinZone,ps,app,sweep,regular,"0.2","0.0",lose,"ZbFti5dEscteCSwHFzrbEg=="
"2026-09-16T07:21:04.8909Z",treasuremap,playSWEEPSWinZone,ps,app,sweep,regular,"0.2","0.0",lose,"9GN5Enj5hqbxkFzWg0a/8A=="
"2026-09-16T07:21:01.2611Z",treasuremap,playSWEEPSWinZone,ps,app,sweep,regular,"0.2","0.0",lose,"15pm3IUSpOSnXq/wSNhF6A=="
"2026-09-16T07:20:55.8047Z",treasuremap,playSWEEPSWinZone,ps,app,sweep,regular,"0.2","0.18",win,"PTFxf44XiBzITQvklFlPXw=="
"2026-09-16T07:20:50.5298Z",treasuremap,playSWEEPSWinZone,ps,app,sweep,regular,"0.2","0.0",lose,"VjVvd3rUJPZ/vyHLLnE8OQ=="
"2026-09-16T07:20:41.8557Z",treasuremap,playSWEEPSWinZone,ps,app,sweep,regular,"0.2","0.0",lose,"ysEks7S6CnPG75LnNlb1ig=="
"2026-09-16T07:20:32.2568Z",treasuremap,playSWEEPSWinZone,ps,app,sweep,regular,"0.2","0.08",win,"uCSr2WyeHW1X3GT924GT5w=="
"2026-09-15T14:41:58.1521Z",treasuremap,playSWEEPSWinZone,ps,app,gold,regular,"1000.0","0.0",lose,"/sFg+MYCFUUwg4QH4sp+6Q=="
"2026-09-18T08:07:12.7848Z",grandexpressdiamondclass94,playSWEEPSWinZone,"ruby_play",app,gold,regular,"1000.0","900.0",win,dfcabcac15684f3eaf108e8e6bb2de10
"2026-09-18T08:06:26.2384Z",elephantstampedese94,playSWEEPSWinZone,"ruby_play",app,gold,"buy_bonus","50000.0","48000.0",win,de0ee7f3f8c84ec684ac8cef6c0d21da
"2026-09-18T07:57:47.0964Z",moneybolt,playSWEEPSWinZone,ps,app,sweep,regular,"0.2","0.0",lose,"OiltFLXLZUGIfIcwFGq5lw=="
"2026-09-18T07:57:37.3087Z",moneybolt,playSWEEPSWinZone,ps,app,sweep,regular,"0.2","0.0",lose,"ko0/0UIOlqv9OZV6BV4WPQ=="
"2026-09-18T07:56:24.6050Z",moneybolt,playSWEEPSWinZone,ps,app,sweep,regular,"0.2","0.0",lose,"7tAszLJhOKAycwgTIdtJDg=="
"2026-09-18T07:56:12.0747Z",moneybolt,playSWEEPSWinZone,ps,app,sweep,regular,"0.2","0.0",lose,"SX4mYlyCtmF1udRU4E/umA=="
"2026-09-18T07:53:47.2628Z",moneybolt,playSWEEPSWinZone,ps,app,sweep,regular,"0.2","0.0",lose,"Egbf14csermmghvd9nD/Tg=="
"2026-09-18T07:53:44.0566Z",moneybolt,playSWEEPSWinZone,ps,app,sweep,regular,"0.2","0.0",lose,"NRampKshmmZ63OYD6ZoV1Q=="
"2026-09-17T04:32:42.6338Z",moneybolt,playSWEEPSWinZone,ps,web,gold,regular,"3000.0","900.0",win,"pEPNYIDMlCf16z2fJJY8uw=="
"2026-09-17T04:32:34.3675Z",moneybolt,playSWEEPSWinZone,ps,web,gold,regular,"3000.0","0.0",lose,"FVgdvAOwtcmprQQST+gqdQ=="
"2026-09-17T04:32:14.4752Z",moneybolt,playSWEEPSWinZone,ps,web,gold,regular,"3000.0","0.0",lose,"fS/I00IC/aw0SKaZaMl+Dw=="
"2026-09-17T04:32:11.4352Z",moneybolt,playSWEEPSWinZone,ps,web,gold,regular,"3000.0","0.0",lose,"JjvtYqN7YSOnHdsRWbEWlQ=="
"2026-09-17T04:32:08.4824Z",moneybolt,playSWEEPSWinZone,ps,web,gold,regular,"3000.0","0.0",lose,"hVyKDE73xFarEhdaLzds2A=="
"2026-09-17T04:32:05.3437Z",moneybolt,playSWEEPSWinZone,ps,web,gold,regular,"3000.0","0.0",lose,"Z6m+y3vbnLG1+the+9t93Q=="
"2026-09-17T04:31:41.5382Z",moneybolt,playSWEEPSWinZone,ps,web,gold,"free_spin","0.0","95100.0",win,"vwrvhgkQBXeq8pkXYCrchA=="
"2026-09-17T04:28:52.8926Z",moneybolt,playSWEEPSWinZone,ps,web,gold,regular,"3000.0","0.0",lose,"wMXgwPqq0iCiXAjoOGUKtw=="
"2026-09-17T04:28:43.5661Z",moneybolt,playSWEEPSWinZone,ps,web,gold,regular,"3000.0","0.0",lose,"wsM6fUnuKkXMRMUWhymCmg=="
"2026-09-17T04:28:37.2722Z",moneybolt,playSWEEPSWinZone,ps,web,gold,regular,"3000.0","0.0",lose,"d47BAfrSfiL3e2Pa61peWw=="
"2026-09-17T04:28:25.0731Z",moneybolt,playSWEEPSWinZone,ps,web,gold,regular,"3000.0","0.0",lose,"0B3wfE5QfuweH4KYs3OuVA=="
"2026-09-17T04:23:53.2035Z","wildbuccaneerstripletreasure_94",playSWEEPSWinZone,rgs,web,gold,regular,"2000.0","0.0",lose,10031187807
"2026-09-17T04:23:41.1718Z","wildbuccaneerstripletreasure_94",playSWEEPSWinZone,rgs,web,gold,regular,"2000.0","0.0",lose,10031187299
"2026-09-17T04:23:31.9785Z","wildbuccaneerstripletreasure_94",playSWEEPSWinZone,rgs,web,gold,regular,"2000.0","0.0",lose,10031186661
"2026-09-17T04:23:24.6459Z","wildbuccaneerstripletreasure_94",playSWEEPSWinZone,rgs,web,gold,regular,"2000.0","0.0",lose,10031186414
"2026-09-17T04:19:16.3862Z","wildbuccaneerstripletreasure_94",playSWEEPSWinZone,rgs,web,gold,regular,"2000.0","8000.0",win,10031172385
"2026-09-17T04:19:06.0853Z","wildbuccaneerstripletreasure_94",playSWEEPSWinZone,rgs,web,gold,regular,"2000.0","0.0",lose,10031171965
"2026-09-17T04:18:58.2556Z","wildbuccaneerstripletreasure_94",playSWEEPSWinZone,rgs,web,gold,regular,"2000.0","0.0",lose,10031171542
"2026-09-17T04:18:47.1938Z","wildbuccaneerstripletreasure_94",playSWEEPSWinZone,rgs,web,gold,regular,"2000.0","0.0",lose,10031170834
"2026-09-17T04:12:33.7510Z",starburstgalaxy,playSWEEPSWinZone,evolution,web,gold,regular,"3000.0","0.0",lose,"1a778e71-348d-466c-a26f-407a2d49f3e3"
"2026-09-17T04:12:22.4379Z",starburstgalaxy,playSWEEPSWinZone,evolution,web,gold,regular,"3000.0","54000.0",win,"d5fda363-bcb3-4e3b-8826-c931aeb77ea1"
"2026-09-17T04:11:45.9653Z",starburstgalaxy,playSWEEPSWinZone,evolution,web,gold,regular,"3000.0","0.0",lose,"9d20f797-c8e5-4502-955b-6672d03f90b6"
"2026-09-17T04:11:23.8228Z",starburstgalaxy,playSWEEPSWinZone,evolution,web,gold,regular,"3000.0","0.0",lose,"d73fd6b8-9c4b-4d26-a716-c617cab53b84"
"2026-09-17T04:09:18.3512Z",starburstgalaxy,playSWEEPSWinZone,evolution,web,gold,regular,"3000.0","0.0",lose,"d8ea7f39-a054-40ba-97be-f8c48efe89cf"
"2026-09-17T04:09:16.8852Z",starburstgalaxy,playSWEEPSWinZone,evolution,web,gold,regular,"3000.0","0.0",lose,"797ce96e-82b3-457c-8027-1c3e5e993647"
"2026-09-17T04:09:13.7317Z",starburstgalaxy,playSWEEPSWinZone,evolution,web,gold,regular,"3000.0","0.0",lose,"c9c4b35f-9592-4edd-804a-e859335fdf23"
"2026-09-17T04:09:07.5446Z",starburstgalaxy,playSWEEPSWinZone,evolution,web,gold,regular,"3000.0","27000.0",win,"aba9cd18-843d-4332-97a1-ba3eba7fa60e"
"2026-09-17T04:08:26.2995Z",starburstgalaxy,playSWEEPSWinZone,evolution,web,gold,regular,"3000.0","0.0",lose,"5f542783-2fe1-4929-ba8d-43c3c42996e6"
"2026-09-17T04:08:24.8042Z",starburstgalaxy,playSWEEPSWinZone,evolution,web,gold,regular,"3000.0","0.0",lose,"fcabc35c-8e4e-4acc-a665-6e26070067fc"
"2026-09-17T04:08:23.2979Z",starburstgalaxy,playSWEEPSWinZone,evolution,web,gold,regular,"3000.0","0.0",lose,"31a53f02-4a0f-4c17-9298-8048cfbbceaa"
"2026-09-17T04:05:51.0434Z",starburstgalaxy,playSWEEPSWinZone,evolution,web,gold,regular,"3000.0","750.0",win,"49d079b3-58df-4134-ba6b-55667e94c761"
"2026-09-17T04:05:45.3024Z",starburstgalaxy,playSWEEPSWinZone,evolution,web,gold,regular,"3000.0","750.0",win,"ca3629d1-16ad-4c60-8e8f-526a23c7cfd9"
"2026-09-17T04:05:33.4147Z",starburstgalaxy,playSWEEPSWinZone,evolution,web,gold,regular,"3000.0","0.0",lose,"9e189805-25e2-4006-8039-b47f260ca028"
"2026-09-17T04:05:31.3692Z",starburstgalaxy,playSWEEPSWinZone,evolution,web,gold,regular,"3000.0","750.0",win,"a575e9ae-0847-485b-9efc-0ed78b9f3819"
"2026-09-17T04:05:26.5861Z",starburstgalaxy,playSWEEPSWinZone,evolution,web,gold,regular,"3000.0","0.0",lose,"7cb7d85d-3bf6-4353-9e7c-da7a82acd482"
"2026-09-17T04:05:23.2616Z",starburstgalaxy,playSWEEPSWinZone,evolution,web,gold,regular,"3000.0","750.0",win,"4c59a67e-f7fc-4cf4-9e53-d6acea8b9ad2"
"2026-09-17T04:05:18.4750Z",starburstgalaxy,playSWEEPSWinZone,evolution,web,gold,regular,"3000.0","750.0",win,"9349dcae-0c37-4d39-b627-6fdc4bb45383"
"2026-09-17T04:05:13.9398Z",starburstgalaxy,playSWEEPSWinZone,evolution,web,gold,regular,"3000.0","0.0",lose,"d6c41e0b-7e1b-4815-bcbe-598518b7e186"
"2026-09-17T04:04:07.3914Z",starburstgalaxy,playSWEEPSWinZone,evolution,web,gold,regular,"3000.0","0.0",lose,"2de73391-1e36-44fb-9de8-0ef62f3e37e6"
"2026-09-17T04:03:58.2637Z",starburstgalaxy,playSWEEPSWinZone,evolution,web,gold,regular,"3000.0","0.0",lose,"7ffc8312-ef13-4405-a41d-2a72f65467dd"
"2026-09-17T04:03:45.6053Z",starburstgalaxy,playSWEEPSWinZone,evolution,web,gold,regular,"3000.0","0.0",lose,"a1375c1f-20b8-4ce1-9932-758a0d196959"
"2026-09-17T04:03:32.4312Z",starburstgalaxy,playSWEEPSWinZone,evolution,web,gold,regular,"3000.0","0.0",lose,"f90d3bf2-efe3-4e31-8d06-d25fc07ce259"
"2026-09-17T04:01:10.5253Z",sherlock,playSWEEPSWinZone,ps,web,gold,"free_spin","0.0","17600.0",win,"r1w7ESsoKvWOt/BzLw3Eeg=="
"2026-09-17T04:00:15.5272Z",sherlock,playSWEEPSWinZone,ps,web,gold,regular,"1000.0","0.0",lose,"r1w7ESsoKvWOt/BzLw3Eeg=="
"2026-09-17T03:59:13.8356Z",sherlock,playSWEEPSWinZone,ps,web,gold,regular,"1000.0","0.0",lose,"oRAByI0vVHS3vFaJvVBNcg=="
"2026-09-17T03:59:10.6299Z",sherlock,playSWEEPSWinZone,ps,web,gold,regular,"1000.0","0.0",lose,"JTs60nlcplMFy7I3HoCoVw=="
"2026-09-17T03:58:47.6031Z",sherlock,playSWEEPSWinZone,ps,web,gold,regular,"1000.0","0.0",lose,"OAwtG69KDAosz7S9MyY0rA=="
"2026-09-17T03:58:34.9201Z",sherlock,playSWEEPSWinZone,ps,web,gold,regular,"1000.0","0.0",lose,"o5jjXJvTFTI3tvr49gekEw=="
"2026-09-17T03:58:31.8706Z",sherlock,playSWEEPSWinZone,ps,web,gold,regular,"1000.0","0.0",lose,"sk1dOP35dxEj3RMv0EYJgg=="
"2026-09-17T03:58:25.3412Z",sherlock,playSWEEPSWinZone,ps,web,gold,regular,"1000.0","0.0",lose,"1azQHG13QywQ52GqglCYYw=="
"2026-09-17T03:58:16.3872Z",sherlock,playSWEEPSWinZone,ps,web,gold,regular,"1000.0","1200.0",win,"n3BSxfcA/VHhNSXxyGxx/g=="
"2026-09-17T03:56:09.2757Z",sherlock,playSWEEPSWinZone,ps,web,gold,regular,"1000.0","300.0",win,"dTL/DUsE/Urnj3zuX7oqbw=="
"2026-09-17T03:55:54.1628Z",sherlock,playSWEEPSWinZone,ps,web,gold,regular,"1000.0","0.0",lose,"9QXkVQUK+wSKXaIDgj1vXA=="
"2026-09-17T03:55:36.4034Z",sherlock,playSWEEPSWinZone,ps,web,gold,regular,"1000.0","200.0",win,"3OVoeuNgD96VxI+wX2c0Jw=="
"2026-09-17T03:55:33.1903Z",sherlock,playSWEEPSWinZone,ps,web,gold,regular,"1000.0","0.0",lose,"w3jJdZsdh7WQA2XCg4iiHA=="
"2026-09-17T03:55:16.6701Z",sherlock,playSWEEPSWinZone,ps,web,gold,regular,"1000.0","0.0",lose,"mHVN95r+hQDaf718clFNNA=="
"2026-09-17T03:56:00.5175Z",sherlock,playSWEEPSWinZone,ps,web,gold,regular,"1000.0","6600.0",win,"b6XhmTvdHnFij2baxkDKRA=="
"2026-09-17T03:55:57.2771Z",sherlock,playSWEEPSWinZone,ps,web,gold,regular,"1000.0","0.0",lose,"Wpy+UVeGMpcb/g2h669/Aw=="
"2026-09-17T03:55:51.1020Z",sherlock,playSWEEPSWinZone,ps,web,gold,regular,"1000.0","0.0",lose,"O3Oc5ccm+xCqcDRnG0YvOA=="
"2026-09-17T03:55:47.9567Z",sherlock,playSWEEPSWinZone,ps,web,gold,regular,"1000.0","0.0",lose,"irGcb1/4gNYYJEH9YtIgZA=="
"2026-09-17T03:55:44.7693Z",sherlock,playSWEEPSWinZone,ps,web,gold,regular,"1000.0","0.0",lose,"u+Dn0tejqYf1Rpne6HIgPw=="
"2026-09-17T03:55:41.7563Z",sherlock,playSWEEPSWinZone,ps,web,gold,regular,"1000.0","0.0",lose,"tV8LxbaBV4nw8hhRn2NR7Q=="
"2026-09-17T03:55:29.8254Z",sherlock,playSWEEPSWinZone,ps,web,gold,regular,"1000.0","0.0",lose,"NO7uphpjSP/4legDC65F1Q=="
"2026-09-17T03:55:23.7782Z",sherlock,playSWEEPSWinZone,ps,web,gold,regular,"1000.0","1200.0",win,"FZsPRI+k3xW6Jo/nfBmW3g=="
"2026-09-17T03:55:20.1705Z",sherlock,playSWEEPSWinZone,ps,web,gold,regular,"1000.0","0.0",lose,"7sMuMKVEuO9Hf6Opw3MJdQ=="
"2026-09-17T03:48:52.8563Z",sherlock,playSWEEPSWinZone,ps,web,gold,regular,"1000.0","800.0",win,"k7s45IEngvPog0cRljAxwQ=="
"2026-09-17T03:48:39.9603Z",sherlock,playSWEEPSWinZone,ps,web,gold,regular,"1000.0","0.0",lose,"Qablyshp0TWha0wZulw/FA=="
"2026-09-17T03:48:33.3973Z",sherlock,playSWEEPSWinZone,ps,web,gold,regular,"1000.0","0.0",lose,"pX8yskBlO4oj2M7OPBa80A=="
"2026-09-17T03:48:21.0009Z",sherlock,playSWEEPSWinZone,ps,web,gold,regular,"1000.0","3500.0",win,"2MKSCt17DfD3RSURHC3Nxg=="
"2026-09-17T03:48:17.2021Z",sherlock,playSWEEPSWinZone,ps,web,gold,regular,"1000.0","0.0",lose,"ngBugNX3rNEaqQaZbLfpjg=="
"2026-09-17T03:48:10.5520Z",sherlock,playSWEEPSWinZone,ps,web,gold,regular,"1000.0","200.0",win,"zd8PzrB+qNJvghJQ+N2mgQ=="
"2026-09-17T03:40:37.1589Z",sherlock,playSWEEPSWinZone,ps,web,gold,regular,"1000.0","0.0",lose,"Wh16wO2wy35advsR6kjXmg=="
"2026-09-17T03:40:21.2127Z",sherlock,playSWEEPSWinZone,ps,web,gold,regular,"1000.0","400.0",win,"GYpW+BBCJbn5Ury765KZag=="
"2026-09-17T03:40:14.2360Z",sherlock,playSWEEPSWinZone,ps,web,gold,regular,"1000.0","0.0",lose,"OdfQadd16fPZ/NRxl1K6TA=="
"2026-09-17T03:32:59.0754Z",sherlock,playSWEEPSWinZone,ps,web,gold,regular,"1000.0","200.0",win,"HlbVA1oz8YV3+TBtq5LCRQ=="
"2026-09-17T03:32:37.9996Z",sherlock,playSWEEPSWinZone,ps,web,gold,regular,"1000.0","0.0",lose,"IB+vz830lyR94C1Kws9/zw=="
"2026-09-17T03:32:32.7961Z",sherlock,playSWEEPSWinZone,ps,web,gold,regular,"1000.0","200.0",win,"FVsrCVUNgzhh4pswDohZ1g=="
"2026-09-17T03:32:26.7788Z",sherlock,playSWEEPSWinZone,ps,web,gold,regular,"1000.0","0.0",lose,"Cb9t9/3bjYT5z/60UwmvWw=="
"2026-09-17T03:32:13.3719Z",sherlock,playSWEEPSWinZone,ps,web,gold,regular,"1000.0","900.0",win,"TyOsrLMBnYlMkiP7Y2LcAg=="
"2026-09-17T03:32:10.1299Z",sherlock,playSWEEPSWinZone,ps,web,gold,regular,"1000.0","0.0",lose,"4jV72xd+RhWVq+paB3Vuyw=="
"2026-09-17T03:32:06.6107Z",sherlock,playSWEEPSWinZone,ps,web,gold,regular,"1000.0","0.0",lose,"CddCQhVHzsUHWUmfr/kApg=="
"2026-09-16T08:19:41.9617Z",starburstgalaxy,playSWEEPSWinZone,evolution,app,gold,regular,"2000.0","0.0",lose,"76aa8e67-e50b-4e47-926d-8237cd81cc98"
"2026-09-16T08:19:40.3599Z",starburstgalaxy,playSWEEPSWinZone,evolution,app,gold,regular,"2000.0","0.0",lose,"a1924c07-cf31-43e7-9078-56b2e6fac51e"
"2026-09-16T08:19:11.0235Z",starburstgalaxy,playSWEEPSWinZone,evolution,app,gold,regular,"2000.0","500.0",win,"b6b87dd7-f036-4748-9b74-f5983a4c850d"
"2026-09-16T08:19:05.4652Z",starburstgalaxy,playSWEEPSWinZone,evolution,app,gold,regular,"2000.0","0.0",lose,"14d3b347-f240-4181-bfcc-de86f4aa05a3"
"2026-09-16T08:19:03.8887Z",starburstgalaxy,playSWEEPSWinZone,evolution,app,gold,regular,"2000.0","0.0",lose,"386328d7-27a9-4c84-b6a9-73df0d9a9b07"
"2026-09-16T08:19:01.8773Z",starburstgalaxy,playSWEEPSWinZone,evolution,app,gold,regular,"2000.0","0.0",lose,"4ccac438-4711-42a0-b4a3-8d828a8963a6"
"2026-09-16T08:19:00.3006Z",starburstgalaxy,playSWEEPSWinZone,evolution,app,gold,regular,"2000.0","0.0",lose,"b4c5a65d-d67d-4796-ad64-be85f6fed052"
"2026-09-16T08:17:55.2520Z",starburstgalaxy,playSWEEPSWinZone,evolution,app,gold,regular,"2000.0","0.0",lose,"090c457c-7616-4504-bec8-234221b1457c"
"2026-09-16T08:17:47.1592Z",starburstgalaxy,playSWEEPSWinZone,evolution,app,gold,regular,"2000.0","0.0",lose,"4c33afa4-c042-496b-9041-7fc6cd34431f"
"2026-09-16T08:17:44.5996Z",starburstgalaxy,playSWEEPSWinZone,evolution,app,gold,regular,"2000.0","0.0",lose,"00da757b-4fbe-4b77-9c96-735cae8f4632"
"2026-09-16T08:17:33.6444Z",starburstgalaxy,playSWEEPSWinZone,evolution,app,gold,regular,"2000.0","2000.0",win,"a1ef516e-cb94-4d2c-894f-dfc680423fbd"
"2026-09-16T08:17:18.8132Z",starburstgalaxy,playSWEEPSWinZone,evolution,app,gold,regular,"2000.0","0.0",lose,"cd3edd2e-6b7b-4ffb-be36-e4cf51b71966"
"2026-09-16T08:17:17.1406Z",starburstgalaxy,playSWEEPSWinZone,evolution,app,gold,regular,"2000.0","0.0",lose,"0d45bed0-5f03-44fb-8bfc-dbee663e60b3"
"2026-09-16T08:17:11.3651Z",starburstgalaxy,playSWEEPSWinZone,evolution,app,gold,regular,"2000.0","0.0",lose,"1ff06907-b641-426a-939b-8e5e580f6376"
"2026-09-16T08:17:09.3363Z",starburstgalaxy,playSWEEPSWinZone,evolution,app,gold,regular,"2000.0","500.0",win,"868807e4-9a8f-4f8c-999a-1b1a2087561b"
"2026-09-16T08:17:04.5019Z",starburstgalaxy,playSWEEPSWinZone,evolution,app,gold,regular,"2000.0","0.0",lose,"ad5c2a05-3941-4e78-9762-32334bdbb961"
"2026-09-16T08:16:58.8168Z",starburstgalaxy,playSWEEPSWinZone,evolution,app,gold,regular,"2000.0","0.0",lose,"9bb0a3fa-8e8b-4220-9345-8bea7609d7c0"
"2026-09-16T08:14:29.1167Z",starburstgalaxy,playSWEEPSWinZone,evolution,app,sweep,regular,"1.0","0.0",lose,"635034bc-1fb8-49a6-8b48-230d102661f7"
"2026-09-16T08:14:25.5669Z",starburstgalaxy,playSWEEPSWinZone,evolution,app,sweep,regular,"1.0","0.0",lose,"2b402c61-8558-4230-9cf4-1e726960d21a"
"2026-09-16T08:14:23.3393Z",starburstgalaxy,playSWEEPSWinZone,evolution,app,sweep,regular,"1.0","0.0",lose,"6ca2cfb2-f9b9-4e2e-afcf-8dc3e4e138e6"
"2026-09-16T08:09:17.7292Z",starburstgalaxy,playSWEEPSWinZone,evolution,app,gold,regular,"1000.0","0.0",lose,"85be2d88-6846-4f6b-95a1-eae6c6c7fad0"
"2026-09-16T08:09:15.9105Z",starburstgalaxy,playSWEEPSWinZone,evolution,app,gold,regular,"1000.0","0.0",lose,"8b36bf2c-be62-43e5-9b1f-8364267c4426"
"2026-09-16T08:09:13.7143Z",starburstgalaxy,playSWEEPSWinZone,evolution,app,gold,regular,"1000.0","0.0",lose,"e95104d7-5d6d-420d-9287-9b62959f99c3"
"2026-09-16T08:08:36.1811Z",starburstgalaxy,playSWEEPSWinZone,evolution,app,gold,regular,"1000.0","2000.0",win,"105df69b-00d9-40a8-a9f4-78fd873baa49"
"2026-09-16T07:29:20.7971Z",treasuremap,playSWEEPSWinZone,ps,app,sweep,regular,"0.2","0.0",lose,"GzDV4vj1uf5fGYFCzljipA=="
"2026-09-16T07:29:15.0760Z",treasuremap,playSWEEPSWinZone,ps,app,sweep,regular,"0.2","0.06",win,"wlo2DOJ8MPbAW1tHWrqTZg=="
"2026-09-16T07:29:06.2754Z",treasuremap,playSWEEPSWinZone,ps,app,sweep,regular,"0.2","0.0",lose,"8ewS9/tNcy8aMiJeApJldg=="
"2026-09-16T07:28:59.5243Z",treasuremap,playSWEEPSWinZone,ps,app,sweep,regular,"0.2","0.06",win,"Kd4oJ4DJhowdBPiIdgaReA=="
"2026-09-16T07:28:53.8430Z",treasuremap,playSWEEPSWinZone,ps,app,sweep,regular,"0.2","0.08",win,"1UHIQNmQjgcRVQp1WpuzWQ=="
"2026-09-16T07:28:46.0485Z",treasuremap,playSWEEPSWinZone,ps,app,sweep,regular,"0.2","0.0",lose,"0hEz6sbG6xugr77ZEyanzw=="
"2026-09-16T07:28:40.3179Z",treasuremap,playSWEEPSWinZone,ps,app,sweep,regular,"0.2","0.0",lose,"wI/EPYsUVk4U6FYc5qzl0w=="
"2026-09-16T07:28:27.1588Z",treasuremap,playSWEEPSWinZone,ps,app,sweep,regular,"0.2","0.0",lose,"xgFcc8B58f4oW///YStd9Q=="
"2026-09-16T07:23:35.5805Z",treasuremap,playSWEEPSWinZone,ps,app,sweep,regular,"0.2","6.14",win,"5rwji8lzWFb6WZs0cVsjlA=="
"2026-09-16T07:23:32.4088Z",treasuremap,playSWEEPSWinZone,ps,app,sweep,regular,"0.2","0.0",lose,"4oWBLZxn2XuOcTtE0h9aSA=="
"2026-09-16T07:22:20.9008Z",treasuremap,playSWEEPSWinZone,ps,app,sweep,regular,"0.2","0.0",lose,"fLNKUE8INMoA2Jc996nhug=="
"2026-09-16T07:22:02.6750Z",treasuremap,playSWEEPSWinZone,ps,app,sweep,regular,"0.2","0.0",lose,"j6Lb5w73FCc0pw/RUhbF8Q=="
"2026-09-16T07:21:56.2156Z",treasuremap,playSWEEPSWinZone,ps,app,sweep,regular,"0.2","0.0",lose,"p2BhOzRw6LfTaYhuSCarEw=="
"2026-09-16T07:21:47.6517Z",treasuremap,playSWEEPSWinZone,ps,app,sweep,regular,"0.2","0.0",lose,"tCwFPWYAk0Q1fgvCcY2CeA=="
"2026-09-16T07:21:30.9484Z",treasuremap,playSWEEPSWinZone,ps,app,sweep,regular,"0.2","0.0",lose,"OHj3DGdyJLSUeCMhMFFcfQ=="
"2026-09-17T05:48:13.8064Z",moneybolt,playSWEEPSWinZone,ps,web,gold,regular,"3000.0","0.0",lose,"cIYfTUHxch/KZQJtUwjevg=="
"2026-09-17T05:47:52.7146Z",moneybolt,playSWEEPSWinZone,ps,web,gold,regular,"3000.0","3600.0",win,"T9eUc4n7fbRI1TF5LWGgoQ=="
"2026-09-17T05:47:46.6979Z",moneybolt,playSWEEPSWinZone,ps,web,gold,regular,"3000.0","0.0",lose,"be98iAZomYMzAph3T50NZQ=="
"2026-09-17T05:35:22.3786Z",moneybolt,playSWEEPSWinZone,ps,web,gold,regular,"3000.0","300.0",win,"M/dLiw2poOtdLrnJH3iMQg=="
"2026-09-17T05:35:15.6105Z",moneybolt,playSWEEPSWinZone,ps,web,gold,regular,"3000.0","0.0",lose,"qNH7WQ4U5JtqmmXHTszNdw=="
"2026-09-17T05:35:06.0952Z",moneybolt,playSWEEPSWinZone,ps,web,gold,regular,"3000.0","0.0",lose,"KCucbUcZylio7LJo2b930w=="
"2026-09-17T05:35:02.4619Z",moneybolt,playSWEEPSWinZone,ps,web,gold,regular,"3000.0","0.0",lose,"zpnQz2yfs5Z6tjZ3TTeURg=="
"2026-09-17T05:34:55.8623Z",moneybolt,playSWEEPSWinZone,ps,web,gold,regular,"3000.0","0.0",lose,"ISYNOVcHT+4EtQopS/1gFA=="
"2026-09-17T05:34:30.9414Z",moneybolt,playSWEEPSWinZone,ps,web,gold,regular,"3000.0","1500.0",win,"O9apV5h7CD/scMIB+1XXXA=="
"2026-09-17T05:34:22.4418Z",moneybolt,playSWEEPSWinZone,ps,web,gold,regular,"3000.0","600.0",win,"d0Cvh2mDskoK3cCmM4fpzg=="
"2026-09-17T05:33:56.6020Z",moneybolt,playSWEEPSWinZone,ps,web,gold,regular,"3000.0","204000.0",win,"uLgInNOYH0CCRjE4gXJUkQ=="
"2026-09-17T05:33:44.1801Z",moneybolt,playSWEEPSWinZone,ps,web,gold,regular,"3000.0","0.0",lose,"0wMpylVEatoqJVtH2/06Bg=="
"2026-09-17T05:33:41.2030Z",moneybolt,playSWEEPSWinZone,ps,web,gold,regular,"3000.0","0.0",lose,"WWsp+/pT9SBdwMtSv8uV3w=="
"2026-09-17T05:33:38.1881Z",moneybolt,playSWEEPSWinZone,ps,web,gold,regular,"3000.0","0.0",lose,"DzIex92/EZZbxuDbuTvHzg=="
"2026-09-17T05:33:35.3846Z",moneybolt,playSWEEPSWinZone,ps,web,gold,regular,"3000.0","0.0",lose,"cL7sYrr2y4X/iXSCcDEdEQ=="
"2026-09-17T05:30:19.5603Z",moneybolt,playSWEEPSWinZone,ps,web,gold,regular,"3000.0","0.0",lose,"xoA2ldkIkKwq8f1HoKTZcw=="
"2026-09-17T05:30:11.1064Z",moneybolt,playSWEEPSWinZone,ps,web,gold,regular,"3000.0","0.0",lose,"5nyjopD9nO9FqHBlVruf+w=="
"2026-09-17T05:30:07.2715Z",moneybolt,playSWEEPSWinZone,ps,web,gold,regular,"3000.0","0.0",lose,"eqv1AloCNPRmQ2vBXpRp5g=="
"2026-09-17T05:30:03.6442Z",moneybolt,playSWEEPSWinZone,ps,web,gold,regular,"3000.0","0.0",lose,"cYTssGGbbKoyyTEhRxSpjQ=="
"2026-09-17T05:29:58.6752Z",moneybolt,playSWEEPSWinZone,ps,web,gold,regular,"3000.0","0.0",lose,"0Bw/mwoYQxWGJ5EA5W13Bw=="
"2026-09-17T05:29:55.6304Z",moneybolt,playSWEEPSWinZone,ps,web,gold,regular,"3000.0","0.0",lose,"WPqFDRw64txD7VKHScMl1g=="
"2026-09-17T05:29:43.4028Z",moneybolt,playSWEEPSWinZone,ps,web,gold,regular,"3000.0","0.0",lose,"L1UxfMvRVbQD9QZ9gYBA0w=="
"2026-09-17T05:29:38.1380Z",moneybolt,playSWEEPSWinZone,ps,web,gold,regular,"3000.0","600.0",win,"f4bBplwktKhr0kla6qTRVw=="
"2026-09-17T05:14:58.1746Z",moneybolt,playSWEEPSWinZone,ps,web,gold,regular,"3000.0","0.0",lose,"LQsIw/ZnvquVBIwNrBbYiw=="
"2026-09-17T05:14:49.4331Z",moneybolt,playSWEEPSWinZone,ps,web,gold,regular,"3000.0","0.0",lose,"Vupzs3znZUOdpg/z4fHGdg=="
"2026-09-17T05:14:38.3844Z",moneybolt,playSWEEPSWinZone,ps,web,gold,regular,"3000.0","0.0",lose,"okzhMdN8mHN7DZz6L1FGnw=="
"2026-09-17T05:14:33.0908Z",moneybolt,playSWEEPSWinZone,ps,web,gold,regular,"3000.0","600.0",win,"GFjutMvfvC5baGZu7TFirg=="
"2026-09-17T05:13:37.0233Z",moneybolt,playSWEEPSWinZone,ps,web,gold,regular,"3000.0","0.0",lose,"3zet1z17vCUJyOgg7ZVLAA=="
"2026-09-17T05:13:20.4556Z",moneybolt,playSWEEPSWinZone,ps,web,gold,regular,"3000.0","6000.0",win,"GN+T0uY6GMHulxbiF/y8+Q=="
"2026-09-17T05:13:14.5158Z",moneybolt,playSWEEPSWinZone,ps,web,gold,regular,"3000.0","0.0",lose,"meCALBimv6FgB+aeS8VCDg=="
"2026-09-17T05:13:02.9274Z",moneybolt,playSWEEPSWinZone,ps,web,gold,regular,"3000.0","0.0",lose,"o2GKGFvSeLbM0PnAuZQWlw=="
"2026-09-17T05:12:46.5451Z",moneybolt,playSWEEPSWinZone,ps,web,gold,regular,"3000.0","6000.0",win,"u4LGWSSFj8DkCpVuoiMZ0Q=="
"2026-09-17T05:12:43.2667Z",moneybolt,playSWEEPSWinZone,ps,web,gold,regular,"3000.0","0.0",lose,"QoP+FLp7wuaa2+3jUseA+Q=="
"2026-09-17T05:12:17.7546Z",moneybolt,playSWEEPSWinZone,ps,web,gold,regular,"3000.0","0.0",lose,"AmM9yln3eUOQb5n6wDxyMw=="
"2026-09-17T05:12:12.0527Z",moneybolt,playSWEEPSWinZone,ps,web,gold,regular,"3000.0","0.0",lose,"IFL+hfZkSAeoD9cn7/MvaQ=="
"2026-09-17T05:12:06.3278Z",moneybolt,playSWEEPSWinZone,ps,web,gold,regular,"3000.0","0.0",lose,"nztI9G/syHFyssSbLXPf5A=="
"2026-09-17T05:11:57.4049Z",moneybolt,playSWEEPSWinZone,ps,web,gold,regular,"3000.0","1500.0",win,"jHA/ChQ2t9mKAT1HJrvrrw=="
"2026-09-17T05:11:49.2448Z",moneybolt,playSWEEPSWinZone,ps,web,gold,regular,"3000.0","900.0",win,"zpkIvQ4czp8oS+u36iqXXQ=="
"2026-09-17T05:11:44.0360Z",moneybolt,playSWEEPSWinZone,ps,web,gold,regular,"3000.0","10800.0",win,"CWiRbN2CzgiIeWQ0L3d8cg=="
"2026-09-17T05:11:35.3735Z",moneybolt,playSWEEPSWinZone,ps,web,gold,regular,"3000.0","0.0",lose,"0nn5vkPriJFZKYEi5O0hiA=="
"2026-09-17T05:11:32.4125Z",moneybolt,playSWEEPSWinZone,ps,web,gold,regular,"3000.0","0.0",lose,"McJFjiaZPnpJD7lTDKMuKw=="
"2026-09-17T05:10:28.4507Z",moneybolt,playSWEEPSWinZone,ps,web,gold,regular,"3000.0","13500.0",win,"LKrb1XIFmII77P1fnjo07g=="
"2026-09-17T05:10:06.3422Z",moneybolt,playSWEEPSWinZone,ps,web,gold,regular,"3000.0","36000.0",win,"UALcdgGlQAwHbfezRHlN+g=="
"2026-09-17T05:10:02.7698Z",moneybolt,playSWEEPSWinZone,ps,web,gold,regular,"3000.0","0.0",lose,"ixzcVzPNn/7Bma/DA7OpTA=="
"2026-09-17T05:09:59.1263Z",moneybolt,playSWEEPSWinZone,ps,web,gold,regular,"3000.0","0.0",lose,"/r/KO43lWSuei48xkbyhLA=="
"2026-09-17T05:09:43.3049Z",moneybolt,playSWEEPSWinZone,ps,web,gold,regular,"3000.0","0.0",lose,"PXOtMgNOnHxYxJXP669P0w=="
"2026-09-17T05:09:40.1384Z",moneybolt,playSWEEPSWinZone,ps,web,gold,regular,"3000.0","0.0",lose,"bJk8+w31jfjpyBL7pWnxGA=="
"2026-09-17T05:09:36.6986Z",moneybolt,playSWEEPSWinZone,ps,web,gold,regular,"3000.0","0.0",lose,"aH1xlh+Xe4YC7CLNNuWJWw=="
"2026-09-17T05:05:31.8275Z",moneybolt,playSWEEPSWinZone,ps,web,gold,regular,"3000.0","0.0",lose,"wSotzQBb3tZoj8gOBSC+9w=="
"2026-09-17T05:05:28.5064Z",moneybolt,playSWEEPSWinZone,ps,web,gold,regular,"3000.0","0.0",lose,"uQKod8gHchpTZW04cYbgDg=="
"2026-09-17T05:05:08.1218Z",moneybolt,playSWEEPSWinZone,ps,web,gold,regular,"3000.0","0.0",lose,"00urnKvNHmZmnOAc4kWaww=="
"2026-09-17T05:05:04.6546Z",moneybolt,playSWEEPSWinZone,ps,web,gold,regular,"3000.0","0.0",lose,"zU49cldnKa9l5Ons9E0yEA=="
"2026-09-17T05:04:58.6156Z",moneybolt,playSWEEPSWinZone,ps,web,gold,regular,"3000.0","900.0",win,"sEfzUWySi9ddx60e9PedqQ=="
"2026-09-17T05:04:55.5349Z",moneybolt,playSWEEPSWinZone,ps,web,gold,regular,"3000.0","0.0",lose,"8755e+5uYlvNAvy9v6M+Ng=="
"2026-09-17T05:04:52.6881Z",moneybolt,playSWEEPSWinZone,ps,web,gold,regular,"3000.0","0.0",lose,"bDzUxIBnOaL2nyFUq41Dbw=="
"2026-09-17T05:04:43.6279Z",moneybolt,playSWEEPSWinZone,ps,web,gold,regular,"3000.0","0.0",lose,"GWgS5zbz3LY/DPxoJq2RQA=="
"2026-09-17T05:04:25.8399Z",moneybolt,playSWEEPSWinZone,ps,web,gold,regular,"3000.0","1500.0",win,"ttO17Xph87JjTAyiGLvEhg=="
"2026-09-17T05:04:22.6401Z",moneybolt,playSWEEPSWinZone,ps,web,gold,regular,"3000.0","0.0",lose,"jIuTwcOyXAQWdUgapXxHmw=="
"2026-09-17T05:04:06.6653Z",moneybolt,playSWEEPSWinZone,ps,web,gold,regular,"3000.0","0.0",lose,"vgGgpEelnUgtGASuAuenYg=="
"2026-09-17T05:04:03.4266Z",moneybolt,playSWEEPSWinZone,ps,web,gold,regular,"3000.0","0.0",lose,"P2JzZ4pLAlbmjustfxu9Qw=="
"2026-09-17T05:03:44.7056Z",moneybolt,playSWEEPSWinZone,ps,web,gold,regular,"3000.0","0.0",lose,"Hk9nPwTIXZ7xEHsnIi8zvA=="
"2026-09-17T05:03:35.9689Z",moneybolt,playSWEEPSWinZone,ps,web,gold,regular,"3000.0","0.0",lose,"mZUYUREEfMsumOctMLmcuA=="
"2026-09-17T05:03:33.1817Z",moneybolt,playSWEEPSWinZone,ps,web,gold,regular,"3000.0","0.0",lose,"G3ShTVqDPZGHBypquo6UiA=="
"2026-09-17T05:03:25.2869Z",moneybolt,playSWEEPSWinZone,ps,web,gold,regular,"3000.0","0.0",lose,"qFP2ESJCCq9bwgwTdvdVwA=="
"2026-09-17T05:03:22.3092Z",moneybolt,playSWEEPSWinZone,ps,web,gold,regular,"3000.0","0.0",lose,"xyc379PA0Yu86evL24JSZQ=="
"2026-09-17T05:03:08.3707Z",moneybolt,playSWEEPSWinZone,ps,web,gold,regular,"3000.0","0.0",lose,"YTH48br+dxtHrDNbFzlXpQ=="
"2026-09-17T05:03:05.0002Z",moneybolt,playSWEEPSWinZone,ps,web,gold,regular,"3000.0","0.0",lose,"xHJBWRvUlprMoEqk+jpTCA=="
"2026-09-17T05:01:33.5742Z",moneybolt,playSWEEPSWinZone,ps,web,gold,regular,"3000.0","0.0",lose,"ehp9uBhQJWs5z9PVA/pQRA=="
"2026-09-17T05:01:27.5867Z",moneybolt,playSWEEPSWinZone,ps,web,gold,regular,"3000.0","0.0",lose,"m/bnLJdPu5a/mCAnoFZ8EA=="
"2026-09-17T05:01:22.0684Z",moneybolt,playSWEEPSWinZone,ps,web,gold,regular,"3000.0","600.0",win,"NXT6jwkFKtA+wPnMZE9xMg=="
"2026-09-17T05:01:08.3837Z",moneybolt,playSWEEPSWinZone,ps,web,gold,regular,"3000.0","600.0",win,"YfVK7S9GXTOFqziqS1ofag=="
"2026-09-17T05:00:56.8555Z",moneybolt,playSWEEPSWinZone,ps,web,gold,regular,"3000.0","900.0",win,"Yn0uq0ACrYPCXJGKG7u5JQ=="
"2026-09-17T05:00:48.3186Z",moneybolt,playSWEEPSWinZone,ps,web,gold,regular,"3000.0","18000.0",win,"DIPWbVyOe4TbRAczI17aXg=="
"2026-09-17T05:00:41.3619Z",moneybolt,playSWEEPSWinZone,ps,web,gold,regular,"3000.0","0.0",lose,"3kxVHdjCFJVIHMC9tcn5yA=="
"2026-09-17T05:00:36.0777Z",moneybolt,playSWEEPSWinZone,ps,web,gold,regular,"3000.0","300.0",win,"xUJ6LYpYoj359OvLQxQ98g=="
"2026-09-17T05:01:18.9478Z",moneybolt,playSWEEPSWinZone,ps,web,gold,regular,"3000.0","0.0",lose,"R0oNLQPNIZ+ubcbu7Vd0+A=="
"2026-09-17T05:01:13.7967Z",moneybolt,playSWEEPSWinZone,ps,web,gold,regular,"3000.0","1800.0",win,"urqPey8ebiauDO9xZJqlEw=="
"2026-09-17T05:01:05.1643Z",moneybolt,playSWEEPSWinZone,ps,web,gold,regular,"3000.0","0.0",lose,"4moVQGIIMn2des3NRCVdeA=="
"2026-09-17T05:01:01.8877Z",moneybolt,playSWEEPSWinZone,ps,web,gold,regular,"3000.0","0.0",lose,"hX6V0UhLSn0HcnybRgHXrA=="
"2026-09-17T05:00:44.6669Z",moneybolt,playSWEEPSWinZone,ps,web,gold,regular,"3000.0","0.0",lose,"88PxL7+LXXV1IND+YfSY0g=="
"2026-09-17T04:57:32.4260Z",moneybolt,playSWEEPSWinZone,ps,web,gold,regular,"3000.0","0.0",lose,"U9L/qeADcFrY95ibAn3vEA=="
"2026-09-17T04:57:20.8448Z",moneybolt,playSWEEPSWinZone,ps,web,gold,regular,"3000.0","0.0",lose,"HyUiiO2cabpuqOGvna0FdA=="
"2026-09-17T04:56:56.8107Z",moneybolt,playSWEEPSWinZone,ps,web,gold,regular,"3000.0","16500.0",win,"LaCEi2VpeJ2QGLPHYlq9Ug=="
"2026-09-17T04:56:53.9065Z",moneybolt,playSWEEPSWinZone,ps,web,gold,regular,"3000.0","0.0",lose,"R3Tu2y6Q7/au4ywupik8Aw=="
"2026-09-17T04:50:31.7368Z",moneybolt,playSWEEPSWinZone,ps,web,gold,regular,"3000.0","0.0",lose,"G9naswHbqNy3XI4XDZP5lg=="
"2026-09-17T04:50:23.8628Z",moneybolt,playSWEEPSWinZone,ps,web,gold,regular,"3000.0","0.0",lose,"PH5Vr0bBcb5ZslF7b9R3TQ=="
"2026-09-17T04:50:13.9016Z",moneybolt,playSWEEPSWinZone,ps,web,gold,regular,"3000.0","0.0",lose,"KrJL7Kju8KruoO6msDPiaw=="
"2026-09-17T04:50:06.7432Z",moneybolt,playSWEEPSWinZone,ps,web,gold,regular,"3000.0","0.0",lose,"VoYNVF2lpFqG23j99ztZwg=="
"2026-09-17T04:50:03.3623Z",moneybolt,playSWEEPSWinZone,ps,web,gold,regular,"3000.0","0.0",lose,"9x5nVZkLsBCIS9odERwY7w=="
"2026-09-17T04:49:56.8004Z",moneybolt,playSWEEPSWinZone,ps,web,gold,regular,"3000.0","0.0",lose,"Gl2Tb3diXIP1lp3lZkmTkg=="
"2026-09-17T04:49:50.6858Z",moneybolt,playSWEEPSWinZone,ps,web,gold,regular,"3000.0","0.0",lose,"If/zGeUORzlV5vHBivATQg=="
"2026-09-17T04:49:41.8273Z",moneybolt,playSWEEPSWinZone,ps,web,gold,regular,"3000.0","0.0",lose,"EbUE0KyeHVNsxo1bs0ZFog=="
"2026-09-17T04:49:36.7347Z",moneybolt,playSWEEPSWinZone,ps,web,gold,regular,"3000.0","600.0",win,"WBX0Iwlwev1A3p1noNdgZg=="
"2026-09-17T04:44:31.2555Z",moneybolt,playSWEEPSWinZone,ps,web,gold,regular,"3000.0","0.0",lose,"v2Vc3PYOC9bOaahCW6GjQg=="
"2026-09-17T04:44:23.1965Z",moneybolt,playSWEEPSWinZone,ps,web,gold,regular,"3000.0","0.0",lose,"Yl+EUQlzKGnSfHdmDABZKA=="
"2026-09-17T04:43:45.0772Z",moneybolt,playSWEEPSWinZone,ps,web,gold,regular,"3000.0","0.0",lose,"gpVZpiOcKUXPg+Ev5pmfqw=="
"2026-09-17T04:43:42.0287Z",moneybolt,playSWEEPSWinZone,ps,web,gold,regular,"3000.0","0.0",lose,"rF7QgtE3fJx3Rf1gUrtBkw=="
"2026-09-17T04:43:39.1447Z",moneybolt,playSWEEPSWinZone,ps,web,gold,regular,"3000.0","0.0",lose,"jRWbfjtqt9a7U7S0JAvKGg=="
"2026-09-17T04:40:24.0533Z",moneybolt,playSWEEPSWinZone,ps,web,gold,regular,"3000.0","8400.0",win,"kbb8sB7afvwQ5SkWCQxIWg=="
"2026-09-17T04:40:14.6145Z",moneybolt,playSWEEPSWinZone,ps,web,gold,regular,"3000.0","0.0",lose,"Ucn497lwm+Ay82mh8oxlJg=="
"2026-09-17T04:40:08.0004Z",moneybolt,playSWEEPSWinZone,ps,web,gold,regular,"3000.0","0.0",lose,"jNW/AUZAh3EDfZG/00NJFg=="
"2026-09-17T04:40:03.1640Z",moneybolt,playSWEEPSWinZone,ps,web,gold,regular,"3000.0","0.0",lose,"O5tiumO0JcdrBCDIvqQ1lA=="
"2026-09-17T04:39:59.9157Z",moneybolt,playSWEEPSWinZone,ps,web,gold,regular,"3000.0","0.0",lose,"xVaV+xrnV3ac5HC9dhsTBw=="
"2026-09-17T04:39:57.0974Z",moneybolt,playSWEEPSWinZone,ps,web,gold,regular,"3000.0","0.0",lose,"BLM5h/LVR1rAoTjADhUCog=="
"2026-09-17T04:39:42.3652Z",moneybolt,playSWEEPSWinZone,ps,web,gold,regular,"3000.0","0.0",lose,"faKPm2jqz2KSloIDvifNDQ=="
"2026-09-17T04:39:37.4134Z",moneybolt,playSWEEPSWinZone,ps,web,gold,regular,"3000.0","600.0",win,"6eP68T6Hq6hBX2Ie6rWUmA=="
"2026-09-17T04:39:34.4857Z",moneybolt,playSWEEPSWinZone,ps,web,gold,regular,"3000.0","0.0",lose,"+YiFBIlx5zrgKmh/g+E6Dg=="
"2026-09-17T04:39:26.4364Z",moneybolt,playSWEEPSWinZone,ps,web,gold,regular,"3000.0","300.0",win,"zKUn+6WG+9JaHupAWKlOKQ=="
"2026-09-17T04:35:20.5229Z",moneybolt,playSWEEPSWinZone,ps,web,gold,regular,"3000.0","0.0",lose,"CoJdwmXbgD8CAjMsa1qCOg=="
"2026-09-17T04:34:50.5573Z",moneybolt,playSWEEPSWinZone,ps,web,gold,regular,"3000.0","0.0",lose,"dUopIkM+8eESi/M14rud9w=="
"2026-09-17T04:34:47.3133Z",moneybolt,playSWEEPSWinZone,ps,web,gold,regular,"3000.0","0.0",lose,"uuqGA1IFeXDT5UxoAj1wUw=="
"2026-09-17T04:34:35.2373Z",moneybolt,playSWEEPSWinZone,ps,web,gold,regular,"3000.0","0.0",lose,"dHlDSBNm+600Vdlt14eTSg=="
"2026-09-17T04:34:32.3846Z",moneybolt,playSWEEPSWinZone,ps,web,gold,regular,"3000.0","0.0",lose,"8rgjt/G1NOsW1vc3RunKwA=="
"2026-09-17T04:34:29.4297Z",moneybolt,playSWEEPSWinZone,ps,web,gold,regular,"3000.0","0.0",lose,"Jcyrq9ZgcDzkulsw0MbA5A=="
"2026-09-17T04:33:24.3444Z",moneybolt,playSWEEPSWinZone,ps,web,gold,regular,"3000.0","0.0",lose,"Ypmq0aa25QuIyYsIdytv8w=="
"2026-09-17T04:33:21.4132Z",moneybolt,playSWEEPSWinZone,ps,web,gold,regular,"3000.0","0.0",lose,"3DcpvNxSPj5haRYO8h9Wxg=="
"2026-09-17T04:33:18.4082Z",moneybolt,playSWEEPSWinZone,ps,web,gold,regular,"3000.0","0.0",lose,"tTT1Ft4XwJIej0HASid9/g=="
"2026-09-17T04:33:07.2337Z",moneybolt,playSWEEPSWinZone,ps,web,gold,regular,"3000.0","0.0",lose,"dYHVKNv5CR2mZe6/6Ea7Fw=="
"2026-09-17T04:33:01.1154Z",moneybolt,playSWEEPSWinZone,ps,web,gold,regular,"3000.0","0.0",lose,"TDaPHrlqWwMBQ11WrDrJlg=="
"2026-09-17T04:32:58.0900Z",moneybolt,playSWEEPSWinZone,ps,web,gold,regular,"3000.0","0.0",lose,"pJjM+V+Oq3Knb4VUeKbYOg=="
"2026-09-17T08:09:17.7308Z",moneybolt,playSWEEPSWinZone,ps,web,gold,regular,"3000.0","0.0",lose,"m6M2KnRIHoTxPx3Pqtasrw=="
"2026-09-17T08:09:06.7947Z",moneybolt,playSWEEPSWinZone,ps,web,gold,regular,"3000.0","2400.0",win,"40n2edjTfl6+UBqu+jg3qg=="
"2026-09-17T08:09:01.7765Z",moneybolt,playSWEEPSWinZone,ps,web,gold,regular,"3000.0","600.0",win,"Qw848OvWnn8wpw/W4pG56Q=="
"2026-09-17T08:08:56.7951Z",moneybolt,playSWEEPSWinZone,ps,web,gold,regular,"3000.0","300.0",win,"R4Wx1z7/8Rjz2twxKXF+Rg=="
"2026-09-17T08:08:53.8764Z",moneybolt,playSWEEPSWinZone,ps,web,gold,regular,"3000.0","0.0",lose,"iJxVzTzcokguDY/Mmiyqeg=="
"2026-09-17T08:08:50.8831Z",moneybolt,playSWEEPSWinZone,ps,web,gold,regular,"3000.0","0.0",lose,"mbC8YDQCGk2y5JQsusHk2Q=="
"2026-09-17T08:08:45.1603Z",moneybolt,playSWEEPSWinZone,ps,web,gold,regular,"3000.0","0.0",lose,"MqV7ZTS4uF/4qaqbT9PENg=="
"2026-09-17T08:08:39.0293Z",moneybolt,playSWEEPSWinZone,ps,web,gold,regular,"3000.0","0.0",lose,"PX9OGEI/8UyjjnF8oEjsxQ=="
"2026-09-17T08:08:24.3104Z",moneybolt,playSWEEPSWinZone,ps,web,gold,regular,"3000.0","0.0",lose,"z24T9e8vGFmOPpLsOwD+HA=="
"2026-09-17T08:08:19.4360Z",moneybolt,playSWEEPSWinZone,ps,web,gold,regular,"3000.0","300.0",win,"zWRcOQgdS4qUFq/QFsfglw=="
"2026-09-17T08:08:16.2627Z",moneybolt,playSWEEPSWinZone,ps,web,gold,regular,"3000.0","0.0",lose,"YYAKcEMu8q/s1M9mSI3Stw=="
"2026-09-17T08:08:13.2861Z",moneybolt,playSWEEPSWinZone,ps,web,gold,regular,"3000.0","0.0",lose,"5xjTbFNXcdV53/7Zq8+USA=="
"2026-09-17T08:08:07.3513Z",moneybolt,playSWEEPSWinZone,ps,web,gold,regular,"3000.0","0.0",lose,"Mc5XsQR5NNGJ0u+vTtG8kA=="
"2026-09-17T08:08:04.5459Z",moneybolt,playSWEEPSWinZone,ps,web,gold,regular,"3000.0","0.0",lose,"HW3U+NnV1iwG1JM+gM3sVA=="
"2026-09-17T08:07:55.2652Z",moneybolt,playSWEEPSWinZone,ps,web,gold,regular,"3000.0","0.0",lose,"Yg4kp2TUzW96fe0EIKMpMg=="
"2026-09-17T08:07:43.9396Z",moneybolt,playSWEEPSWinZone,ps,web,gold,regular,"3000.0","0.0",lose,"3cLBzlW04j2c5RHDYITu9g=="
"2026-09-17T08:07:38.0816Z",moneybolt,playSWEEPSWinZone,ps,web,gold,regular,"3000.0","0.0",lose,"CvBwzQ62PUcGSOEzbOiwdw=="
"2026-09-17T08:07:30.1639Z",moneybolt,playSWEEPSWinZone,ps,web,gold,regular,"3000.0","1200.0",win,"J13IR/mhUdadcX/PeD4bqQ=="
"2026-09-17T08:07:25.3248Z",moneybolt,playSWEEPSWinZone,ps,web,gold,regular,"3000.0","600.0",win,"lq2tMGp2atTXV6TBoJ0Sqg=="
"2026-09-17T08:06:16.9046Z",moneybolt,playSWEEPSWinZone,ps,web,gold,regular,"3000.0","0.0",lose,"ieiU+ldC0lEPBpw3uhde3w=="
"2026-09-17T08:06:13.5386Z",moneybolt,playSWEEPSWinZone,ps,web,gold,regular,"3000.0","0.0",lose,"RE5dvLAZNBP8Jpt8dxcW6g=="
"2026-09-17T08:06:10.4960Z",moneybolt,playSWEEPSWinZone,ps,web,gold,regular,"3000.0","0.0",lose,"oQ0rKTEfAKH6RsFLTzgh6Q=="
"2026-09-17T08:06:07.5888Z",moneybolt,playSWEEPSWinZone,ps,web,gold,regular,"3000.0","0.0",lose,"PyZhszl0WiVHFuGPmncLKQ=="
"2026-09-17T08:06:04.7553Z",moneybolt,playSWEEPSWinZone,ps,web,gold,regular,"3000.0","0.0",lose,"8qofIw4E/gp6WY0VvtadtQ=="
"2026-09-17T08:06:01.4680Z",moneybolt,playSWEEPSWinZone,ps,web,gold,regular,"3000.0","0.0",lose,"uxe5SO2TOtWWRkfiY59w8A=="
"2026-09-17T08:05:56.4194Z",moneybolt,playSWEEPSWinZone,ps,web,gold,regular,"3000.0","2400.0",win,"eyVXq+uro5dCDNSZNJWwcA=="
"2026-09-17T08:05:52.6518Z",moneybolt,playSWEEPSWinZone,ps,web,gold,regular,"3000.0","0.0",lose,"DKzFNT7jogy5QeZXZsdPLw=="
"2026-09-17T08:05:37.7983Z",moneybolt,playSWEEPSWinZone,ps,web,gold,regular,"3000.0","0.0",lose,"cD4lLGTdkDrPp3MxL6huMg=="
"2026-09-17T08:05:32.1017Z",moneybolt,playSWEEPSWinZone,ps,web,gold,regular,"3000.0","0.0",lose,"oY9Nj3HsGisgA5cn0+e/DQ=="
"2026-09-17T08:05:29.2679Z",moneybolt,playSWEEPSWinZone,ps,web,gold,regular,"3000.0","0.0",lose,"UWe3x4Heaed2U+JCfxHUYA=="
"2026-09-17T08:05:26.2074Z",moneybolt,playSWEEPSWinZone,ps,web,gold,regular,"3000.0","0.0",lose,"8mI1O6oc9Esxq+2Poz8eHg=="
"2026-09-17T08:05:23.2663Z",moneybolt,playSWEEPSWinZone,ps,web,gold,regular,"3000.0","0.0",lose,"KFv/uqp1EsxAwV/tIrv8aQ=="
"2026-09-17T08:02:15.3284Z",moneybolt,playSWEEPSWinZone,ps,web,gold,regular,"3000.0","4500.0",win,"ZXcpnvNTiyjeBL8X0IO/Nw=="
"2026-09-17T08:02:09.2858Z",moneybolt,playSWEEPSWinZone,ps,web,gold,regular,"3000.0","0.0",lose,"mpS/CuCZDcVF/kf5iCQtxA=="
"2026-09-17T08:01:02.5104Z",moneybolt,playSWEEPSWinZone,ps,web,gold,regular,"3000.0","0.0",lose,"6n1IZXJo0r2Tv4J/PZUHoA=="
"2026-09-17T08:00:57.4694Z",moneybolt,playSWEEPSWinZone,ps,web,gold,regular,"3000.0","600.0",win,"WFCsAjUv0h2paFjPKeOH+g=="
"2026-09-17T08:00:40.9143Z",moneybolt,playSWEEPSWinZone,ps,web,gold,regular,"3000.0","132000.0",win,"YCImps6lOZUcE+hHSd8F6Q=="
"2026-09-17T08:00:37.4208Z",moneybolt,playSWEEPSWinZone,ps,web,gold,regular,"3000.0","0.0",lose,"YwgTywlbw6yWk0h4mRianA=="
"2026-09-17T08:00:26.9269Z",moneybolt,playSWEEPSWinZone,ps,web,gold,regular,"3000.0","300.0",win,"wW8mBpZy2oS4t+EuaLZWFw=="
"2026-09-17T08:00:23.8390Z",moneybolt,playSWEEPSWinZone,ps,web,gold,regular,"3000.0","0.0",lose,"uYPpubVnU6NFVnkYnoGIIw=="
"2026-09-17T07:57:16.5528Z",moneybolt,playSWEEPSWinZone,ps,web,gold,regular,"3000.0","0.0",lose,"6/VIrK1TGcyxrrtWtuFqBw=="
"2026-09-17T07:57:05.0670Z",moneybolt,playSWEEPSWinZone,ps,web,gold,regular,"3000.0","0.0",lose,"wfpeeYIH3acneurBxwi2Rw=="
"2026-09-17T07:56:58.0386Z",moneybolt,playSWEEPSWinZone,ps,web,gold,regular,"3000.0","0.0",lose,"sCtHWC/eUw45UFSZkIPRsA=="
"2026-09-17T07:56:48.8696Z",moneybolt,playSWEEPSWinZone,ps,web,gold,regular,"3000.0","0.0",lose,"GhVbHSLuY2k5KbpG8Lsk5w=="
"2026-09-17T07:56:37.2565Z",moneybolt,playSWEEPSWinZone,ps,web,gold,regular,"3000.0","1800.0",win,"rQBuHEhPrDCuoPW07t1YcA=="
"2026-09-17T07:56:28.2796Z",moneybolt,playSWEEPSWinZone,ps,web,gold,regular,"3000.0","0.0",lose,"B7U6JEBzzafUI3TViifR9g=="
"2026-09-17T07:56:10.7005Z",moneybolt,playSWEEPSWinZone,ps,web,gold,regular,"3000.0","3600.0",win,"Gdyo9b/QsE43ccf+HSWQ3A=="
"2026-09-17T07:56:07.6633Z",moneybolt,playSWEEPSWinZone,ps,web,gold,regular,"3000.0","0.0",lose,"gZ80LA95Fw3Fz4WKutXEHQ=="
"2026-09-17T07:56:01.2338Z",moneybolt,playSWEEPSWinZone,ps,web,gold,regular,"3000.0","0.0",lose,"AUvMqf3pY3SOWG2X/W3SEQ=="
"2026-09-17T07:55:58.1125Z",moneybolt,playSWEEPSWinZone,ps,web,gold,regular,"3000.0","0.0",lose,"j1f+etLoFXM/lIYUeo9WWQ=="
"2026-09-17T07:55:49.7256Z",moneybolt,playSWEEPSWinZone,ps,web,gold,regular,"3000.0","0.0",lose,"PbgNZHVHwLoGyxxhe3MS1g=="
"2026-09-17T07:55:46.7085Z",moneybolt,playSWEEPSWinZone,ps,web,gold,regular,"3000.0","0.0",lose,"f39nk4S/InjF6R908Qpqxw=="
"2026-09-17T07:55:43.3777Z",moneybolt,playSWEEPSWinZone,ps,web,gold,regular,"3000.0","0.0",lose,"w2sRx8hVBr4p62Ytuw04mg=="
"2026-09-17T07:55:38.4092Z",moneybolt,playSWEEPSWinZone,ps,web,gold,regular,"3000.0","8100.0",win,"3rhoOrXaVppHmV3RNIxUvA=="
"2026-09-17T07:55:32.0905Z",moneybolt,playSWEEPSWinZone,ps,web,gold,regular,"3000.0","0.0",lose,"KnA1vSZTyeFwdLU0v1Ztmw=="
"2026-09-17T07:55:29.0748Z",moneybolt,playSWEEPSWinZone,ps,web,gold,regular,"3000.0","0.0",lose,"gNtHS8S2std12aDQzmTrJw=="
"2026-09-17T07:55:23.1474Z",moneybolt,playSWEEPSWinZone,ps,web,gold,regular,"3000.0","0.0",lose,"Zo/k68VojNG4dO44QIOp3g=="
"2026-09-17T07:55:08.1245Z",moneybolt,playSWEEPSWinZone,ps,web,gold,"free_spin","0.0","24000.0",win,"s2U71SuJJhPR9ZVmzb00lQ=="
"2026-09-17T07:54:53.7575Z",moneybolt,playSWEEPSWinZone,ps,web,gold,regular,"3000.0","0.0",lose,"s2U71SuJJhPR9ZVmzb00lQ=="
"2026-09-17T07:54:51.0890Z",moneybolt,playSWEEPSWinZone,ps,web,gold,regular,"3000.0","0.0",lose,"bDByioBjkBWOZ7Cq4em4uQ=="
"2026-09-17T07:54:46.0882Z",moneybolt,playSWEEPSWinZone,ps,web,gold,regular,"3000.0","5100.0",win,"plrU9uXW+nRcGi6ECMhtLQ=="
"2026-09-17T07:54:40.7846Z",moneybolt,playSWEEPSWinZone,ps,web,gold,regular,"3000.0","900.0",win,"xBOhYJuZDIouV5o9Nqjfyg=="
"2026-09-17T07:54:37.2752Z",moneybolt,playSWEEPSWinZone,ps,web,gold,regular,"3000.0","0.0",lose,"5r7LIsgKrVvx0PnQQnqIFQ=="
"2026-09-17T07:54:28.9946Z",moneybolt,playSWEEPSWinZone,ps,web,gold,regular,"3000.0","600.0",win,"m9VxYBUKo/FLmeLNesLUWw=="
"2026-09-17T07:54:26.1613Z",moneybolt,playSWEEPSWinZone,ps,web,gold,regular,"3000.0","0.0",lose,"fVpD8Yhn3Pvo9yl/oHuKQQ=="
"2026-09-17T07:54:23.2534Z",moneybolt,playSWEEPSWinZone,ps,web,gold,regular,"3000.0","0.0",lose,"ITeiRqEgPu0lQYi5RqqGbg=="
"2026-09-17T07:53:16.7570Z",moneybolt,playSWEEPSWinZone,ps,web,gold,regular,"3000.0","0.0",lose,"hGYdPgdcYb9FmEaWK9eUWQ=="
"2026-09-17T07:53:13.3731Z",moneybolt,playSWEEPSWinZone,ps,web,gold,regular,"3000.0","0.0",lose,"0aKp8XxVPMPkxTksUGsR9w=="
"2026-09-17T07:52:54.0215Z",moneybolt,playSWEEPSWinZone,ps,web,gold,regular,"3000.0","4500.0",win,"g0p+xd09wAX6NT+K03LaTg=="
"2026-09-17T07:52:48.3940Z",moneybolt,playSWEEPSWinZone,ps,web,gold,regular,"3000.0","0.0",lose,"tLe37ZaKamwXrvhROyQ3CA=="
"2026-09-17T07:52:34.6495Z",moneybolt,playSWEEPSWinZone,ps,web,gold,regular,"3000.0","0.0",lose,"xkhCADBWKgiAWY36dDACuw=="
"2026-09-17T07:52:28.9968Z",moneybolt,playSWEEPSWinZone,ps,web,gold,regular,"3000.0","300.0",win,"0CCRjsaWDNT9iY1zyQCo2w=="
"2026-09-17T07:52:22.5612Z",moneybolt,playSWEEPSWinZone,ps,web,gold,regular,"3000.0","0.0",lose,"dZLBLULUpHdmkZokjswa8Q=="
"2026-09-17T07:50:19.0078Z",moneybolt,playSWEEPSWinZone,ps,web,gold,regular,"3000.0","0.0",lose,"/YEDC63oOvaNNzxLCf2vvA=="
"2026-09-17T07:50:06.6582Z",moneybolt,playSWEEPSWinZone,ps,web,gold,regular,"3000.0","0.0",lose,"DS3v0alamLHgTFcUGdSIQA=="
"2026-09-17T07:50:03.3956Z",moneybolt,playSWEEPSWinZone,ps,web,gold,regular,"3000.0","0.0",lose,"OR1K31CdrK87Zh7Ij1lfVA=="
"2026-09-17T07:50:00.2523Z",moneybolt,playSWEEPSWinZone,ps,web,gold,regular,"3000.0","0.0",lose,"kYif36hkSajvD+dUFGg0fQ=="
"2026-09-17T07:49:46.5237Z",moneybolt,playSWEEPSWinZone,ps,web,gold,regular,"3000.0","0.0",lose,"uNjjPylEP7RfHw8wlTeWKw=="
"2026-09-17T07:49:43.3129Z",moneybolt,playSWEEPSWinZone,ps,web,gold,regular,"3000.0","0.0",lose,"chE83HumWtfw+EjvmS9uZA=="
"2026-09-17T07:49:32.1735Z",moneybolt,playSWEEPSWinZone,ps,web,gold,regular,"3000.0","1200.0",win,"0HJId8KtedCzeuf/ozIViQ=="
"2026-09-17T07:46:16.7679Z",moneybolt,playSWEEPSWinZone,ps,web,gold,regular,"3000.0","0.0",lose,"TAcUOiNpsT3b8Xctr9ZDZQ=="
"2026-09-17T07:45:46.8883Z",moneybolt,playSWEEPSWinZone,ps,web,gold,regular,"3000.0","0.0",lose,"QyP//sOocSasyRc8jUWJyw=="
"2026-09-17T07:45:37.0292Z",moneybolt,playSWEEPSWinZone,ps,web,gold,regular,"3000.0","0.0",lose,"dSOFLOs8pCPTC58qyvs7dA=="
"2026-09-17T07:45:28.3966Z",moneybolt,playSWEEPSWinZone,ps,web,gold,regular,"3000.0","1800.0",win,"WYKUsEP9r5+hG1K6zC46xQ=="
"2026-09-17T07:45:12.5428Z",moneybolt,playSWEEPSWinZone,ps,web,gold,regular,"3000.0","3000.0",win,"tITCgki1lHQ2XBYYVydfcA=="
"2026-09-17T07:45:43.6312Z",moneybolt,playSWEEPSWinZone,ps,web,gold,regular,"3000.0","0.0",lose,"+ykbGwngSRNt6dB1Rnp6fQ=="
"2026-09-17T07:45:40.3757Z",moneybolt,playSWEEPSWinZone,ps,web,gold,regular,"3000.0","0.0",lose,"K84tsyE0gc6bjtt1GEtCXA=="
"2026-09-17T07:45:55.3728Z",moneybolt,playSWEEPSWinZone,ps,web,gold,regular,"3000.0","16500.0",win,"gSV9By0LnBjDsoJwvFB3IQ=="
"2026-09-17T07:45:50.1579Z",moneybolt,playSWEEPSWinZone,ps,web,gold,regular,"3000.0","1500.0",win,"679j38Q7uHKww6KkICtL0Q=="
"2026-09-17T07:45:33.4632Z",moneybolt,playSWEEPSWinZone,ps,web,gold,regular,"3000.0","0.0",lose,"XCrdpLbyLN3EkkbVbfco9g=="
"2026-09-17T07:45:24.9238Z",moneybolt,playSWEEPSWinZone,ps,web,gold,regular,"3000.0","0.0",lose,"4UnHQZUoFSJgUx+ZWQy5cA=="
"2026-09-17T07:45:21.4700Z",moneybolt,playSWEEPSWinZone,ps,web,gold,regular,"3000.0","0.0",lose,"Rxcuz5NQbwQQKKo6Rk+Bww=="
"2026-09-17T07:45:18.3797Z",moneybolt,playSWEEPSWinZone,ps,web,gold,regular,"3000.0","0.0",lose,"D/neBOhUIaerSKNW2ByTEw=="
"2026-09-17T07:36:11.5360Z",moneybolt,playSWEEPSWinZone,ps,web,gold,regular,"3000.0","0.0",lose,"ZG8KFA9vQ6X8ptu9Ii5FGg=="
"2026-09-17T07:35:55.3184Z",moneybolt,playSWEEPSWinZone,ps,web,gold,"free_spin","0.0","23100.0",win,"FgLWlIoeSD7vGI/V0gncKg=="
"2026-09-17T07:35:32.8298Z",moneybolt,playSWEEPSWinZone,ps,web,gold,regular,"3000.0","0.0",lose,"FgLWlIoeSD7vGI/V0gncKg=="
"2026-09-17T07:35:29.9705Z",moneybolt,playSWEEPSWinZone,ps,web,gold,regular,"3000.0","0.0",lose,"/RFaFL2YmfWBxlNG7ukQZg=="
"2026-09-17T07:35:27.0019Z",moneybolt,playSWEEPSWinZone,ps,web,gold,regular,"3000.0","0.0",lose,"1h15yaZu3KZrEwBB4KQdDA=="
"2026-09-17T07:35:21.2837Z",moneybolt,playSWEEPSWinZone,ps,web,gold,regular,"3000.0","4800.0",win,"pVs6+FyiEaGajpfS1tK+SQ=="
"2026-09-17T07:35:18.1493Z",moneybolt,playSWEEPSWinZone,ps,web,gold,regular,"3000.0","0.0",lose,"we9Zplbb7Yws54BvyBLPGQ=="
"2026-09-17T07:20:55.7952Z",moneybolt,playSWEEPSWinZone,ps,web,gold,regular,"3000.0","0.0",lose,"5DYSWFVgMYbKQHWMfFtvgQ=="
"2026-09-17T07:20:37.5480Z",moneybolt,playSWEEPSWinZone,ps,web,gold,regular,"3000.0","12000.0",win,"ekIlkzsPza+uy/ZI2/VwJw=="
"2026-09-17T07:20:28.7627Z",moneybolt,playSWEEPSWinZone,ps,web,gold,regular,"3000.0","0.0",lose,"x9a4fAkkPgH0GzI23Yj7gw=="
"2026-09-17T07:20:14.5312Z",moneybolt,playSWEEPSWinZone,ps,web,gold,regular,"3000.0","3000.0",win,"1JU7tllX/YxtnvQ0D+BkjA=="
"2026-09-17T07:20:11.5404Z",moneybolt,playSWEEPSWinZone,ps,web,gold,regular,"3000.0","0.0",lose,"GtTbmHR0cxxfS4k2M7WDXg=="
"2026-09-17T06:42:42.8533Z",moneybolt,playSWEEPSWinZone,ps,web,gold,regular,"3000.0","300.0",win,"fi4Obo6NEIw3AP8KS0viaQ=="
"2026-09-17T06:42:39.8214Z",moneybolt,playSWEEPSWinZone,ps,web,gold,regular,"3000.0","0.0",lose,"ZECJuBQ5GdymnxtsflKt8Q=="
"2026-09-17T06:42:34.7454Z",moneybolt,playSWEEPSWinZone,ps,web,gold,regular,"3000.0","300.0",win,"WhYzxuackI6BBXN5R6i47w=="
"2026-09-17T06:42:31.6323Z",moneybolt,playSWEEPSWinZone,ps,web,gold,regular,"3000.0","0.0",lose,"DlcDC8idwpm8SDMOzVf6Gw=="
"2026-09-17T06:42:28.4411Z",moneybolt,playSWEEPSWinZone,ps,web,gold,regular,"3000.0","0.0",lose,"CAuyvLA7Bwri3AKgRbTi9A=="
"2026-09-17T06:42:25.4326Z",moneybolt,playSWEEPSWinZone,ps,web,gold,regular,"3000.0","0.0",lose,"D2xg3Cc6ldIoVkaheSEaxg=="
"2026-09-17T06:42:22.3190Z",moneybolt,playSWEEPSWinZone,ps,web,gold,regular,"3000.0","0.0",lose,"nc+X+ejYmAaCeXxuZX2jSg=="
"2026-09-17T06:42:19.0652Z",moneybolt,playSWEEPSWinZone,ps,web,gold,regular,"3000.0","0.0",lose,"9iK9QgJwEGOpGQJJ6eikGA=="
"2026-09-17T06:40:02.3547Z",moneybolt,playSWEEPSWinZone,ps,web,gold,regular,"3000.0","0.0",lose,"xIJ0IK+e6licG1pLB9r63g=="
"2026-09-17T09:20:02.9337Z",moneybolt,playSWEEPSWinZone,ps,web,gold,regular,"3000.0","0.0",lose,"3wqM754R5+u3Fcack2DnBg=="
"2026-09-17T09:19:59.2788Z",moneybolt,playSWEEPSWinZone,ps,web,gold,regular,"3000.0","0.0",lose,"RJZa5T9oLbrNkJ68sV8iLQ=="
"2026-09-17T09:19:53.4167Z",moneybolt,playSWEEPSWinZone,ps,web,gold,regular,"3000.0","0.0",lose,"D7cBJ0BNYtUpCvZjhgiKnw=="
"2026-09-17T09:19:47.4236Z",moneybolt,playSWEEPSWinZone,ps,web,gold,regular,"3000.0","0.0",lose,"gC/SrXQuAP1dnH8tJtryFA=="
"2026-09-17T09:19:31.9319Z",moneybolt,playSWEEPSWinZone,ps,web,gold,"free_spin","0.0","63000.0",win,"tU7BGszGKgGUKPOqAC/BeQ=="
"2026-09-17T09:18:26.5056Z",moneybolt,playSWEEPSWinZone,ps,web,gold,regular,"3000.0","0.0",lose,"QckFzGD/3oBf0biUZHJuXg=="
"2026-09-17T09:17:56.3917Z",moneybolt,playSWEEPSWinZone,ps,web,gold,regular,"3000.0","6000.0",win,"uAw+nQyVEb9iGqDvuVpRLA=="
"2026-09-17T09:17:51.3147Z",moneybolt,playSWEEPSWinZone,ps,web,gold,regular,"3000.0","300.0",win,"p/WvfyhWwlUrZLN/GGaTxg=="
"2026-09-17T09:17:48.2028Z",moneybolt,playSWEEPSWinZone,ps,web,gold,regular,"3000.0","0.0",lose,"udtc5A3cyFoWqEODLw+VPQ=="
"2026-09-17T09:17:42.7631Z",moneybolt,playSWEEPSWinZone,ps,web,gold,regular,"3000.0","600.0",win,"wRuLRdYAryJUYX5fmNzSvg=="
"2026-09-17T09:17:39.6469Z",moneybolt,playSWEEPSWinZone,ps,web,gold,regular,"3000.0","0.0",lose,"zmu6uZ2+bD+zhlH/gSad2g=="
"2026-09-17T09:17:34.4965Z",moneybolt,playSWEEPSWinZone,ps,web,gold,regular,"3000.0","1500.0",win,"/yRG3CuxwT74tgbu6MbQhg=="
"2026-09-17T09:17:31.6240Z",moneybolt,playSWEEPSWinZone,ps,web,gold,regular,"3000.0","0.0",lose,"cUF0KPlOIOCK6zy/I7eWyQ=="
"2026-09-17T09:17:26.5008Z",moneybolt,playSWEEPSWinZone,ps,web,gold,regular,"3000.0","300.0",win,"pfb0AjwF/uwZwUG1EISiEQ=="
"2026-09-17T09:17:23.6952Z",moneybolt,playSWEEPSWinZone,ps,web,gold,regular,"3000.0","0.0",lose,"iapMCEk85w+4JxGyTC6kwg=="
"2026-09-17T09:17:14.9214Z",moneybolt,playSWEEPSWinZone,ps,web,gold,regular,"3000.0","0.0",lose,"cWy+0XAZ6tAh5y0s4XfEDA=="
"2026-09-17T09:17:06.7504Z",moneybolt,playSWEEPSWinZone,ps,web,gold,regular,"3000.0","300.0",win,"AHHp4TfGrYLnRuBbzsWqNw=="
"2026-09-17T09:17:03.7629Z",moneybolt,playSWEEPSWinZone,ps,web,gold,regular,"3000.0","0.0",lose,"qGU0u7d0Hs0vyM/mVbGmCQ=="
"2026-09-17T09:17:00.7077Z",moneybolt,playSWEEPSWinZone,ps,web,gold,regular,"3000.0","0.0",lose,"AtgT/2HwiOc+lWX8fzdS/w=="
"2026-09-17T09:16:55.4903Z",moneybolt,playSWEEPSWinZone,ps,web,gold,regular,"3000.0","1200.0",win,"3cSjUlZXaDiq9ddpL8yaEA=="
"2026-09-17T09:16:52.5673Z",moneybolt,playSWEEPSWinZone,ps,web,gold,regular,"3000.0","0.0",lose,"CHTC0WBIs5VEeWn8jJscsA=="
"2026-09-17T09:12:44.2073Z",moneybolt,playSWEEPSWinZone,ps,web,gold,regular,"3000.0","0.0",lose,"yQzW00EafSkiA0gw+0B3Qg=="
"2026-09-17T09:12:38.5755Z",moneybolt,playSWEEPSWinZone,ps,web,gold,regular,"3000.0","0.0",lose,"yaoY0vUptD/DYpsHXH6ONg=="
"2026-09-17T09:12:14.8170Z",moneybolt,playSWEEPSWinZone,ps,web,gold,regular,"3000.0","31500.0",win,"yRBOhPABmwhV6/MqbpcV1g=="
"2026-09-17T09:12:11.9167Z",moneybolt,playSWEEPSWinZone,ps,web,gold,regular,"3000.0","0.0",lose,"dRjtx6s5OVN+3ELqBCRdsw=="
"2026-09-17T09:12:08.9795Z",moneybolt,playSWEEPSWinZone,ps,web,gold,regular,"3000.0","0.0",lose,"t7u5cNz/JZ2E2Hhcq7HkNQ=="
"2026-09-17T09:12:03.7140Z",moneybolt,playSWEEPSWinZone,ps,web,gold,regular,"3000.0","5100.0",win,"DCbdB5yhF/8uPLYVsVXHRw=="
"2026-09-17T09:12:00.7665Z",moneybolt,playSWEEPSWinZone,ps,web,gold,regular,"3000.0","0.0",lose,"raPnVIwRC+J1ekxHjwNiqg=="
"2026-09-17T09:11:48.6342Z",moneybolt,playSWEEPSWinZone,ps,web,gold,regular,"3000.0","0.0",lose,"ZKEQSXslhMpU+gJ0RVJh9A=="
"2026-09-17T09:06:45.2663Z",moneybolt,playSWEEPSWinZone,ps,web,gold,regular,"3000.0","300.0",win,"VTfWEPFfwGD4CwlI+vkH0A=="
"2026-09-17T09:06:41.4152Z",moneybolt,playSWEEPSWinZone,ps,web,gold,regular,"3000.0","0.0",lose,"06jVDBfMCqgjR++VlsTbZA=="
"2026-09-17T09:06:37.8331Z",moneybolt,playSWEEPSWinZone,ps,web,gold,regular,"3000.0","0.0",lose,"lNJCKz3UGTzkeVRLXCPmFQ=="
"2026-09-17T09:06:34.7384Z",moneybolt,playSWEEPSWinZone,ps,web,gold,regular,"3000.0","0.0",lose,"45oL6u4kk4+fFAzPj9Dr8A=="
"2026-09-17T09:05:48.7691Z",moneybolt,playSWEEPSWinZone,ps,web,gold,regular,"3000.0","0.0",lose,"rscYBMnXKofO52hydMNRIw=="
"2026-09-17T08:59:17.0525Z",moneybolt,playSWEEPSWinZone,ps,web,gold,regular,"3000.0","0.0",lose,"x5FvuIC/b4FxT0FJFOFMGQ=="
"2026-09-17T08:59:14.0040Z",moneybolt,playSWEEPSWinZone,ps,web,gold,regular,"3000.0","0.0",lose,"NUie55/Z73qKhxlWRNqVFg=="
"2026-09-17T08:59:05.3640Z",moneybolt,playSWEEPSWinZone,ps,web,gold,regular,"3000.0","0.0",lose,"0+C5FT/zzPA5joeZd4gu4Q=="
"2026-09-17T08:58:56.3088Z",moneybolt,playSWEEPSWinZone,ps,web,gold,regular,"3000.0","0.0",lose,"JeYl/NmcuPJAfHpOATMgYg=="
"2026-09-17T08:58:53.4745Z",moneybolt,playSWEEPSWinZone,ps,web,gold,regular,"3000.0","0.0",lose,"m5VqHAxFpmQuZPHaofw44Q=="
"2026-09-17T08:58:50.5520Z",moneybolt,playSWEEPSWinZone,ps,web,gold,regular,"3000.0","0.0",lose,"ndF+zraAjHsd6bUXfK4kgg=="
"2026-09-17T08:58:47.6298Z",moneybolt,playSWEEPSWinZone,ps,web,gold,regular,"3000.0","0.0",lose,"EOfrA2cUD7RDiOpkrgaWYA=="
"2026-09-17T08:59:11.2116Z",moneybolt,playSWEEPSWinZone,ps,web,gold,regular,"3000.0","0.0",lose,"gXNL3hLYeC32PyGeCLGN2w=="
"2026-09-17T08:59:08.4014Z",moneybolt,playSWEEPSWinZone,ps,web,gold,regular,"3000.0","0.0",lose,"aZxc5Ko9Ke81Q9FAzl8C9w=="
"2026-09-17T08:58:59.3288Z",moneybolt,playSWEEPSWinZone,ps,web,gold,regular,"3000.0","2100.0",win,"n0FcmQ6ZD4dvKakA4tAFBQ=="
"2026-09-17T08:55:13.8195Z",moneybolt,playSWEEPSWinZone,ps,web,gold,regular,"3000.0","0.0",lose,"/jnG1e3m3uc3hhFpL/uRUQ=="
"2026-09-17T08:55:06.9557Z",moneybolt,playSWEEPSWinZone,ps,web,gold,regular,"3000.0","0.0",lose,"GutWmK2pAEyYIBwfBTAbgg=="
"2026-09-17T08:55:03.3922Z",moneybolt,playSWEEPSWinZone,ps,web,gold,regular,"3000.0","0.0",lose,"BN4c0efpLaZT1iSb9HxDbw=="
"2026-09-17T08:54:59.9105Z",moneybolt,playSWEEPSWinZone,ps,web,gold,regular,"3000.0","0.0",lose,"pWtMVFPUEgw3WXbKCzi1nw=="
"2026-09-17T08:54:24.1358Z",moneybolt,playSWEEPSWinZone,ps,web,gold,regular,"3000.0","46500.0",win,"pN4jUx4pHvhQTaY9IVrcsA=="
"2026-09-17T08:54:18.2185Z",moneybolt,playSWEEPSWinZone,ps,web,gold,regular,"3000.0","0.0",lose,"iIJtLCC9EY7h8/Q0mw6lOg=="
"2026-09-17T08:54:13.1947Z",moneybolt,playSWEEPSWinZone,ps,web,gold,regular,"3000.0","300.0",win,"2AeuoaDcs6gT0LpMQbewzA=="
"2026-09-17T08:54:10.2516Z",moneybolt,playSWEEPSWinZone,ps,web,gold,regular,"3000.0","0.0",lose,"c4QTl+1bFFjLZjwRRGz3rA=="
"2026-09-17T08:54:07.2649Z",moneybolt,playSWEEPSWinZone,ps,web,gold,regular,"3000.0","0.0",lose,"ubijJKHN5nA9gtHGviah7w=="
"2026-09-17T08:54:02.1324Z",moneybolt,playSWEEPSWinZone,ps,web,gold,regular,"3000.0","600.0",win,"pu9JJ1OjsfyDvmkp69Tqgw=="
"2026-09-17T08:53:59.1605Z",moneybolt,playSWEEPSWinZone,ps,web,gold,regular,"3000.0","0.0",lose,"Z6dQDJp29H6U7TFVE6m3sA=="
"2026-09-17T08:53:53.0846Z",moneybolt,playSWEEPSWinZone,ps,web,gold,regular,"3000.0","0.0",lose,"5i4f+Nwt37J0naYFZxwVyQ=="
"2026-09-17T08:53:49.9103Z",moneybolt,playSWEEPSWinZone,ps,web,gold,regular,"3000.0","0.0",lose,"oOOVaiZCijh9LrOjvdOVTg=="
"2026-09-17T08:54:21.1546Z",moneybolt,playSWEEPSWinZone,ps,web,gold,regular,"3000.0","0.0",lose,"KPBG7333PQkN0iUDsKqA4Q=="
"2026-09-17T08:53:55.8990Z",moneybolt,playSWEEPSWinZone,ps,web,gold,regular,"3000.0","0.0",lose,"MW3KhFSrP/tSHkbkKajhxA=="
"2026-09-17T08:53:47.0000Z",moneybolt,playSWEEPSWinZone,ps,web,gold,regular,"3000.0","0.0",lose,"2qsq/Ar4GhLnGiinStJyew=="
"2026-09-17T08:53:43.8209Z",moneybolt,playSWEEPSWinZone,ps,web,gold,regular,"3000.0","0.0",lose,"Y0SGmS5TnkzNU0oVH1KrEQ=="
"2026-09-17T08:53:41.0404Z",moneybolt,playSWEEPSWinZone,ps,web,gold,regular,"3000.0","0.0",lose,"GEiqVYBk+ejgWWoj5GhkvA=="
"2026-09-17T08:53:37.9404Z",moneybolt,playSWEEPSWinZone,ps,web,gold,regular,"3000.0","0.0",lose,"m8LuIy2+ZdqAl+a4Zo64bg=="
"2026-09-17T08:53:32.0497Z",moneybolt,playSWEEPSWinZone,ps,web,gold,regular,"3000.0","0.0",lose,"QxcEjSgS32wXSbxlZ+yuJA=="
"2026-09-17T08:53:26.4749Z",moneybolt,playSWEEPSWinZone,ps,web,gold,regular,"3000.0","0.0",lose,"TRE52pViZRyC2KRp3WACEQ=="
"2026-09-17T08:46:28.3508Z",moneybolt,playSWEEPSWinZone,ps,web,gold,regular,"3000.0","0.0",lose,"+yAYGfumwtHRZGVxu+4wTA=="
"2026-09-17T08:46:22.2231Z",moneybolt,playSWEEPSWinZone,ps,web,gold,regular,"3000.0","0.0",lose,"RnMvVMPVRLRSkm/Jd51ZnA=="
"2026-09-17T08:46:19.1744Z",moneybolt,playSWEEPSWinZone,ps,web,gold,regular,"3000.0","0.0",lose,"gnqrvvffjKASAgyLb0vpUQ=="
"2026-09-17T08:46:05.0925Z",moneybolt,playSWEEPSWinZone,ps,web,gold,regular,"3000.0","0.0",lose,"bJFd1G0Zqp734azCPJQplw=="
"2026-09-17T08:45:59.7669Z",moneybolt,playSWEEPSWinZone,ps,web,gold,regular,"3000.0","1500.0",win,"xqXmjPnuJDLK7n0dFSWLQA=="
"2026-09-17T08:45:56.9235Z",moneybolt,playSWEEPSWinZone,ps,web,gold,regular,"3000.0","0.0",lose,"dXkTdzB90JAeUJp1sjfm0g=="
"2026-09-17T08:38:24.7124Z",moneybolt,playSWEEPSWinZone,ps,web,gold,"free_spin","0.0","64500.0",win,"nj41xu9IUuQFF2mZYB4YDw=="
"2026-09-17T08:37:40.3450Z",moneybolt,playSWEEPSWinZone,ps,web,gold,regular,"3000.0","0.0",lose,"nj41xu9IUuQFF2mZYB4YDw=="
"2026-09-17T08:36:24.6620Z",moneybolt,playSWEEPSWinZone,ps,web,gold,regular,"3000.0","0.0",lose,"DzKXjeLdHHqSpjkWfz0ipA=="
"2026-09-17T08:36:16.7555Z",moneybolt,playSWEEPSWinZone,ps,web,gold,regular,"3000.0","0.0",lose,"UJTL+izXtlieWyRAJLveSw=="
"2026-09-17T08:36:13.6417Z",moneybolt,playSWEEPSWinZone,ps,web,gold,regular,"3000.0","0.0",lose,"xYWwJDt/aIx5+pUjUYWHIQ=="
"2026-09-17T08:36:02.2854Z",moneybolt,playSWEEPSWinZone,ps,web,gold,regular,"3000.0","0.0",lose,"wtmU/PDvUGauvpE3M+XUaA=="
"2026-09-17T08:35:58.6947Z",moneybolt,playSWEEPSWinZone,ps,web,gold,regular,"3000.0","0.0",lose,"38nkWuuu68Ig8VvlMPhq5A=="
"2026-09-17T08:35:51.3738Z",moneybolt,playSWEEPSWinZone,ps,web,gold,regular,"3000.0","0.0",lose,"vrWbgC/2BwyRp9hEksX+6w=="
"2026-09-17T08:35:39.0976Z",moneybolt,playSWEEPSWinZone,ps,web,gold,regular,"3000.0","0.0",lose,"+8jnOe5hSMahW6m1uiQNow=="
"2026-09-17T08:33:19.0459Z",moneybolt,playSWEEPSWinZone,ps,web,gold,regular,"3000.0","0.0",lose,"RAubr2sqv3xg/sSx4Zm6sg=="
"2026-09-17T08:33:13.8471Z",moneybolt,playSWEEPSWinZone,ps,web,gold,regular,"3000.0","600.0",win,"KuTqfIoljPfomUjrNK2uZg=="
"2026-09-17T08:33:11.0286Z",moneybolt,playSWEEPSWinZone,ps,web,gold,regular,"3000.0","0.0",lose,"4JWMmoHFClvUfjCI7OTFkA=="
"2026-09-17T08:33:01.9194Z",moneybolt,playSWEEPSWinZone,ps,web,gold,regular,"3000.0","0.0",lose,"vXykiPzj9ELHu9LkD0ERLA=="
"2026-09-17T08:32:56.1028Z",moneybolt,playSWEEPSWinZone,ps,web,gold,regular,"3000.0","0.0",lose,"92ldDf/EjFkytJrZ0fcSEA=="
"2026-09-17T08:32:53.3404Z",moneybolt,playSWEEPSWinZone,ps,web,gold,regular,"3000.0","0.0",lose,"CeXZXcmaCp81iZZ8AKTAUg=="
"2026-09-17T08:32:50.4837Z",moneybolt,playSWEEPSWinZone,ps,web,gold,regular,"3000.0","0.0",lose,"WAe8hk9pQpcma1iRmp6Naw=="
"2026-09-17T08:32:45.1302Z",moneybolt,playSWEEPSWinZone,ps,web,gold,regular,"3000.0","300.0",win,"lT4RNKzVH5AwcHEYVsJdXA=="
"2026-09-17T08:32:40.1470Z",moneybolt,playSWEEPSWinZone,ps,web,gold,regular,"3000.0","300.0",win,"J3EBnP2z4jWWvK2czTR7IA=="
"2026-09-17T08:32:32.2061Z",moneybolt,playSWEEPSWinZone,ps,web,gold,regular,"3000.0","8400.0",win,"ecFu02UpFgQXALGs1JAVRg=="
"2026-09-17T08:32:16.4844Z",moneybolt,playSWEEPSWinZone,ps,web,gold,regular,"3000.0","0.0",lose,"W/5QQzJlPMCphJ0korYrZw=="
"2026-09-17T08:32:13.3607Z",moneybolt,playSWEEPSWinZone,ps,web,gold,regular,"3000.0","0.0",lose,"zBu8MO5wEQhDOhPk/phzYg=="
"2026-09-17T08:32:07.9543Z",moneybolt,playSWEEPSWinZone,ps,web,gold,regular,"3000.0","600.0",win,"oETTU54zRtrrksyyNngrRg=="
"2026-09-17T08:32:02.9917Z",moneybolt,playSWEEPSWinZone,ps,web,gold,regular,"3000.0","300.0",win,"v6rSEvkEfEHP/oTtO8vBLQ=="
"2026-09-17T08:32:00.1670Z",moneybolt,playSWEEPSWinZone,ps,web,gold,regular,"3000.0","0.0",lose,"0ACuraiAoSPuludAq0KHtw=="
"2026-09-17T08:31:57.2466Z",moneybolt,playSWEEPSWinZone,ps,web,gold,regular,"3000.0","0.0",lose,"1ZuxfUgOFNvhK0a5gsjtOA=="
"2026-09-17T08:31:52.8434Z",moneybolt,playSWEEPSWinZone,ps,web,gold,regular,"3000.0","0.0",lose,"NdSY9bqqrDaegq6m/Ns4QA=="
"2026-09-17T08:31:43.8340Z",moneybolt,playSWEEPSWinZone,ps,web,gold,regular,"3000.0","0.0",lose,"XnmfJZru4olJSFSBCe6TiQ=="
"2026-09-17T08:31:28.8391Z",moneybolt,playSWEEPSWinZone,ps,web,gold,regular,"3000.0","0.0",lose,"Yno9vLT9zlC7FXrr+V6EYA=="
"2026-09-17T08:31:25.9846Z",moneybolt,playSWEEPSWinZone,ps,web,gold,regular,"3000.0","0.0",lose,"aHk2CNtroAaDCxeH0smghQ=="
"2026-09-17T08:27:25.6196Z",moneybolt,playSWEEPSWinZone,ps,web,gold,regular,"3000.0","0.0",lose,"sk0YlY68oz8Z3vFiEmuvzQ=="
"2026-09-17T08:27:22.7778Z",moneybolt,playSWEEPSWinZone,ps,web,gold,regular,"3000.0","0.0",lose,"rpAEeBR85CmpXnJcAdHieQ=="
"2026-09-17T08:27:19.7882Z",moneybolt,playSWEEPSWinZone,ps,web,gold,regular,"3000.0","0.0",lose,"vIaM6StvUf6pXdebUAJkfA=="
"2026-09-17T08:27:10.2485Z",moneybolt,playSWEEPSWinZone,ps,web,gold,regular,"3000.0","0.0",lose,"ArrC/eh4gXs9/yThUtcxVQ=="
"2026-09-17T08:26:58.6847Z",moneybolt,playSWEEPSWinZone,ps,web,gold,regular,"3000.0","0.0",lose,"0ylNFyyAImxftZ0ZG2mvCA=="
"2026-09-17T08:26:49.7246Z",moneybolt,playSWEEPSWinZone,ps,web,gold,regular,"3000.0","0.0",lose,"d3d4AM+p4WDBk/OSzWxuig=="
"2026-09-17T08:26:46.5613Z",moneybolt,playSWEEPSWinZone,ps,web,gold,regular,"3000.0","0.0",lose,"FlOLuMCNy1/ehUEFA2pYiA=="
"2026-09-17T08:26:40.2939Z",moneybolt,playSWEEPSWinZone,ps,web,gold,regular,"3000.0","0.0",lose,"O588ZX8iLwF3moNYaNdtDA=="
"2026-09-17T08:26:36.9772Z",moneybolt,playSWEEPSWinZone,ps,web,gold,regular,"3000.0","0.0",lose,"GTNIGM6AJimypYSAdPnWwg=="
"2026-09-17T08:26:30.9203Z",moneybolt,playSWEEPSWinZone,ps,web,gold,regular,"3000.0","0.0",lose,"joo3yBL01j21M6aiUCXvww=="
"2026-09-17T08:26:07.5259Z",moneybolt,playSWEEPSWinZone,ps,web,gold,regular,"3000.0","0.0",lose,"4pbdGZ8QVqtZCGosmkQylg=="
"2026-09-17T08:26:04.0518Z",moneybolt,playSWEEPSWinZone,ps,web,gold,regular,"3000.0","0.0",lose,"LsH/jEK3FD1luLEQvSzA2g=="
"2026-09-17T08:25:32.7425Z",moneybolt,playSWEEPSWinZone,ps,web,gold,regular,"3000.0","600.0",win,"kwYtFDaqmh9dLybNqrH4Eg=="
"2026-09-17T08:25:26.3821Z",moneybolt,playSWEEPSWinZone,ps,web,gold,regular,"3000.0","0.0",lose,"n/WeQoKyPE8MehVq9JZv2w=="
"2026-09-17T07:46:39.6888Z",moneybolt,playSWEEPSWinZone,ps,web,gold,regular,"3000.0","0.0",lose,"9lyFRAjx6z4WEFQn10aAkg=="
"2026-09-17T07:46:34.5692Z",moneybolt,playSWEEPSWinZone,ps,web,gold,regular,"3000.0","300.0",win,"5uElvsfoPz8gsT3JhcUP1A=="
"2026-09-17T07:46:31.7096Z",moneybolt,playSWEEPSWinZone,ps,web,gold,regular,"3000.0","0.0",lose,"MwYLRSRtf3Arw/ti9fAn2A=="
"2026-09-17T07:46:28.6155Z",moneybolt,playSWEEPSWinZone,ps,web,gold,regular,"3000.0","0.0",lose,"NWxAjnnF/btM+gDf1OTk4g=="
"2026-09-17T07:46:25.6828Z",moneybolt,playSWEEPSWinZone,ps,web,gold,regular,"3000.0","0.0",lose,"PaxHdk+w+ecdXGAh3lO15A=="
"2026-09-17T07:42:44.5545Z",moneybolt,playSWEEPSWinZone,ps,web,gold,regular,"3000.0","6000.0",win,"RK3tPmym8e+VKOKtdEIPzw=="
"2026-09-17T07:42:41.6920Z",moneybolt,playSWEEPSWinZone,ps,web,gold,regular,"3000.0","0.0",lose,"9eZzsts6RyUwYQcJVSDYbw=="
"2026-09-17T07:42:38.6441Z",moneybolt,playSWEEPSWinZone,ps,web,gold,regular,"3000.0","0.0",lose,"qR0+GynLmhbpl58fsP63nA=="
"2026-09-17T07:42:35.8865Z",moneybolt,playSWEEPSWinZone,ps,web,gold,regular,"3000.0","0.0",lose,"9ZcbuAGZ0OpJReAMm8L5LA=="
"2026-09-17T07:42:33.0224Z",moneybolt,playSWEEPSWinZone,ps,web,gold,regular,"3000.0","0.0",lose,"9Qju2gAsSfyc/2npQyb9+Q=="
"2026-09-17T07:42:27.4979Z",moneybolt,playSWEEPSWinZone,ps,web,gold,regular,"3000.0","0.0",lose,"U/lPBTPKdIkn0elZif/2ng=="
"2026-09-17T07:42:15.8160Z",moneybolt,playSWEEPSWinZone,ps,web,gold,regular,"3000.0","0.0",lose,"xa9TZDEDul2ptfiZbr35UQ=="
"2026-09-17T07:42:12.6541Z",moneybolt,playSWEEPSWinZone,ps,web,gold,regular,"3000.0","0.0",lose,"LJlwUipJYP/AI6gX8LIYhw=="
"2026-09-17T07:42:06.3459Z",moneybolt,playSWEEPSWinZone,ps,web,gold,regular,"3000.0","0.0",lose,"s1gsEkCS9U38lmmks43gTw=="
"2026-09-17T07:41:58.3859Z",moneybolt,playSWEEPSWinZone,ps,web,gold,regular,"3000.0","600.0",win,"jzkGx17MvmmMp2v+h8jCQw=="
"2026-09-17T07:41:49.8575Z",moneybolt,playSWEEPSWinZone,ps,web,gold,regular,"3000.0","0.0",lose,"GqvpZdusugLGLR14AE6T7Q=="
"2026-09-17T07:41:46.7005Z",moneybolt,playSWEEPSWinZone,ps,web,gold,regular,"3000.0","0.0",lose,"xUIF7YLtOJeYAr4rnjSO5Q=="
"2026-09-17T07:41:34.2698Z",moneybolt,playSWEEPSWinZone,ps,web,gold,regular,"3000.0","0.0",lose,"93ixtglKBc3CQOahbJzw9w=="
"2026-09-17T07:41:29.2345Z",moneybolt,playSWEEPSWinZone,ps,web,gold,regular,"3000.0","1800.0",win,"dhRXnlhZfy3ZqamZOrTDQQ=="
"2026-09-17T07:35:00.1654Z",moneybolt,playSWEEPSWinZone,ps,web,gold,regular,"3000.0","2100.0",win,"+b0uFnQ7DWGAABlfjde55Q=="
"2026-09-17T07:34:57.1285Z",moneybolt,playSWEEPSWinZone,ps,web,gold,regular,"3000.0","0.0",lose,"yUUQGZbBw/dTiwnjRWAFbQ=="
"2026-09-17T07:34:54.2627Z",moneybolt,playSWEEPSWinZone,ps,web,gold,regular,"3000.0","0.0",lose,"kCLGQzibN8g8vTgylTVbrA=="
"2026-09-17T07:34:44.9388Z",moneybolt,playSWEEPSWinZone,ps,web,gold,regular,"3000.0","0.0",lose,"OrZ9kalRErQMtE5jmkVKHw=="
"2026-09-17T07:34:42.0335Z",moneybolt,playSWEEPSWinZone,ps,web,gold,regular,"3000.0","0.0",lose,"sS1R46uUi3IlLHpCKPkj1Q=="
"2026-09-17T07:34:39.2185Z",moneybolt,playSWEEPSWinZone,ps,web,gold,regular,"3000.0","0.0",lose,"30ppPfN3Ul7uHMN2Qz+53g=="
"2026-09-17T07:34:36.2917Z",moneybolt,playSWEEPSWinZone,ps,web,gold,regular,"3000.0","0.0",lose,"Q6vafocv4O1IwKY5UvTQug=="
"2026-09-17T07:34:18.5968Z",moneybolt,playSWEEPSWinZone,ps,web,gold,regular,"3000.0","7500.0",win,"Jco2DslztjvUxNA3AQQ7Mg=="
"2026-09-17T07:22:08.0459Z",moneybolt,playSWEEPSWinZone,ps,web,gold,regular,"3000.0","0.0",lose,"kFldGC9lKupLop1eXRusTQ=="
"2026-09-17T07:22:05.0783Z",moneybolt,playSWEEPSWinZone,ps,web,gold,regular,"3000.0","0.0",lose,"DhJXrgdCTZivbA+q5Z4S+Q=="
"2026-09-17T07:22:02.1769Z",moneybolt,playSWEEPSWinZone,ps,web,gold,regular,"3000.0","0.0",lose,"djxIkO1qH6sNJXNVcJVlQw=="
"2026-09-17T07:21:51.0527Z",moneybolt,playSWEEPSWinZone,ps,web,gold,regular,"3000.0","0.0",lose,"S/xJApY+9M8CpFogJnwyCA=="
"2026-09-17T07:21:35.0772Z",moneybolt,playSWEEPSWinZone,ps,web,gold,regular,"3000.0","0.0",lose,"i/5k/7AmGrZsoAsvdNMQpg=="
"2026-09-17T07:20:08.1913Z",moneybolt,playSWEEPSWinZone,ps,web,gold,regular,"3000.0","0.0",lose,"4bE3fp6y52WGFqSORg4WEA=="
"2026-09-17T07:20:04.7493Z",moneybolt,playSWEEPSWinZone,ps,web,gold,regular,"3000.0","0.0",lose,"2PKYV/RBRNSFFRtmb0GS/Q=="
"2026-09-17T07:19:58.3283Z",moneybolt,playSWEEPSWinZone,ps,web,gold,regular,"3000.0","900.0",win,"uGO35jfuwydTwaEtH9CeTw=="
"2026-09-17T06:40:58.4821Z",moneybolt,playSWEEPSWinZone,ps,web,gold,regular,"3000.0","0.0",lose,"oemCPjYL/tVLr9vgeT/Bnw=="
"2026-09-17T06:40:46.7882Z",moneybolt,playSWEEPSWinZone,ps,web,gold,regular,"3000.0","0.0",lose,"4jg0Y5QxrRGsyXzjXbtNgw=="
"2026-09-17T06:40:22.6955Z",moneybolt,playSWEEPSWinZone,ps,web,gold,regular,"3000.0","3600.0",win,"QruHpV0red/th/OlOo+x+Q=="
"2026-09-17T06:40:13.9807Z",moneybolt,playSWEEPSWinZone,ps,web,gold,regular,"3000.0","9600.0",win,"3wBbfdgA79Z6aYwEDQxMRw=="
"2026-09-17T06:40:05.7740Z",moneybolt,playSWEEPSWinZone,ps,web,gold,regular,"3000.0","0.0",lose,"zlT0eld/hUfcnAwlQWBIzg=="
"2026-09-17T06:33:34.7968Z",moneybolt,playSWEEPSWinZone,ps,web,gold,regular,"3000.0","0.0",lose,"AiAj2STjlMIzCNRz8s8QEw=="
"2026-09-17T06:33:31.8704Z",moneybolt,playSWEEPSWinZone,ps,web,gold,regular,"3000.0","0.0",lose,"Dpm4qFCbSWVpevijGhNwdA=="
"2026-09-17T06:33:15.9520Z",moneybolt,playSWEEPSWinZone,ps,web,gold,regular,"3000.0","0.0",lose,"Nm6kHN3cd7O9iC5svNLRqA=="
"2026-09-17T06:33:10.7266Z",moneybolt,playSWEEPSWinZone,ps,web,gold,regular,"3000.0","600.0",win,"+9qmuabNwJZiKObU+2eOmw=="
"2026-09-17T06:33:07.9598Z",moneybolt,playSWEEPSWinZone,ps,web,gold,regular,"3000.0","0.0",lose,"q4Tso8HpUJtxwpiBY7kbag=="
"2026-09-17T06:30:54.1530Z",moneybolt,playSWEEPSWinZone,ps,web,gold,regular,"3000.0","0.0",lose,"tCuqndGKq15eADh9xFJodw=="
"2026-09-17T06:30:47.5137Z",moneybolt,playSWEEPSWinZone,ps,web,gold,regular,"3000.0","0.0",lose,"4ugG02pKNQpKtgyuwmCPmA=="
"2026-09-17T06:30:44.4167Z",moneybolt,playSWEEPSWinZone,ps,web,gold,regular,"3000.0","0.0",lose,"r2uUWGPvAipW2hyvSEYZrw=="
"2026-09-17T06:30:38.7494Z",moneybolt,playSWEEPSWinZone,ps,web,gold,regular,"3000.0","0.0",lose,"TlTZ5YF1XE5vIUgHgWBy8A=="
"2026-09-17T06:30:29.6577Z",moneybolt,playSWEEPSWinZone,ps,web,gold,regular,"3000.0","600.0",win,"VialYzRs+aSiIDGZ58DVtg=="
"2026-09-17T06:30:26.7230Z",moneybolt,playSWEEPSWinZone,ps,web,gold,regular,"3000.0","0.0",lose,"/Mz8vpvKkl7YesRIBMfnCA=="
"2026-09-17T06:30:20.6619Z",moneybolt,playSWEEPSWinZone,ps,web,gold,regular,"3000.0","0.0",lose,"LAaPTuJLd1a4n7GfakKAcA=="
"2026-09-17T06:30:06.7783Z",moneybolt,playSWEEPSWinZone,ps,web,gold,regular,"3000.0","0.0",lose,"ZJbwsa/SmWGaFvFdg8ZqJA=="
"2026-09-17T06:30:01.9841Z",moneybolt,playSWEEPSWinZone,ps,web,gold,regular,"3000.0","0.0",lose,"BB50EB+Z5bCSg0+io56F/w=="
"2026-09-17T06:27:44.3725Z",moneybolt,playSWEEPSWinZone,ps,web,gold,regular,"3000.0","4500.0",win,"1whTTqyqYS5RQKu9Y8GunQ=="
"2026-09-17T06:27:41.5138Z",moneybolt,playSWEEPSWinZone,ps,web,gold,regular,"3000.0","0.0",lose,"/bLz+EYigb916EwFYYDQVg=="
"2026-09-17T06:27:12.7778Z",moneybolt,playSWEEPSWinZone,ps,web,gold,regular,"3000.0","0.0",lose,"ocz6gVDjMBY0E1NW4qcBdg=="
"2026-09-17T06:27:09.6797Z",moneybolt,playSWEEPSWinZone,ps,web,gold,regular,"3000.0","0.0",lose,"rLQYyx7Ub/Aaci2oUHSHtg=="
"2026-09-17T06:27:06.5744Z",moneybolt,playSWEEPSWinZone,ps,web,gold,regular,"3000.0","0.0",lose,"MuuuRsIjf0X7ZOEvCH5ABQ=="
"2026-09-17T06:27:03.4090Z",moneybolt,playSWEEPSWinZone,ps,web,gold,regular,"3000.0","0.0",lose,"Z18ejngwppfTqjssraZAVg=="
"2026-09-17T06:17:46.8234Z",moneybolt,playSWEEPSWinZone,ps,web,gold,regular,"3000.0","0.0",lose,"4+68lJvAQiOQx6F6VOMd1g=="
"2026-09-17T06:17:40.2958Z",moneybolt,playSWEEPSWinZone,ps,web,gold,regular,"3000.0","0.0",lose,"9unx9PACz97qjcRgP/Xl8g=="
"2026-09-17T06:17:34.2364Z",moneybolt,playSWEEPSWinZone,ps,web,gold,regular,"3000.0","0.0",lose,"Y0VpaWvZNr0Y38B08o1gAA=="
"2026-09-17T06:17:26.1448Z",moneybolt,playSWEEPSWinZone,ps,web,gold,regular,"3000.0","0.0",lose,"kz6UlQ2oGIzP1W/Py8nr3Q=="
"2026-09-17T06:17:23.0829Z",moneybolt,playSWEEPSWinZone,ps,web,gold,regular,"3000.0","0.0",lose,"jE/yx0TZMzvnbC5yjL56wQ=="
"2026-09-17T06:17:17.2726Z",moneybolt,playSWEEPSWinZone,ps,web,gold,regular,"3000.0","0.0",lose,"0aiZ6PMOt3Bz4OIJXNFACQ=="
"2026-09-17T06:17:14.0942Z",moneybolt,playSWEEPSWinZone,ps,web,gold,regular,"3000.0","0.0",lose,"idRbb5zIZBR4XWDX9Znc6Q=="
"2026-09-17T06:17:08.3014Z",moneybolt,playSWEEPSWinZone,ps,web,gold,regular,"3000.0","0.0",lose,"LKx05E1ckNZ+G3aRcTn32w=="
"2026-09-17T06:17:05.3990Z",moneybolt,playSWEEPSWinZone,ps,web,gold,regular,"3000.0","0.0",lose,"SP8ElmNTs8T0H5zXnoAT0A=="
"2026-09-17T06:16:59.4490Z",moneybolt,playSWEEPSWinZone,ps,web,gold,regular,"3000.0","0.0",lose,"mchS3909Hc5QWnAZuid++g=="
"2026-09-17T06:16:56.4067Z",moneybolt,playSWEEPSWinZone,ps,web,gold,regular,"3000.0","0.0",lose,"/mfw5xLQ9L425aqA9w0eSg=="
"2026-09-17T06:16:53.5430Z",moneybolt,playSWEEPSWinZone,ps,web,gold,regular,"3000.0","0.0",lose,"k52ooS9AaSNlHyPsjq/9UQ=="
"2026-09-17T06:16:50.6694Z",moneybolt,playSWEEPSWinZone,ps,web,gold,regular,"3000.0","0.0",lose,"2VoxS1NGmnh/J9SUxh/KNg=="
"2026-09-17T06:16:39.5286Z",moneybolt,playSWEEPSWinZone,ps,web,gold,regular,"3000.0","0.0",lose,"cQrrpjfEBpIuDmLAA7L8ZA=="
"2026-09-17T06:16:34.3507Z",moneybolt,playSWEEPSWinZone,ps,web,gold,regular,"3000.0","900.0",win,"CuANT9or6q/Mm7DgyAtPaA=="
"2026-09-17T06:16:29.0430Z",moneybolt,playSWEEPSWinZone,ps,web,gold,regular,"3000.0","300.0",win,"unLt1MIQmCaJAxSvG1wGfg=="
"2026-09-17T06:16:26.1670Z",moneybolt,playSWEEPSWinZone,ps,web,gold,regular,"3000.0","0.0",lose,"1dvqyKzDYQMinhbUucx6og=="
"2026-09-17T06:16:23.1915Z",moneybolt,playSWEEPSWinZone,ps,web,gold,regular,"3000.0","0.0",lose,"TTXDc29omRwC8j8b8/vhfA=="
"2026-09-17T06:16:20.2662Z",moneybolt,playSWEEPSWinZone,ps,web,gold,regular,"3000.0","0.0",lose,"/Y1Wkl5RU3R2Lr930UbsJA=="
"2026-09-17T06:16:17.3462Z",moneybolt,playSWEEPSWinZone,ps,web,gold,regular,"3000.0","0.0",lose,"E0K+2Zbv86nXHFuRtaEfsw=="
"2026-09-17T06:16:08.9614Z",moneybolt,playSWEEPSWinZone,ps,web,gold,regular,"3000.0","0.0",lose,"Ox7k0jcy+xbsLLCpCnQpRg=="
"2026-09-17T06:16:05.9934Z",moneybolt,playSWEEPSWinZone,ps,web,gold,regular,"3000.0","0.0",lose,"mNOR3Yycr1onWs/JviFlug=="
"2026-09-17T06:16:00.1487Z",moneybolt,playSWEEPSWinZone,ps,web,gold,regular,"3000.0","0.0",lose,"YyVeel0+qGp0ISybHtMIGA=="
"2026-09-17T06:07:52.1800Z",moneybolt,playSWEEPSWinZone,ps,web,gold,regular,"3000.0","2700.0",win,"mQnwej4dbEDBeXSs5ouJkw=="
"2026-09-17T06:07:46.8196Z",moneybolt,playSWEEPSWinZone,ps,web,gold,regular,"3000.0","300.0",win,"K986nyS9KsYV2LXP7uWvyA=="
"2026-09-17T06:07:43.7567Z",moneybolt,playSWEEPSWinZone,ps,web,gold,regular,"3000.0","0.0",lose,"FrzfAaDpSG9MPOHFwfYaTg=="
"2026-09-17T06:07:32.6151Z",moneybolt,playSWEEPSWinZone,ps,web,gold,regular,"3000.0","0.0",lose,"rzooXHdP66cGEXQ/7reVEA=="
"2026-09-17T06:07:28.8657Z",moneybolt,playSWEEPSWinZone,ps,web,gold,regular,"3000.0","0.0",lose,"mOylRXt6y7J6YphMV2gmNA=="
"2026-09-17T06:07:25.6095Z",moneybolt,playSWEEPSWinZone,ps,web,gold,regular,"3000.0","0.0",lose,"BPN0mnUy9GWNnoglpUfe6A=="
"2026-09-17T06:07:07.7259Z",moneybolt,playSWEEPSWinZone,ps,web,gold,regular,"3000.0","600.0",win,"pxqm3ROIRKuUAM7N0OSXbg=="
"2026-09-17T06:07:01.5754Z",moneybolt,playSWEEPSWinZone,ps,web,gold,regular,"3000.0","0.0",lose,"kKaQF1y9XRzLxbFpZ7bMQw=="
"2026-09-17T06:06:58.4813Z",moneybolt,playSWEEPSWinZone,ps,web,gold,regular,"3000.0","0.0",lose,"ansfHSpL2YMIX6DGEs9FKQ=="
"2026-09-17T06:07:38.5825Z",moneybolt,playSWEEPSWinZone,ps,web,gold,regular,"3000.0","600.0",win,"0mqflilBcTH8J6hmWImLvQ=="
"2026-09-17T06:07:35.6234Z",moneybolt,playSWEEPSWinZone,ps,web,gold,regular,"3000.0","0.0",lose,"V/oTILBn/mZQZuW5DcFIiA=="
"2026-09-17T06:07:22.4585Z",moneybolt,playSWEEPSWinZone,ps,web,gold,regular,"3000.0","0.0",lose,"1bVWLYSzdAeMGimitmOvjQ=="
"2026-09-17T06:07:19.0709Z",moneybolt,playSWEEPSWinZone,ps,web,gold,regular,"3000.0","0.0",lose,"oDrkzLNws7Bo/9rN0jKZRA=="
"2026-09-17T06:07:15.8950Z",moneybolt,playSWEEPSWinZone,ps,web,gold,regular,"3000.0","0.0",lose,"OoDH1ZBBrwc+GtBBz58MgA=="
"2026-09-17T06:07:12.6940Z",moneybolt,playSWEEPSWinZone,ps,web,gold,regular,"3000.0","0.0",lose,"iTEW2Yzahd6sYcNEv/LKPA=="
"2026-09-17T06:07:04.7419Z",moneybolt,playSWEEPSWinZone,ps,web,gold,regular,"3000.0","0.0",lose,"KajDkOyYVQqMPrmaI0IWVA=="
"2026-09-17T06:01:52.5619Z",moneybolt,playSWEEPSWinZone,ps,web,gold,regular,"3000.0","0.0",lose,"BVP0bd/aRTrOx56gKOCCPQ=="
"2026-09-17T06:01:37.3657Z",moneybolt,playSWEEPSWinZone,ps,web,gold,regular,"3000.0","0.0",lose,"fQspIbdDlxe2jYcdJ0tm7A=="
"2026-09-17T06:01:34.1875Z",moneybolt,playSWEEPSWinZone,ps,web,gold,regular,"3000.0","0.0",lose,"AYxrzQo1KBg/aRSXa7J2vQ=="
"2026-09-17T06:01:28.7287Z",moneybolt,playSWEEPSWinZone,ps,web,gold,regular,"3000.0","1800.0",win,"moumDQXKXrRecrJp3D6oNg=="
"2026-09-17T05:56:53.8434Z",moneybolt,playSWEEPSWinZone,ps,web,gold,regular,"3000.0","0.0",lose,"YQYGlDtRvcaXsBGMmKm65A=="
"2026-09-17T05:56:33.8289Z",moneybolt,playSWEEPSWinZone,ps,web,gold,"free_spin","0.0","142500.0",win,"FWA13UCe6JyX/1Z4pCAbuA=="
"2026-09-17T05:52:12.3411Z",moneybolt,playSWEEPSWinZone,ps,web,gold,regular,"3000.0","15000.0",win,"leN6DrfI1CkyK10K7mEY7g=="
"2026-09-17T05:52:07.4810Z",moneybolt,playSWEEPSWinZone,ps,web,gold,regular,"3000.0","600.0",win,"6dW1gXN6NFABH7nmFhLg+w=="
"2026-09-17T05:52:04.3178Z",moneybolt,playSWEEPSWinZone,ps,web,gold,regular,"3000.0","0.0",lose,"GBNkoQJSqbWmiiGY7yAaiQ=="
"2026-09-17T05:52:01.3656Z",moneybolt,playSWEEPSWinZone,ps,web,gold,regular,"3000.0","0.0",lose,"15e8/PMam65FH9b/Wvcj6w=="
"2026-09-17T05:51:58.3656Z",moneybolt,playSWEEPSWinZone,ps,web,gold,regular,"3000.0","0.0",lose,"AlYHKVJ5BYZILk8gGNDD6g=="
"2026-09-17T05:51:46.4801Z",moneybolt,playSWEEPSWinZone,ps,web,gold,regular,"3000.0","0.0",lose,"OvSO7RczD6y0MuDH0WOq5g=="
"2026-09-17T05:48:48.0409Z",moneybolt,playSWEEPSWinZone,ps,web,gold,regular,"3000.0","0.0",lose,"GQw7kwnHY86rG8C4cgrM/g=="
"2026-09-17T05:48:42.1443Z",moneybolt,playSWEEPSWinZone,ps,web,gold,regular,"3000.0","0.0",lose,"uDtCKYFScCVSE85JBH2W5g=="
"2026-09-17T05:48:24.4526Z",moneybolt,playSWEEPSWinZone,ps,web,gold,regular,"3000.0","0.0",lose,"dX04ckBrjClB83pQ58OawA=="
"2026-09-17T05:48:17.7794Z",moneybolt,playSWEEPSWinZone,ps,web,gold,regular,"3000.0","0.0",lose,"ehx31hlzR11HGdkLv8rRMw=="
"2026-09-17T05:48:10.6710Z",moneybolt,playSWEEPSWinZone,ps,web,gold,regular,"3000.0","0.0",lose,"XcZ4Wm8G/G1ZtmnrgTrBxA=="
"2026-09-17T05:48:34.1725Z",moneybolt,playSWEEPSWinZone,ps,web,gold,regular,"3000.0","0.0",lose,"jMUwCX5MZLGNYGmwGIVVrg=="
"2026-09-17T05:48:31.0926Z",moneybolt,playSWEEPSWinZone,ps,web,gold,regular,"3000.0","0.0",lose,"cvKcevFUpuZaqa8xoMwvcg=="
"2026-09-17T05:48:27.3797Z",moneybolt,playSWEEPSWinZone,ps,web,gold,regular,"3000.0","0.0",lose,"6et0RskYRFTTmzLrcfh37A=="
"2026-09-17T05:48:20.8481Z",moneybolt,playSWEEPSWinZone,ps,web,gold,regular,"3000.0","0.0",lose,"3YulRO1gJkxyKMJuLO7yyA=="
"2026-09-17T09:17:20.7521Z",moneybolt,playSWEEPSWinZone,ps,web,gold,regular,"3000.0","0.0",lose,"ICYvBTdIYlb79rM57ErsXA=="
"2026-09-17T09:17:17.8854Z",moneybolt,playSWEEPSWinZone,ps,web,gold,regular,"3000.0","0.0",lose,"Vj3o+7/ljAhPnfWhQy1+IQ=="
"2026-09-17T09:17:11.8065Z",moneybolt,playSWEEPSWinZone,ps,web,gold,regular,"3000.0","0.0",lose,"3v559/rPJYKV1I9U1y2UJg=="
"2026-09-17T09:16:49.7076Z",moneybolt,playSWEEPSWinZone,ps,web,gold,regular,"3000.0","0.0",lose,"X69rwp32q/wOUjYPydVmLg=="
"2026-09-17T09:12:47.3472Z",moneybolt,playSWEEPSWinZone,ps,web,gold,regular,"3000.0","0.0",lose,"GD5BfWIMF4jd9FB1FKV0tg=="
"2026-09-17T09:11:37.1517Z",moneybolt,playSWEEPSWinZone,ps,web,gold,regular,"3000.0","300.0",win,"oF0QXVtPhmFsllJ4egldFA=="
"2026-09-17T09:11:34.2366Z",moneybolt,playSWEEPSWinZone,ps,web,gold,regular,"3000.0","0.0",lose,"qIKe7eh8KFgfX7WAD+QHkA=="
"2026-09-17T09:11:30.6892Z",moneybolt,playSWEEPSWinZone,ps,web,gold,regular,"3000.0","0.0",lose,"8iM1YqNBDXj+6/L/dHLNcw=="
"2026-09-17T09:11:27.7377Z",moneybolt,playSWEEPSWinZone,ps,web,gold,regular,"3000.0","0.0",lose,"OnZIQlD7/xwCBr70hFa4Ew=="
"2026-09-17T09:11:21.4761Z",moneybolt,playSWEEPSWinZone,ps,web,gold,regular,"3000.0","0.0",lose,"Zs2dtv0B+M0e50Eat5EBAQ=="
"2026-09-17T09:11:09.4564Z",moneybolt,playSWEEPSWinZone,ps,web,gold,regular,"3000.0","0.0",lose,"dvrn1gbIhAvtBok2L3sodw=="
"2026-09-17T09:11:05.7743Z",moneybolt,playSWEEPSWinZone,ps,web,gold,regular,"3000.0","0.0",lose,"TjUXXR+5zB+d2w1cCjGpUA=="
"2026-09-17T09:11:02.8875Z",moneybolt,playSWEEPSWinZone,ps,web,gold,regular,"3000.0","0.0",lose,"yWjyPwwFgWN4/NLpryegdw=="
"2026-09-17T09:10:54.4055Z",moneybolt,playSWEEPSWinZone,ps,web,gold,regular,"3000.0","0.0",lose,"ZDXItOOuvoxoIBaIqL3Kcg=="
"2026-09-17T09:10:50.7816Z",moneybolt,playSWEEPSWinZone,ps,web,gold,regular,"3000.0","0.0",lose,"w7PJemjQQ4dgDG2aZZPczw=="
"2026-09-17T09:11:45.5712Z",moneybolt,playSWEEPSWinZone,ps,web,gold,regular,"3000.0","0.0",lose,"BtTn/y9Sug+3XaPhENpJww=="
"2026-09-17T09:11:42.4832Z",moneybolt,playSWEEPSWinZone,ps,web,gold,regular,"3000.0","0.0",lose,"2/3uf62SNz9f9dMGN43oxg=="
"2026-09-17T09:11:24.6519Z",moneybolt,playSWEEPSWinZone,ps,web,gold,regular,"3000.0","0.0",lose,"gV9pXdIowShsdOXSLAivLg=="
"2026-09-17T09:11:18.3425Z",moneybolt,playSWEEPSWinZone,ps,web,gold,regular,"3000.0","0.0",lose,"PZSVX5Kmnq2gBHD6Yj/CYw=="
"2026-09-17T09:11:12.5292Z",moneybolt,playSWEEPSWinZone,ps,web,gold,regular,"3000.0","1500.0",win,"GgVNmiw8XIKYgsdfBc8G2A=="
"2026-09-17T09:10:57.5597Z",moneybolt,playSWEEPSWinZone,ps,web,gold,regular,"3000.0","600.0",win,"n32TCPzMA1XDAQhbM3bPDg=="
"2026-09-17T09:08:43.2312Z",moneybolt,playSWEEPSWinZone,ps,web,gold,regular,"3000.0","0.0",lose,"r8orSDYSBUyYD3lRZBJw4w=="
"2026-09-17T09:08:40.1906Z",moneybolt,playSWEEPSWinZone,ps,web,gold,regular,"3000.0","0.0",lose,"f5c97yOw41OgYSoRwxB8Kw=="
"2026-09-17T09:08:37.0985Z",moneybolt,playSWEEPSWinZone,ps,web,gold,regular,"3000.0","0.0",lose,"XtX3IP893DAznd3bNKIkBQ=="
"2026-09-17T09:08:33.8089Z",moneybolt,playSWEEPSWinZone,ps,web,gold,regular,"3000.0","0.0",lose,"k+qkfa6bZjPA9qISO0zzyA=="
"2026-09-17T09:08:30.7578Z",moneybolt,playSWEEPSWinZone,ps,web,gold,regular,"3000.0","0.0",lose,"4gM+pgTkXdzIDAkqEUjCsA=="
"2026-09-17T09:08:19.5730Z",moneybolt,playSWEEPSWinZone,ps,web,gold,regular,"3000.0","300.0",win,"H6p6IZzbkEnwLo+tMRnreQ=="
"2026-09-17T09:08:16.0168Z",moneybolt,playSWEEPSWinZone,ps,web,gold,regular,"3000.0","0.0",lose,"4wsA37oNjzi8L24aEg4/lw=="
"2026-09-17T09:08:10.7719Z",moneybolt,playSWEEPSWinZone,ps,web,gold,regular,"3000.0","4500.0",win,"ek96jJBf6f38Trn0aKzbnw=="
"2026-09-17T09:08:07.6613Z",moneybolt,playSWEEPSWinZone,ps,web,gold,regular,"3000.0","0.0",lose,"xCIngSzAZo10gVbpA+vDTQ=="
"2026-09-17T09:04:12.6498Z",moneybolt,playSWEEPSWinZone,ps,web,gold,regular,"3000.0","900.0",win,"Viyg7C7yCxk9jqLJW2dDpg=="
"2026-09-17T09:04:06.4691Z",moneybolt,playSWEEPSWinZone,ps,web,gold,regular,"3000.0","0.0",lose,"jjAhnW/ZWU5fLlrvKMHfnQ=="
"2026-09-17T09:03:58.5588Z",moneybolt,playSWEEPSWinZone,ps,web,gold,regular,"3000.0","0.0",lose,"GCqXdNO+iX1U0jPlmwGWfQ=="
"2026-09-17T09:03:50.5674Z",moneybolt,playSWEEPSWinZone,ps,web,gold,regular,"3000.0","0.0",lose,"DArHKhjB7GUuISveTMhMfg=="
"2026-09-17T09:00:44.4692Z",moneybolt,playSWEEPSWinZone,ps,web,gold,regular,"3000.0","0.0",lose,"BswemwtL1ikO9qI1pYLLFA=="
"2026-09-17T09:00:39.0983Z",moneybolt,playSWEEPSWinZone,ps,web,gold,regular,"3000.0","900.0",win,"vVtDSeEf4UY8lSs4ucowyQ=="
"2026-09-17T09:00:32.6119Z",moneybolt,playSWEEPSWinZone,ps,web,gold,regular,"3000.0","0.0",lose,"8fC6iatMAHzNPwLzO30gmA=="
"2026-09-17T09:00:06.9383Z",moneybolt,playSWEEPSWinZone,ps,web,gold,"free_spin","0.0","112500.0",win,"x5FvuIC/b4FxT0FJFOFMGQ=="
"2026-09-17T08:57:38.9951Z",moneybolt,playSWEEPSWinZone,ps,web,gold,regular,"3000.0","0.0",lose,"csheRyudjtExmA6WfooSJQ=="
"2026-09-17T08:57:36.1668Z",moneybolt,playSWEEPSWinZone,ps,web,gold,regular,"3000.0","0.0",lose,"UY6rrXrR7RTm2gJD4iZmfg=="
"2026-09-17T08:57:33.1393Z",moneybolt,playSWEEPSWinZone,ps,web,gold,regular,"3000.0","0.0",lose,"khOjlmIElGSR4hxF9TqMsg=="
"2026-09-17T08:57:19.1164Z",moneybolt,playSWEEPSWinZone,ps,web,gold,regular,"3000.0","0.0",lose,"S7HE/T9RwijqTqMVhcvU5Q=="
"2026-09-17T08:57:12.8996Z",moneybolt,playSWEEPSWinZone,ps,web,gold,regular,"3000.0","0.0",lose,"lcRLoIVIT/ZXAb6kqvPKiA=="
"2026-09-17T08:56:50.0845Z",moneybolt,playSWEEPSWinZone,ps,web,gold,regular,"3000.0","300.0",win,"EhtqiECu/jPpYh+AeDc8WA=="
"2026-09-17T08:57:01.5176Z",moneybolt,playSWEEPSWinZone,ps,web,gold,regular,"3000.0","0.0",lose,"gV8jOBzmJb8iNuXZRqB9ZA=="
"2026-09-17T08:56:58.6448Z",moneybolt,playSWEEPSWinZone,ps,web,gold,regular,"3000.0","0.0",lose,"jYkjAUPQlaz1Xbt3VtrJFA=="
"2026-09-17T08:56:55.8476Z",moneybolt,playSWEEPSWinZone,ps,web,gold,regular,"3000.0","0.0",lose,"m0sUCPRfSR3zSgnx4f/nng=="
"2026-09-17T08:56:46.4701Z",moneybolt,playSWEEPSWinZone,ps,web,gold,regular,"3000.0","0.0",lose,"rCTdUpAytHqyQskSEq1XEQ=="
"2026-09-17T08:55:10.6785Z",moneybolt,playSWEEPSWinZone,ps,web,gold,regular,"3000.0","0.0",lose,"llQTT/MMjt4e9q6Dh4RhUQ=="
"2026-09-17T08:54:57.1237Z",moneybolt,playSWEEPSWinZone,ps,web,gold,regular,"3000.0","0.0",lose,"Uq0fJwg2/3kTs2xJUCZt/g=="
"2026-09-17T08:54:54.1685Z",moneybolt,playSWEEPSWinZone,ps,web,gold,regular,"3000.0","0.0",lose,"cUJhMwxYvRnheXdpn2ss4w=="
"2026-09-17T08:54:51.2503Z",moneybolt,playSWEEPSWinZone,ps,web,gold,regular,"3000.0","0.0",lose,"K7554s/xrwnl7hbxCScmJQ=="
"2026-09-17T08:54:48.0712Z",moneybolt,playSWEEPSWinZone,ps,web,gold,regular,"3000.0","0.0",lose,"89u5WvWgywj5QIvddbuYow=="
"2026-09-17T08:46:56.4805Z",moneybolt,playSWEEPSWinZone,ps,web,gold,regular,"3000.0","0.0",lose,"7gLO3BFY/mxRd5MnOLPdWg=="
"2026-09-17T08:46:53.6013Z",moneybolt,playSWEEPSWinZone,ps,web,gold,regular,"3000.0","0.0",lose,"Ijp+7rRJlyyn8v3j9CvJ2A=="
"2026-09-17T08:46:50.7664Z",moneybolt,playSWEEPSWinZone,ps,web,gold,regular,"3000.0","0.0",lose,"cynxBj3Vif6KFXWd0zgTJQ=="
"2026-09-17T08:46:46.9590Z",moneybolt,playSWEEPSWinZone,ps,web,gold,regular,"3000.0","0.0",lose,"oUb1dIkUXLbyJQhaFznq7Q=="
"2026-09-17T08:46:43.6379Z",moneybolt,playSWEEPSWinZone,ps,web,gold,regular,"3000.0","0.0",lose,"cnYqhC7mm7FnJ2aPbUzsEA=="
"2026-09-17T08:46:31.4260Z",moneybolt,playSWEEPSWinZone,ps,web,gold,regular,"3000.0","0.0",lose,"EfMmth18pFDNDdzjXQEDNQ=="
"2026-09-17T08:46:25.2270Z",moneybolt,playSWEEPSWinZone,ps,web,gold,regular,"3000.0","0.0",lose,"YJ7elMUU03dWRZi78uhaAA=="
"2026-09-17T08:44:26.9183Z",moneybolt,playSWEEPSWinZone,ps,web,gold,regular,"3000.0","1500.0",win,"gvYGKC6TnpAWs+C+y9VLHw=="
"2026-09-17T08:44:20.8839Z",moneybolt,playSWEEPSWinZone,ps,web,gold,regular,"3000.0","0.0",lose,"OKRIiZzT7E6mtp4uMxKdXg=="
"2026-09-17T08:44:14.9473Z",moneybolt,playSWEEPSWinZone,ps,web,gold,regular,"3000.0","0.0",lose,"Jdkr9XBQYUIpO7XaCH0POw=="
"2026-09-17T08:44:12.0690Z",moneybolt,playSWEEPSWinZone,ps,web,gold,regular,"3000.0","0.0",lose,"RLQOY+Ej+bdpt8AQ7SM8tQ=="
"2026-09-17T08:43:47.8596Z",moneybolt,playSWEEPSWinZone,ps,web,gold,regular,"3000.0","3000.0",win,"ISDTFgTVV8ehtZ2wWoVMWQ=="
"2026-09-17T08:43:36.8083Z",moneybolt,playSWEEPSWinZone,ps,web,gold,regular,"3000.0","900.0",win,"DP3BMsih86ck7H4bHO2L2g=="
"2026-09-17T08:43:33.7252Z",moneybolt,playSWEEPSWinZone,ps,web,gold,regular,"3000.0","0.0",lose,"0Z7YNCwK9FCUkJKuRKp84A=="
"2026-09-17T08:41:31.0289Z",moneybolt,playSWEEPSWinZone,ps,web,gold,regular,"3000.0","0.0",lose,"8/JR9hylv2XgiHhH3beBTQ=="
"2026-09-17T08:41:13.8660Z",moneybolt,playSWEEPSWinZone,ps,web,gold,regular,"3000.0","0.0",lose,"4auMp0st1+KMEUTW88tGRA=="
"2026-09-17T08:41:10.9355Z",moneybolt,playSWEEPSWinZone,ps,web,gold,regular,"3000.0","0.0",lose,"cVLk/144o2A1VzpJkUObGA=="
"2026-09-17T08:41:07.9451Z",moneybolt,playSWEEPSWinZone,ps,web,gold,regular,"3000.0","0.0",lose,"bzEi2y7ZQnPZAgzNO5hCHg=="
"2026-09-17T08:41:04.8130Z",moneybolt,playSWEEPSWinZone,ps,web,gold,regular,"3000.0","0.0",lose,"FYTJgseGapguk7V/p8fhwA=="
"2026-09-17T08:41:01.5194Z",moneybolt,playSWEEPSWinZone,ps,web,gold,regular,"3000.0","0.0",lose,"SUcfoWYBwPPlflR7TPCMNg=="
"2026-09-17T08:40:58.5178Z",moneybolt,playSWEEPSWinZone,ps,web,gold,regular,"3000.0","0.0",lose,"04ej4n1Ayxd5RI5Jlvfdcg=="
"2026-09-17T08:40:55.5227Z",moneybolt,playSWEEPSWinZone,ps,web,gold,regular,"3000.0","0.0",lose,"LQiR9tX5zgOVSEuWyCNBtQ=="
"2026-09-17T08:40:36.0103Z",moneybolt,playSWEEPSWinZone,ps,web,gold,regular,"3000.0","0.0",lose,"UYHl9sULAbrkjSc2pUWqoA=="
"2026-09-17T08:40:26.9291Z",moneybolt,playSWEEPSWinZone,ps,web,gold,regular,"3000.0","300.0",win,"zajkr9rjAXRq3/JS50Duwg=="
"2026-09-17T08:40:23.7780Z",moneybolt,playSWEEPSWinZone,ps,web,gold,regular,"3000.0","0.0",lose,"OK7VEwSnfwE9MWmjfdFcAg=="
"2026-09-17T08:40:05.2097Z",moneybolt,playSWEEPSWinZone,ps,web,gold,regular,"3000.0","300.0",win,"7as8HdeIdCECwsoAgIhcjw=="
"2026-09-17T08:39:58.5882Z",moneybolt,playSWEEPSWinZone,ps,web,gold,regular,"3000.0","900.0",win,"ONqMAEZoM4y8W3W9ddh7PA=="
"2026-09-17T08:39:55.7185Z",moneybolt,playSWEEPSWinZone,ps,web,gold,regular,"3000.0","0.0",lose,"0EfI547Ru0g26ZHmzkLx2w=="
"2026-09-17T08:39:49.7870Z",moneybolt,playSWEEPSWinZone,ps,web,gold,regular,"3000.0","0.0",lose,"qjooHldok52WR7VD7xWznQ=="
"2026-09-17T08:39:40.0642Z",moneybolt,playSWEEPSWinZone,ps,web,gold,regular,"3000.0","0.0",lose,"4HZEAxy7fI+sPnK0dafcPQ=="
"2026-09-17T08:33:07.9798Z",moneybolt,playSWEEPSWinZone,ps,web,gold,regular,"3000.0","0.0",lose,"7U4UYkf5mdrorlcQOB/YEw=="
"2026-09-17T08:33:05.0194Z",moneybolt,playSWEEPSWinZone,ps,web,gold,regular,"3000.0","0.0",lose,"rNRDkvXnPIXAdHUWdqR6LA=="
"2026-09-17T08:32:59.0306Z",moneybolt,playSWEEPSWinZone,ps,web,gold,regular,"3000.0","0.0",lose,"Bxo7grARuhKH/6byrQuTAA=="
"2026-09-17T08:32:37.2642Z",moneybolt,playSWEEPSWinZone,ps,web,gold,regular,"3000.0","0.0",lose,"vJrGCYT8KMa9hnhLT2umPQ=="
"2026-09-17T08:32:29.2719Z",moneybolt,playSWEEPSWinZone,ps,web,gold,regular,"3000.0","0.0",lose,"EoLFX10kyk14kd6OXKplNg=="
"2026-09-17T08:32:25.7934Z",moneybolt,playSWEEPSWinZone,ps,web,gold,regular,"3000.0","0.0",lose,"uL7rbmq/8U70KK/c2s7FoQ=="
"2026-09-17T08:10:11.2397Z",moneybolt,playSWEEPSWinZone,ps,web,gold,regular,"3000.0","0.0",lose,"6uYnXeCjSbPWFEq5mJq1Pw=="
"2026-09-17T08:10:03.2870Z",moneybolt,playSWEEPSWinZone,ps,web,gold,regular,"3000.0","0.0",lose,"3nz1lM3w2ou8CBDaXgnDhw=="
"2026-09-17T08:09:58.8894Z",moneybolt,playSWEEPSWinZone,ps,web,gold,regular,"3000.0","0.0",lose,"N/CMW4StUOWgVS2FFYJczg=="
"2026-09-17T08:09:56.1523Z",moneybolt,playSWEEPSWinZone,ps,web,gold,regular,"3000.0","0.0",lose,"Mw22d4G7hrAfqgoYDfbJSw=="
"2026-09-17T08:09:46.8588Z",moneybolt,playSWEEPSWinZone,ps,web,gold,regular,"3000.0","0.0",lose,"0tqQ/7IsfHn/GWAOQcEx1A=="
"2026-09-17T08:09:40.4067Z",moneybolt,playSWEEPSWinZone,ps,web,gold,regular,"3000.0","0.0",lose,"VlFtoo/k38IiQjaTqev2cQ=="
"2026-09-17T08:09:32.5256Z",moneybolt,playSWEEPSWinZone,ps,web,gold,regular,"3000.0","0.0",lose,"Jsv8nChwvb4nNdw4cUNfoA=="
"2026-09-17T08:09:29.6304Z",moneybolt,playSWEEPSWinZone,ps,web,gold,regular,"3000.0","0.0",lose,"PusdQK9XnM/ZL3lrWINpNg=="
"2026-09-17T08:09:26.2731Z",moneybolt,playSWEEPSWinZone,ps,web,gold,regular,"3000.0","0.0",lose,"dmKAKocuQBx3SiCNf5rB3Q=="
"2026-09-17T08:09:20.3985Z",moneybolt,playSWEEPSWinZone,ps,web,gold,regular,"3000.0","0.0",lose,"P+0aA9p2AWGEQOV3nav8dA=="
"2026-09-17T08:09:14.8493Z",moneybolt,playSWEEPSWinZone,ps,web,gold,regular,"3000.0","0.0",lose,"OnefUwmI26Uzbw6TXGqZeQ=="
"2026-09-17T08:09:11.8866Z",moneybolt,playSWEEPSWinZone,ps,web,gold,regular,"3000.0","0.0",lose,"+ScNNzptjDQBS1lMnbGVtg=="
"2026-09-17T08:08:47.9697Z",moneybolt,playSWEEPSWinZone,ps,web,gold,regular,"3000.0","0.0",lose,"GspHFDHF8MRm0COYyR1hnA=="
"2026-09-17T08:08:42.2027Z",moneybolt,playSWEEPSWinZone,ps,web,gold,regular,"3000.0","0.0",lose,"FC2LWPIhK72KINYIZB7bzQ=="
"2026-09-17T08:08:35.5409Z",moneybolt,playSWEEPSWinZone,ps,web,gold,regular,"3000.0","0.0",lose,"1SUaM0106gm5J3y5h2qdvA=="
"2026-09-17T08:08:30.3850Z",moneybolt,playSWEEPSWinZone,ps,web,gold,regular,"3000.0","900.0",win,"ZDGRCg+ZkbanA+fbg8iVxA=="
"2026-09-17T08:08:27.3695Z",moneybolt,playSWEEPSWinZone,ps,web,gold,regular,"3000.0","0.0",lose,"ImnVzEq44/HgCWrFC9TuZw=="
"2026-09-17T08:01:05.3044Z",moneybolt,playSWEEPSWinZone,ps,web,gold,regular,"3000.0","0.0",lose,"NaoSVooXKOXW+Hj3s3ZGBw=="
"2026-09-17T08:00:32.0502Z",moneybolt,playSWEEPSWinZone,ps,web,gold,regular,"3000.0","600.0",win,"6YXH0ZJyWNs/kYykLjxHow=="
"2026-09-17T08:00:20.5509Z",moneybolt,playSWEEPSWinZone,ps,web,gold,regular,"3000.0","0.0",lose,"vtirzfmn+eGG8RyPHl79oA=="
"2026-09-17T07:48:58.2573Z",moneybolt,playSWEEPSWinZone,ps,web,gold,regular,"3000.0","0.0",lose,"YKhXmP/0mY7k/iv542nJYQ=="
"2026-09-17T07:48:55.2257Z",moneybolt,playSWEEPSWinZone,ps,web,gold,regular,"3000.0","0.0",lose,"nZOozpeur+UfxeizARxg3A=="
"2026-09-17T07:48:50.0200Z",moneybolt,playSWEEPSWinZone,ps,web,gold,regular,"3000.0","300.0",win,"EdJrYcfKoIKUhl7y8U0ytA=="
"2026-09-17T07:48:40.4809Z",moneybolt,playSWEEPSWinZone,ps,web,gold,regular,"3000.0","0.0",lose,"lCDJOYIzKSnqj67Rb7Q/7w=="
"2026-09-17T07:48:26.5934Z",moneybolt,playSWEEPSWinZone,ps,web,gold,regular,"3000.0","0.0",lose,"ZIIi53CDtCnhNKMFxjJ4Sg=="
"2026-09-17T07:48:23.2985Z",moneybolt,playSWEEPSWinZone,ps,web,gold,regular,"3000.0","0.0",lose,"bHWOJo1SEHgjX7+2WADk9g=="
"2026-09-17T07:48:17.6336Z",moneybolt,playSWEEPSWinZone,ps,web,gold,regular,"3000.0","900.0",win,"qpsdGaM1TKzm/dITw/ZGIQ=="
"2026-09-17T07:46:51.8927Z",moneybolt,playSWEEPSWinZone,ps,web,gold,regular,"3000.0","4500.0",win,"BfKmd8jXio6e1LOPi7zAhA=="
"2026-09-17T07:46:48.7775Z",moneybolt,playSWEEPSWinZone,ps,web,gold,regular,"3000.0","0.0",lose,"YMSmVfVtExX5hD7klwDjNg=="
"2026-09-17T03:34:56.5985Z",sherlock,playSWEEPSWinZone,ps,web,gold,regular,"1000.0","0.0",lose,"iyY2aFfL53vqaDq0K9dj2w=="
"2026-09-17T03:34:53.4690Z",sherlock,playSWEEPSWinZone,ps,web,gold,regular,"1000.0","0.0",lose,"O3QnzGV+PSWrIrykN9QcAw=="
"2026-09-17T03:34:43.7640Z",sherlock,playSWEEPSWinZone,ps,web,gold,regular,"1000.0","0.0",lose,"TyrwWgrj+TnD3t3vinURGA=="
"2026-09-17T03:34:40.5681Z",sherlock,playSWEEPSWinZone,ps,web,gold,regular,"1000.0","0.0",lose,"mM8uhRJuJK7/hvzxDDjUVQ=="
"2026-09-17T03:34:35.2445Z",sherlock,playSWEEPSWinZone,ps,web,gold,regular,"1000.0","1200.0",win,"EmKuno06IaV7o6n5DKw6Dg=="
"2026-09-17T03:34:23.9193Z",sherlock,playSWEEPSWinZone,ps,web,gold,regular,"1000.0","0.0",lose,"xjz+dL00hmd8DQ+/FmfIzA=="
"2026-09-17T03:34:13.8185Z",sherlock,playSWEEPSWinZone,ps,web,gold,regular,"1000.0","0.0",lose,"Gy7XzK9s1crsMzdOn7P7fw=="
"2026-09-17T03:33:58.4483Z",sherlock,playSWEEPSWinZone,ps,web,gold,regular,"1000.0","100.0",win,"j2rVPRvVYPCJqBHvGVISUw=="
"2026-09-17T03:33:52.8756Z",sherlock,playSWEEPSWinZone,ps,web,gold,regular,"1000.0","100.0",win,"PagZmTET5o68zdgVXEh03A=="
"2026-09-17T03:33:40.8097Z",sherlock,playSWEEPSWinZone,ps,web,gold,regular,"1000.0","0.0",lose,"kDyDf63Muf5PVLJzObRRWw=="
"2026-09-17T03:33:35.4203Z",sherlock,playSWEEPSWinZone,ps,web,gold,regular,"1000.0","400.0",win,"jQIF9YSP7anzKJww9vsxyA=="
"2026-09-17T03:33:25.6352Z",sherlock,playSWEEPSWinZone,ps,web,gold,regular,"1000.0","0.0",lose,"zqp1yQ+h9iRV0HLfahlUeg=="
"2026-09-17T03:33:17.3354Z",sherlock,playSWEEPSWinZone,ps,web,gold,regular,"1000.0","0.0",lose,"hqaVXGz6mKcRsbSR/rTYnA=="
"2026-09-17T03:33:13.1107Z",sherlock,playSWEEPSWinZone,ps,web,gold,regular,"1000.0","0.0",lose,"YSZJ1prFzEKkIm6JmPTiog=="
"2026-09-17T03:33:09.6730Z",sherlock,playSWEEPSWinZone,ps,web,gold,regular,"1000.0","0.0",lose,"BwWjaSE92jx9Li0ZG+PArw=="
"2026-09-17T03:32:01.3469Z",sherlock,playSWEEPSWinZone,ps,web,gold,regular,"1000.0","200.0",win,"kgtA8q/ukrUybBHAQ+FPZA=="
"2026-09-17T03:31:55.7327Z",sherlock,playSWEEPSWinZone,ps,web,gold,regular,"1000.0","400.0",win,"lrdVhA57RAyZXfjDNF4yxw=="
"2026-09-17T03:31:51.4430Z",sherlock,playSWEEPSWinZone,ps,web,gold,regular,"1000.0","0.0",lose,"VuO0ArXzLpSrG6oOR1J80Q=="
"2026-09-17T03:31:47.0998Z",sherlock,playSWEEPSWinZone,ps,web,gold,regular,"1000.0","0.0",lose,"KL0OwICI7JEM4pyjwQE+Sg=="
"2026-09-17T03:31:43.3828Z",sherlock,playSWEEPSWinZone,ps,web,gold,regular,"1000.0","0.0",lose,"vCHcxbtt3vBbSsn5IaAB1Q=="
"2026-09-17T03:31:34.8149Z",sherlock,playSWEEPSWinZone,ps,web,gold,regular,"1000.0","500.0",win,"yT2zchNmyBxxwRbqqFmgcw=="
"2026-09-17T03:31:29.0993Z",sherlock,playSWEEPSWinZone,ps,web,gold,regular,"1000.0","400.0",win,"LIHoU5xwj2kdOtkIEyiWvA=="
"2026-09-16T08:14:32.0396Z",starburstgalaxy,playSWEEPSWinZone,evolution,app,sweep,regular,"1.0","0.0",lose,"d00d34fd-421b-4f4a-b606-9cdd782ccc9e"
"2026-09-16T08:14:20.7253Z",starburstgalaxy,playSWEEPSWinZone,evolution,app,sweep,regular,"1.0","0.0",lose,"a441b886-be86-4140-9843-ff3563beb902"
"2026-09-16T08:14:16.2590Z",starburstgalaxy,playSWEEPSWinZone,evolution,app,sweep,regular,"1.0","2.0",win,"94015e8b-18f1-4e38-a38c-b2460dbe5665"
"2026-09-16T08:13:50.5771Z",starburstgalaxy,playSWEEPSWinZone,evolution,app,sweep,regular,"1.0","0.0",lose,"9e7950c2-aeec-4da3-8903-6967480a554d"
"2026-09-16T08:12:39.2731Z",starburstgalaxy,playSWEEPSWinZone,evolution,app,sweep,regular,"1.0","0.0",lose,"f3d3d03f-1f2c-4351-8769-9321c5cac543"
"2026-09-16T08:11:56.0895Z",starburstgalaxy,playSWEEPSWinZone,evolution,app,gold,regular,"1000.0","0.0",lose,"961de202-1257-44f9-aaf6-a85870264a8c"
"2026-09-17T04:01:32.1029Z",sherlock,playSWEEPSWinZone,ps,web,gold,regular,"1000.0","0.0",lose,"xOrbJTWh0GufmqrhkVNgjQ=="
"2026-09-17T03:59:56.3412Z",sherlock,playSWEEPSWinZone,ps,web,gold,regular,"1000.0","6600.0",win,"Jzy3pWfPambEfrVYUM0Xvw=="
"2026-09-17T03:59:37.2942Z",sherlock,playSWEEPSWinZone,ps,web,gold,regular,"1000.0","0.0",lose,"nT/SYB/CWHur6J1HRYei5A=="
"2026-09-17T03:59:28.7761Z",sherlock,playSWEEPSWinZone,ps,web,gold,regular,"1000.0","100.0",win,"yE04I6UPMyHwwPZKaXAkjQ=="
"2026-09-17T03:59:25.6207Z",sherlock,playSWEEPSWinZone,ps,web,gold,regular,"1000.0","0.0",lose,"CnHe1sB+oFNYIhFuaGqdCw=="
"2026-09-17T03:59:20.4310Z",sherlock,playSWEEPSWinZone,ps,web,gold,regular,"1000.0","200.0",win,"0K/leqIJGmFDe1xPpKV59A=="
"2026-09-17T03:59:17.1867Z",sherlock,playSWEEPSWinZone,ps,web,gold,regular,"1000.0","0.0",lose,"wChj29gDxYsvMYgMWfEDaA=="
"2026-09-17T03:57:06.1317Z",sherlock,playSWEEPSWinZone,ps,web,gold,regular,"1000.0","0.0",lose,"e7UAcTYDJBph01Y2XoTTFQ=="
"2026-09-17T03:56:43.4707Z",sherlock,playSWEEPSWinZone,ps,web,gold,regular,"1000.0","0.0",lose,"H4uOhp3Mz0eIxIUyo6VbSg=="
"2026-09-17T03:56:34.9180Z",sherlock,playSWEEPSWinZone,ps,web,gold,regular,"1000.0","2600.0",win,"J3u+EzyLZB6BpIDMmWSGXQ=="
"2026-09-17T03:56:22.4148Z",sherlock,playSWEEPSWinZone,ps,web,gold,regular,"1000.0","1700.0",win,"9NbYOA8eL+kdAKtSy/64ug=="
"2026-09-17T03:56:14.6167Z",sherlock,playSWEEPSWinZone,ps,web,gold,regular,"1000.0","0.0",lose,"ixyBaEX8W9OzLLaR5J4MRQ=="
"2026-09-17T03:48:05.2109Z",sherlock,playSWEEPSWinZone,ps,web,gold,regular,"1000.0","100.0",win,"Mb5o4yF63jKO06u+1SU5Yg=="
"2026-09-17T03:47:52.5247Z",sherlock,playSWEEPSWinZone,ps,web,gold,regular,"1000.0","0.0",lose,"mk01ku4jm1a5NMIREY8IFw=="
"2026-09-17T03:47:44.2344Z",sherlock,playSWEEPSWinZone,ps,web,gold,regular,"1000.0","1100.0",win,"PvRtRERNKG3rGA6hjtff7A=="
"2026-09-17T03:47:41.0336Z",sherlock,playSWEEPSWinZone,ps,web,gold,regular,"1000.0","0.0",lose,"T6SoHaTVT7njA7vyr1nm9A=="
"2026-09-17T03:47:37.7214Z",sherlock,playSWEEPSWinZone,ps,web,gold,regular,"1000.0","0.0",lose,"X9JVjp4IvqhTIYTuEibl4w=="
"2026-09-17T03:47:29.4847Z",sherlock,playSWEEPSWinZone,ps,web,gold,regular,"1000.0","0.0",lose,"ItilIRJg/J1vJOw6HPkzHQ=="
"2026-09-17T03:47:18.0324Z",sherlock,playSWEEPSWinZone,ps,web,gold,regular,"1000.0","0.0",lose,"ny2Mor77fhGvYuXoQNuJFw=="
"2026-09-17T03:47:12.4315Z",sherlock,playSWEEPSWinZone,ps,web,gold,regular,"1000.0","1500.0",win,"trtZsNHcuC4AKHcX7/rPDw=="
"2026-09-17T03:46:47.0502Z",sherlock,playSWEEPSWinZone,ps,web,gold,"free_spin","0.0","21500.0",win,"1IqlRR5Q9eGT4PFcLTIEpg=="
"2026-09-17T03:46:17.9384Z",sherlock,playSWEEPSWinZone,ps,web,gold,regular,"1000.0","0.0",lose,"1IqlRR5Q9eGT4PFcLTIEpg=="
"2026-09-17T03:47:09.0113Z",sherlock,playSWEEPSWinZone,ps,web,gold,regular,"1000.0","0.0",lose,"DpBXGKCsMAEGKcRm6DYriw=="
"2026-09-17T03:47:05.7854Z",sherlock,playSWEEPSWinZone,ps,web,gold,regular,"1000.0","0.0",lose,"2XPiiPIGlbEo7KrJL1ANOA=="
"2026-09-17T03:46:14.6203Z",sherlock,playSWEEPSWinZone,ps,web,gold,regular,"1000.0","0.0",lose,"zL++4eKLQSIS53vL0buS9w=="
"2026-09-17T03:46:11.6927Z",sherlock,playSWEEPSWinZone,ps,web,gold,regular,"1000.0","0.0",lose,"hUI6nzu4uPqlZVaJyOsAzQ=="
"2026-09-17T03:35:03.6175Z",sherlock,playSWEEPSWinZone,ps,web,gold,regular,"1000.0","0.0",lose,"MENjm/5tZd0+z6jTBIlQjg=="
"2026-09-17T04:24:23.8092Z","wildbuccaneerstripletreasure_94",playSWEEPSWinZone,rgs,web,gold,regular,"2000.0","0.0",lose,10031189412
"2026-09-17T04:24:16.7505Z","wildbuccaneerstripletreasure_94",playSWEEPSWinZone,rgs,web,gold,regular,"2000.0","0.0",lose,10031189168
"2026-09-17T04:24:12.3075Z","wildbuccaneerstripletreasure_94",playSWEEPSWinZone,rgs,web,gold,regular,"2000.0","0.0",lose,10031188937
"2026-09-17T04:24:08.1754Z","wildbuccaneerstripletreasure_94",playSWEEPSWinZone,rgs,web,gold,regular,"2000.0","0.0",lose,10031188766
"2026-09-17T04:24:05.3705Z","wildbuccaneerstripletreasure_94",playSWEEPSWinZone,rgs,web,gold,regular,"2000.0","0.0",lose,10031188516
"2026-09-17T04:24:00.7439Z","wildbuccaneerstripletreasure_94",playSWEEPSWinZone,rgs,web,gold,regular,"2000.0","0.0",lose,10031188367
"2026-09-17T04:23:57.9814Z","wildbuccaneerstripletreasure_94",playSWEEPSWinZone,rgs,web,gold,regular,"2000.0","0.0",lose,10031188119
"2026-09-17T04:23:46.8210Z","wildbuccaneerstripletreasure_94",playSWEEPSWinZone,rgs,web,gold,regular,"2000.0","2000.0",win,10031187454
"2026-09-17T04:23:37.5490Z","wildbuccaneerstripletreasure_94",playSWEEPSWinZone,rgs,web,gold,regular,"2000.0","4800.0",win,10031186952
"2026-09-17T04:23:26.8820Z","wildbuccaneerstripletreasure_94",playSWEEPSWinZone,rgs,web,gold,regular,"2000.0","0.0",lose,10031186546
"2026-09-17T04:21:09.1083Z","wildbuccaneerstripletreasure_94",playSWEEPSWinZone,rgs,web,gold,regular,"2000.0","0.0",lose,10031178694
"2026-09-17T04:21:03.8206Z","wildbuccaneerstripletreasure_94",playSWEEPSWinZone,rgs,web,gold,regular,"2000.0","3000.0",win,10031178270
"2026-09-17T04:20:34.7041Z","wildbuccaneerstripletreasure_94",playSWEEPSWinZone,rgs,web,gold,regular,"2000.0","400.0",win,10031176685
"2026-09-17T04:20:27.1141Z","wildbuccaneerstripletreasure_94",playSWEEPSWinZone,rgs,web,gold,regular,"2000.0","0.0",lose,10031176457
"2026-09-17T04:13:19.3659Z",starburstgalaxy,playSWEEPSWinZone,evolution,web,gold,regular,"3000.0","46500.0",win,"85d558a4-4076-4ace-946f-28487027d999"
"2026-09-17T04:12:35.1651Z",starburstgalaxy,playSWEEPSWinZone,evolution,web,gold,regular,"3000.0","0.0",lose,"26a1119c-08ae-403f-9599-c50a1f987ded"
"2026-09-17T04:12:31.5197Z",starburstgalaxy,playSWEEPSWinZone,evolution,web,gold,regular,"3000.0","12000.0",win,"220b6dcc-6476-42a4-ae82-290a93f3abcf"
"2026-09-17T04:09:15.0545Z",starburstgalaxy,playSWEEPSWinZone,evolution,web,gold,regular,"3000.0","0.0",lose,"c5758b7b-5503-4a4a-9438-bfc670a3777a"
"2026-09-17T04:08:30.7662Z",starburstgalaxy,playSWEEPSWinZone,evolution,web,gold,regular,"3000.0","0.0",lose,"b940dea2-9213-4de5-8693-3ba975829542"
"2026-09-17T04:08:29.1532Z",starburstgalaxy,playSWEEPSWinZone,evolution,web,gold,regular,"3000.0","0.0",lose,"4a01f19f-1cea-4b07-b7ba-cb5de4142595"
"2026-09-17T04:08:27.6932Z",starburstgalaxy,playSWEEPSWinZone,evolution,web,gold,regular,"3000.0","0.0",lose,"67a995f3-8c8d-4353-a886-a137d6e12c00"
"2026-09-17T04:08:20.1527Z",starburstgalaxy,playSWEEPSWinZone,evolution,web,gold,regular,"3000.0","0.0",lose,"9180c15b-2dbf-4de9-ba62-26a301ad9eb2"
"2026-09-17T04:08:18.5308Z",starburstgalaxy,playSWEEPSWinZone,evolution,web,gold,regular,"3000.0","0.0",lose,"68969823-2e50-47bd-b774-93d89b08f15c"
"2026-09-17T04:08:15.3288Z",starburstgalaxy,playSWEEPSWinZone,evolution,web,gold,regular,"3000.0","0.0",lose,"2d396aa7-544d-4a3a-b9ff-b5901a450adc"
"2026-09-17T04:08:13.8062Z",starburstgalaxy,playSWEEPSWinZone,evolution,web,gold,regular,"3000.0","0.0",lose,"66b15fb8-7ede-4b37-9e63-8bcd70d709a7"
"2026-09-15T14:41:52.8493Z",treasuremap,playSWEEPSWinZone,ps,app,gold,regular,"1000.0","0.0",lose,"S1yMhm5y/rE+chdNRlnxnw=="
"2026-09-17T04:16:15.9675Z",starburstgalaxy,playSWEEPSWinZone,evolution,web,gold,regular,"3000.0","0.0",lose,"0551be08-4738-48ea-b215-98dd0c7dd9e4"
"2026-09-17T04:16:11.3102Z",starburstgalaxy,playSWEEPSWinZone,evolution,web,gold,regular,"3000.0","0.0",lose,"0a9fd31c-9691-4a66-9bdb-d7ea8829eb9d"
"2026-09-17T04:16:09.2629Z",starburstgalaxy,playSWEEPSWinZone,evolution,web,gold,regular,"3000.0","750.0",win,"9c7c01b4-1d51-4d74-90a2-cd13db971ab4"
"2026-09-17T04:15:56.7740Z",starburstgalaxy,playSWEEPSWinZone,evolution,web,gold,regular,"3000.0","0.0",lose,"46dac9e2-393f-43c5-908e-8c7f29e748de"
"2026-09-17T04:15:53.5679Z",starburstgalaxy,playSWEEPSWinZone,evolution,web,gold,regular,"3000.0","0.0",lose,"9eb4eac1-d152-43c5-a0ba-099e05205704"
"2026-09-17T04:15:50.4370Z",starburstgalaxy,playSWEEPSWinZone,evolution,web,gold,regular,"3000.0","0.0",lose,"16edd636-ddc2-43de-983e-6870b92f4294"
"2026-09-17T04:15:47.6998Z",starburstgalaxy,playSWEEPSWinZone,evolution,web,gold,regular,"3000.0","0.0",lose,"c8b0e3ea-7488-4ee7-8572-d25fbe0ae8c9"
"2026-09-17T04:15:45.1737Z",starburstgalaxy,playSWEEPSWinZone,evolution,web,gold,regular,"3000.0","5250.0",win,"7e256146-1e07-4025-b1b1-cac805a7ab35"
"2026-09-17T04:15:30.9267Z",starburstgalaxy,playSWEEPSWinZone,evolution,web,gold,regular,"3000.0","0.0",lose,"63204eca-194b-4678-988b-5ab5d959eab0"
"2026-09-17T04:15:28.9316Z",starburstgalaxy,playSWEEPSWinZone,evolution,web,gold,regular,"3000.0","2250.0",win,"0a72334a-a93e-46f3-8bab-eae9470166e7"
"2026-09-17T04:15:24.4156Z",starburstgalaxy,playSWEEPSWinZone,evolution,web,gold,regular,"3000.0","0.0",lose,"50e4d352-51d5-4343-b6bd-dc18640bc04c"
"2026-09-17T04:15:22.9861Z",starburstgalaxy,playSWEEPSWinZone,evolution,web,gold,regular,"3000.0","0.0",lose,"42060e65-4cca-40d7-b984-a7224c80302f"
"2026-09-17T04:00:08.5440Z",sherlock,playSWEEPSWinZone,ps,web,gold,regular,"1000.0","800.0",win,"fKEWu6ya7gkS66EHcplSkA=="
"2026-09-17T03:59:52.8142Z",sherlock,playSWEEPSWinZone,ps,web,gold,regular,"1000.0","0.0",lose,"neYaOKniEhTqrgRMebum1g=="
"2026-09-17T03:59:49.6107Z",sherlock,playSWEEPSWinZone,ps,web,gold,regular,"1000.0","0.0",lose,"Wj/0JdtDxtlTDRvPswAeVQ=="
"2026-09-17T03:59:46.2422Z",sherlock,playSWEEPSWinZone,ps,web,gold,regular,"1000.0","0.0",lose,"YYLkynAnOeaJOZLmmTv7eg=="
"2026-09-17T03:59:40.7761Z",sherlock,playSWEEPSWinZone,ps,web,gold,regular,"1000.0","200.0",win,"HRdQcz2maTjguZ02brmysg=="
"2026-09-17T03:59:34.2097Z",sherlock,playSWEEPSWinZone,ps,web,gold,regular,"1000.0","0.0",lose,"evUGk0TOmnJoq9oKXjrRjw=="
"2026-09-17T03:57:09.3213Z",sherlock,playSWEEPSWinZone,ps,web,gold,regular,"1000.0","0.0",lose,"wrrnrT3DXDlfRYIEzKFbxQ=="
"2026-09-17T03:57:00.3179Z",sherlock,playSWEEPSWinZone,ps,web,gold,regular,"1000.0","200.0",win,"5eQpcO18EcIApeF4AYDBmA=="
"2026-09-17T03:56:57.1161Z",sherlock,playSWEEPSWinZone,ps,web,gold,regular,"1000.0","0.0",lose,"UCUImejKgD3B9r/0h+t2Rw=="
"2026-09-17T03:56:54.0697Z",sherlock,playSWEEPSWinZone,ps,web,gold,regular,"1000.0","0.0",lose,"9IKj6zL8uq/Y8gPaIA4jMw=="
"2026-09-17T03:56:50.1576Z",sherlock,playSWEEPSWinZone,ps,web,gold,regular,"1000.0","0.0",lose,"QLdpkSVv/ZPXfZbG7PJ/Ug=="
"2026-09-17T03:56:46.8086Z",sherlock,playSWEEPSWinZone,ps,web,gold,regular,"1000.0","0.0",lose,"rqnTq1dnTIM7buQYOKYt9A=="
"2026-09-17T03:56:40.3996Z",sherlock,playSWEEPSWinZone,ps,web,gold,regular,"1000.0","0.0",lose,"2+sPDCiSmoiNErfy2dIraA=="
"2026-09-17T03:56:31.5142Z",sherlock,playSWEEPSWinZone,ps,web,gold,regular,"1000.0","0.0",lose,"ttzLBK5zj3xO0mUWwYL8uA=="
"2026-09-17T03:56:28.2153Z",sherlock,playSWEEPSWinZone,ps,web,gold,regular,"1000.0","0.0",lose,"HNmRY+bC/qKKaPwmrP/yRg=="
"2026-09-17T03:56:17.9420Z",sherlock,playSWEEPSWinZone,ps,web,gold,regular,"1000.0","0.0",lose,"L/OZaABie/lsngB/RsrI6g=="
"2026-09-17T03:55:09.2952Z",sherlock,playSWEEPSWinZone,ps,web,gold,regular,"1000.0","0.0",lose,"oHPE0JZAnSbDgBtTNl7Hkw=="
"2026-09-17T03:54:57.3146Z",sherlock,playSWEEPSWinZone,ps,web,gold,regular,"1000.0","0.0",lose,"HFN6eVBDhRhThIvlKuWIJA=="
"2026-09-17T03:54:54.1679Z",sherlock,playSWEEPSWinZone,ps,web,gold,regular,"1000.0","0.0",lose,"hXyIo/YFhz63WBoZRJY9Dg=="
"2026-09-17T03:54:45.5758Z",sherlock,playSWEEPSWinZone,ps,web,gold,regular,"1000.0","200.0",win,"tTxheupjz8EysXhwpSYF3w=="
"2026-09-17T03:54:20.5819Z",sherlock,playSWEEPSWinZone,ps,web,gold,regular,"1000.0","0.0",lose,"JtNV/EkfodvG2NlUOOTGnw=="
"2026-09-17T03:54:11.2422Z",sherlock,playSWEEPSWinZone,ps,web,gold,regular,"1000.0","0.0",lose,"hfI9bhIIrwe38Cu47Rqfrg=="
"2026-09-17T03:54:08.0374Z",sherlock,playSWEEPSWinZone,ps,web,gold,regular,"1000.0","0.0",lose,"VdLtx/XZrjPwQtSBGSlmXA=="
"2026-09-17T03:54:05.0339Z",sherlock,playSWEEPSWinZone,ps,web,gold,regular,"1000.0","0.0",lose,"YBpZ1yNncHNdiYLV/9nY0w=="
"2026-09-17T03:54:01.5788Z",sherlock,playSWEEPSWinZone,ps,web,gold,regular,"1000.0","0.0",lose,"HB5z47YLWawwmOgM6M1g8w=="
"2026-09-17T03:53:58.2667Z",sherlock,playSWEEPSWinZone,ps,web,gold,regular,"1000.0","0.0",lose,"9ynxUgftMhagjMOfewY6eg=="
"2026-09-17T03:53:55.2010Z",sherlock,playSWEEPSWinZone,ps,web,gold,regular,"1000.0","0.0",lose,"gZmNLwPngAGcDUbL0dBFmg=="
"2026-09-17T03:53:49.9577Z",sherlock,playSWEEPSWinZone,ps,web,gold,regular,"1000.0","200.0",win,"5TJkIdyjSQ9mFZrRL1ysAA=="
"2026-09-17T03:53:41.4545Z",sherlock,playSWEEPSWinZone,ps,web,gold,regular,"1000.0","0.0",lose,"k2XIT1i7AtRJZmFReVVynQ=="
"2026-09-17T03:53:35.0293Z",sherlock,playSWEEPSWinZone,ps,web,gold,regular,"1000.0","0.0",lose,"UwK12zY5LRubpGCpewvSoQ=="
"2026-09-17T03:53:31.7665Z",sherlock,playSWEEPSWinZone,ps,web,gold,regular,"1000.0","0.0",lose,"qz6IzKfRt9TDSar++vPFdg=="
"2026-09-17T03:53:23.5997Z",sherlock,playSWEEPSWinZone,ps,web,gold,regular,"1000.0","0.0",lose,"ZaObDO0otrGjO+5Lt0Bjww=="
"2026-09-17T03:53:20.4577Z",sherlock,playSWEEPSWinZone,ps,web,gold,regular,"1000.0","0.0",lose,"6XOWCB7/NOkWiGHOqfFvtA=="
"2026-09-17T03:53:44.4506Z",sherlock,playSWEEPSWinZone,ps,web,gold,regular,"1000.0","100.0",win,"tJE+HAbLHDEl5oT0X3d++Q=="
"2026-09-17T03:53:26.6383Z",sherlock,playSWEEPSWinZone,ps,web,gold,regular,"1000.0","200.0",win,"dm0XDdYYYfFrzuA+Jvd8PA=="
"2026-09-17T03:53:17.3298Z",sherlock,playSWEEPSWinZone,ps,web,gold,regular,"1000.0","0.0",lose,"DYvVY7CoRU3d6lstu0p77Q=="
"2026-09-17T03:51:11.3944Z",sherlock,playSWEEPSWinZone,ps,web,gold,regular,"1000.0","0.0",lose,"INS3SNi4d6Qew8GQKxyIBA=="
"2026-09-17T03:51:08.0762Z",sherlock,playSWEEPSWinZone,ps,web,gold,regular,"1000.0","0.0",lose,"gsdQAo4bfctyxPnDEwSn6A=="
"2026-09-17T03:51:04.7800Z",sherlock,playSWEEPSWinZone,ps,web,gold,regular,"1000.0","0.0",lose,"8sXQAsw47o402+h9DVRZAw=="
"2026-09-17T03:50:54.0978Z",sherlock,playSWEEPSWinZone,ps,web,gold,regular,"1000.0","400.0",win,"ouhXAeiFeJrDuBCbwlTgPg=="
"2026-09-17T03:50:44.3031Z",sherlock,playSWEEPSWinZone,ps,web,gold,regular,"1000.0","0.0",lose,"Hft8wr0ocE9MjQED75E/Iw=="
"2026-09-17T03:50:29.4542Z",sherlock,playSWEEPSWinZone,ps,web,gold,regular,"1000.0","0.0",lose,"Q3NWo3v79Woki7/77hPtQA=="
"2026-09-17T03:50:17.5672Z",sherlock,playSWEEPSWinZone,ps,web,gold,regular,"1000.0","400.0",win,"lpzV7xjA7hpVOemsUEHsBw=="
"2026-09-17T03:50:50.9201Z",sherlock,playSWEEPSWinZone,ps,web,gold,regular,"1000.0","0.0",lose,"uWkRkAGCEoISLwEy5enInA=="
"2026-09-17T03:50:47.6434Z",sherlock,playSWEEPSWinZone,ps,web,gold,regular,"1000.0","0.0",lose,"AoOcacBtfG3DHnIoQ75qvw=="
"2026-09-17T03:50:32.7479Z",sherlock,playSWEEPSWinZone,ps,web,gold,regular,"1000.0","0.0",lose,"GMoxvTA2Xfb7ZGJ2B4PkNA=="
"2026-09-17T03:50:26.0755Z",sherlock,playSWEEPSWinZone,ps,web,gold,regular,"1000.0","0.0",lose,"QFKgdF2Rj7J+fB7ndWeMTQ=="
"2026-09-17T03:50:22.8869Z",sherlock,playSWEEPSWinZone,ps,web,gold,regular,"1000.0","0.0",lose,"btfaoF7HamlN4IA6izg9Kw=="
"2026-09-17T03:48:02.0584Z",sherlock,playSWEEPSWinZone,ps,web,gold,regular,"1000.0","0.0",lose,"+/4/0InQeOFlH+LhVbMmdQ=="
"2026-09-17T03:47:58.8021Z",sherlock,playSWEEPSWinZone,ps,web,gold,regular,"1000.0","0.0",lose,"CsAZ7Olog8bGGVnQXMiQvA=="
"2026-09-17T03:47:55.7370Z",sherlock,playSWEEPSWinZone,ps,web,gold,regular,"1000.0","0.0",lose,"28PcyxCwsQVYfSYMQ87sPQ=="
"2026-09-17T03:47:49.4560Z",sherlock,playSWEEPSWinZone,ps,web,gold,regular,"1000.0","0.0",lose,"yoWTr42/8zGIXqJIxe4XrQ=="
"2026-09-17T03:47:32.5825Z",sherlock,playSWEEPSWinZone,ps,web,gold,regular,"1000.0","200.0",win,"tyjjRJHCtN7/hY82U9wtSQ=="
"2026-09-17T03:47:26.3422Z",sherlock,playSWEEPSWinZone,ps,web,gold,regular,"1000.0","0.0",lose,"yASOT60Xb8c+QKTOTcel0Q=="
"2026-09-17T03:47:21.0937Z",sherlock,playSWEEPSWinZone,ps,web,gold,regular,"1000.0","1200.0",win,"n/7Pwg8kqIdx03J6dJYh8g=="
"2026-09-17T03:40:02.8442Z",sherlock,playSWEEPSWinZone,ps,web,gold,regular,"1000.0","0.0",lose,"5mKc6GTATxsLWHOsHnO/Bw=="
"2026-09-17T03:39:58.2920Z",sherlock,playSWEEPSWinZone,ps,web,gold,regular,"1000.0","0.0",lose,"z/J2leXZKkFNlUJoweWcXw=="
"2026-09-17T03:39:48.4093Z",sherlock,playSWEEPSWinZone,ps,web,gold,regular,"1000.0","0.0",lose,"tXyEbZ5LZDdw8ycpW6ex5g=="
"2026-09-17T03:39:43.8805Z",sherlock,playSWEEPSWinZone,ps,web,gold,regular,"1000.0","0.0",lose,"MT1F5p2G0Snmp5mwOlp1+A=="
"2026-09-17T03:39:11.5447Z",sherlock,playSWEEPSWinZone,ps,web,gold,regular,"1000.0","0.0",lose,"iTPK/pDTUhJwQynj5Ekw5w=="
"2026-09-17T03:39:03.3954Z",sherlock,playSWEEPSWinZone,ps,web,gold,regular,"1000.0","300.0",win,"5XnLVVSwsM+ZNjQGlMrrjA=="
"2026-09-17T03:31:40.1746Z",sherlock,playSWEEPSWinZone,ps,web,gold,regular,"1000.0","0.0",lose,"HWRgdA+Ay1O0kCTSbiyaWw=="
"2026-09-17T03:31:25.8885Z",sherlock,playSWEEPSWinZone,ps,web,gold,regular,"1000.0","0.0",lose,"1HksNMLwuNnrPO304zlkSQ=="
"2026-09-17T03:31:06.5270Z",sherlock,playSWEEPSWinZone,ps,web,gold,"free_spin","0.0","9000.0",win,"MeVkX2kS0zT+CVwEtx03mg=="
"2026-09-17T03:30:37.6519Z",sherlock,playSWEEPSWinZone,ps,web,gold,regular,"1000.0","1700.0",win,"c23+2OkpmE2KkMQrhUhFSg=="
"2026-09-17T03:30:33.7713Z",sherlock,playSWEEPSWinZone,ps,web,gold,regular,"1000.0","0.0",lose,"7IgtCz/VBnRRRUr5CD/RKA=="
"2026-09-17T03:30:26.8722Z",sherlock,playSWEEPSWinZone,ps,web,gold,regular,"1000.0","0.0",lose,"3di6P41jKJJKoDZJbHIgDA=="
"2026-09-17T03:30:19.5771Z",sherlock,playSWEEPSWinZone,ps,web,gold,regular,"1000.0","0.0",lose,"5LFChmh3RfycSy21kz1T1A=="
"2026-09-17T03:30:49.8997Z",sherlock,playSWEEPSWinZone,ps,web,gold,regular,"1000.0","0.0",lose,"MeVkX2kS0zT+CVwEtx03mg=="
"2026-09-17T03:30:43.4610Z",sherlock,playSWEEPSWinZone,ps,web,gold,regular,"1000.0","2300.0",win,"UruWepsUGDa+Cl13MqEFkw=="
"2026-09-17T03:30:30.5812Z",sherlock,playSWEEPSWinZone,ps,web,gold,regular,"1000.0","0.0",lose,"t4Pplvxdz6IczLURyZ9XoA=="
"2026-09-17T03:30:23.4742Z",sherlock,playSWEEPSWinZone,ps,web,gold,regular,"1000.0","0.0",lose,"Fl2h78YxmeY2c7nQh/qcfw=="
"2026-09-17T03:30:12.4065Z",sherlock,playSWEEPSWinZone,ps,web,gold,regular,"1000.0","200.0",win,"xkRgqP5go6x66VPKTe8pQQ=="
"2026-09-17T03:30:07.4661Z",sherlock,playSWEEPSWinZone,ps,web,gold,regular,"1000.0","0.0",lose,"k4H072S7T3/lG2y3aAzR7Q=="
"2026-09-17T03:29:56.4205Z",sherlock,playSWEEPSWinZone,ps,web,gold,regular,"1000.0","0.0",lose,"PUIUweqfMKKlOXRAjZbd+g=="
"2026-09-17T03:29:51.2325Z",sherlock,playSWEEPSWinZone,ps,web,gold,regular,"1000.0","600.0",win,"pnFNt52j0wsMMMdZko6UXQ=="
"2026-09-17T03:29:29.5881Z",sherlock,playSWEEPSWinZone,ps,web,gold,regular,"1000.0","0.0",lose,"4Z0Mmnb0CcwZrUp89dyrLQ=="
"2026-09-17T03:29:26.4837Z",sherlock,playSWEEPSWinZone,ps,web,gold,regular,"1000.0","0.0",lose,"VzHSbwe3rCGjTbGTbkBu9w=="
"2026-09-17T03:29:23.5495Z",sherlock,playSWEEPSWinZone,ps,web,gold,regular,"1000.0","0.0",lose,"izJqTTxuaqcW06z3wxCmUA=="
"2026-09-16T08:21:57.1842Z",starburstgalaxy,playSWEEPSWinZone,evolution,app,gold,regular,"2000.0","0.0",lose,"bb0dd3d6-2c45-45ea-a7b9-4fdfda5e0110"
"2026-09-16T08:21:49.6863Z",starburstgalaxy,playSWEEPSWinZone,evolution,app,gold,regular,"2000.0","1000.0",win,"8882a906-e104-4e8a-98e5-c360bec206e7"
"2026-09-16T08:21:34.5761Z",starburstgalaxy,playSWEEPSWinZone,evolution,app,gold,regular,"2000.0","0.0",lose,"ce893e5f-1d32-430d-aa98-16f8188b7d38"
"2026-09-16T08:21:32.7568Z",starburstgalaxy,playSWEEPSWinZone,evolution,app,gold,regular,"2000.0","0.0",lose,"96524f4e-75cf-4531-addd-cc947322b121"
"2026-09-16T08:21:20.5420Z",starburstgalaxy,playSWEEPSWinZone,evolution,app,gold,regular,"2000.0","500.0",win,"364d4c86-99d5-4c8c-99be-5093e887db3c"
"2026-09-16T08:21:04.7586Z",starburstgalaxy,playSWEEPSWinZone,evolution,app,gold,regular,"2000.0","0.0",lose,"a2bb6db4-a23c-4857-b15f-fb711c12e58a"
"2026-09-16T08:21:02.6700Z",starburstgalaxy,playSWEEPSWinZone,evolution,app,gold,regular,"2000.0","0.0",lose,"3918101d-fe8b-4d70-933e-8c286791a1f3"
"2026-09-16T08:06:31.5019Z",starburstgalaxy,playSWEEPSWinZone,evolution,app,gold,regular,"1000.0","500.0",win,"adb5f44a-afc9-4db1-91b0-b321ccd784c9"
"2026-09-16T08:06:24.3631Z",starburstgalaxy,playSWEEPSWinZone,evolution,app,gold,regular,"1000.0","0.0",lose,"1cc77d95-5bed-4733-bb0d-af6d7b066ebf"
"2026-09-16T08:06:20.4920Z",starburstgalaxy,playSWEEPSWinZone,evolution,app,gold,regular,"1000.0","0.0",lose,"970498e3-a979-466e-8399-a437930d58c8"
"2026-09-16T07:30:52.9190Z",treasuremap,playSWEEPSWinZone,ps,app,sweep,regular,"0.2","0.0",lose,"eU2nai1NyK9bUOzy9W4qvA=="
"2026-09-16T07:30:47.3947Z",treasuremap,playSWEEPSWinZone,ps,app,sweep,regular,"0.2","0.32",win,"M5TsK9qrio+cA8u/sr7q4Q=="
"2026-09-16T07:30:43.5941Z",treasuremap,playSWEEPSWinZone,ps,app,sweep,regular,"0.2","0.0",lose,"Z/wRkFNm+JKbuY91xGCiOw=="
"2026-09-16T07:28:23.7145Z",treasuremap,playSWEEPSWinZone,ps,app,sweep,regular,"0.2","0.0",lose,"5PS2sBdqtLwm3SWhHO28AA=="
"2026-09-16T07:28:06.4380Z",treasuremap,playSWEEPSWinZone,ps,app,sweep,regular,"0.2","0.0",lose,"Un87Jod/0PLrUmZFQ1RUYg=="
"2026-09-16T07:27:54.4743Z",treasuremap,playSWEEPSWinZone,ps,app,sweep,regular,"0.2","0.0",lose,"VZz21/+Gv+Mejbdft5acRA=="
"2026-09-16T07:27:51.0490Z",treasuremap,playSWEEPSWinZone,ps,app,sweep,regular,"0.2","0.0",lose,"IWOzsKofBvG7F2OAKOms2A=="
"2026-09-16T07:27:47.8835Z",treasuremap,playSWEEPSWinZone,ps,app,sweep,regular,"0.2","0.0",lose,"OLHOOYkUUKe1Y4ZZPxLY6w=="
"2026-09-16T07:27:44.1848Z",treasuremap,playSWEEPSWinZone,ps,app,sweep,regular,"0.2","0.0",lose,"F1PD7aVUImyc+iPQUNINfg=="
"2026-09-16T07:27:38.7130Z",treasuremap,playSWEEPSWinZone,ps,app,sweep,regular,"0.2","0.24",win,"0D//MTC9InfG9ZinnzmKqA=="
"2026-09-16T07:27:35.5600Z",treasuremap,playSWEEPSWinZone,ps,app,sweep,regular,"0.2","0.0",lose,"UA9mbDkRUgamJVL3E279PQ=="
"2026-09-16T07:27:32.4177Z",treasuremap,playSWEEPSWinZone,ps,app,sweep,regular,"0.2","0.0",lose,"1jsLxf4zdswqXYxQrUs2Iw=="
"2026-09-16T07:27:17.4680Z",treasuremap,playSWEEPSWinZone,ps,app,sweep,regular,"0.2","0.0",lose,"LkrUT6PtyEsAv+A3ccHmiA=="
"2026-09-16T07:27:11.1829Z",treasuremap,playSWEEPSWinZone,ps,app,sweep,regular,"0.2","0.0",lose,"6NzuUwxb8pBTL/5ME4EshQ=="
"2026-09-16T07:27:04.8344Z",treasuremap,playSWEEPSWinZone,ps,app,sweep,regular,"0.2","0.0",lose,"OTJ8yB+O7BXDwYfPsu0cVg=="
"2026-09-16T07:27:01.7226Z",treasuremap,playSWEEPSWinZone,ps,app,sweep,regular,"0.2","0.0",lose,"kY5RrsxLNHMCWaEfT1PYrw=="
"2026-09-16T07:26:55.4135Z",treasuremap,playSWEEPSWinZone,ps,app,sweep,regular,"0.2","0.0",lose,"Uy/WAenOpHMHPbdqTG4/fA=="
"2026-09-16T07:26:48.9445Z",treasuremap,playSWEEPSWinZone,ps,app,sweep,regular,"0.2","0.0",lose,"EvfuQk1y58Nbfbjwz2Okzw=="
"2026-09-16T07:26:45.4504Z",treasuremap,playSWEEPSWinZone,ps,app,sweep,regular,"0.2","0.0",lose,"f4dWgspW/0+oDAdVQBCMfQ=="
"2026-09-16T07:25:20.4634Z",treasuremap,playSWEEPSWinZone,ps,app,sweep,regular,"0.2","0.18",win,"diJZTY79Q217BAwxkp9GvA=="
"2026-09-16T07:25:16.4476Z",treasuremap,playSWEEPSWinZone,ps,app,sweep,regular,"0.2","0.0",lose,"zhk7Y5lvmW3XoJYhS5QHxQ=="
"2026-09-16T07:25:10.4752Z",treasuremap,playSWEEPSWinZone,ps,app,sweep,regular,"0.2","0.0",lose,"iasja8/Wry2WXgFurO5mkQ=="
"2026-09-16T07:24:42.2418Z",treasuremap,playSWEEPSWinZone,ps,app,sweep,regular,"0.2","0.0",lose,"mWMjFGSdSxhBP/FK0W/czA=="
"2026-09-16T07:24:34.7864Z",treasuremap,playSWEEPSWinZone,ps,app,sweep,regular,"0.2","0.0",lose,"ikMBQcxN8jCdvNtJ6bZOdA=="
"2026-09-16T07:24:30.9650Z",treasuremap,playSWEEPSWinZone,ps,app,sweep,regular,"0.2","0.0",lose,"T7yTiMbFLfb6dX3p9Nlxbw=="
"2026-09-16T07:22:15.4692Z",treasuremap,playSWEEPSWinZone,ps,app,sweep,regular,"0.2","0.72",win,"YnexdLar8W3i8K/XlOr0/w=="
"2026-09-16T07:22:09.8225Z",treasuremap,playSWEEPSWinZone,ps,app,sweep,regular,"0.2","0.04",win,"dIHeqj/rmz+7Me4peq47Dw=="
"2026-09-16T07:22:05.8152Z",treasuremap,playSWEEPSWinZone,ps,app,sweep,regular,"0.2","0.0",lose,"14CV1XtCnHBb7OG9vcbtKQ=="
"2026-09-16T07:21:59.4474Z",treasuremap,playSWEEPSWinZone,ps,app,sweep,regular,"0.2","0.0",lose,"Bk1/2YXOZ6PUeSuCElI0kg=="
"2026-09-16T07:21:50.8038Z",treasuremap,playSWEEPSWinZone,ps,app,sweep,regular,"0.2","0.0",lose,"LCgx9fQrsFWVZMS3JubnGQ=="
"2026-09-16T07:21:44.1473Z",treasuremap,playSWEEPSWinZone,ps,app,sweep,regular,"0.2","0.0",lose,"jLbPrrKH1Vp4HFdW1pqVsg=="
"2026-09-16T07:21:40.7493Z",treasuremap,playSWEEPSWinZone,ps,app,sweep,regular,"0.2","0.0",lose,"+JJwOv2YTTdHhcsuwCay0w=="
"2026-09-16T07:21:37.5989Z",treasuremap,playSWEEPSWinZone,ps,app,sweep,regular,"0.2","0.0",lose,"V9RpfVPPmWScOyMlP5+cvg=="
"2026-09-16T07:21:34.2313Z",treasuremap,playSWEEPSWinZone,ps,app,sweep,regular,"0.2","0.0",lose,"0wpcl+TaqvFVTcUhxswlDw=="
"2026-09-16T07:21:27.5003Z",treasuremap,playSWEEPSWinZone,ps,app,sweep,regular,"0.2","0.0",lose,"Cp9WOoiazWgKQzzx8ibJJA=="
"2026-09-16T07:21:24.1516Z",treasuremap,playSWEEPSWinZone,ps,app,sweep,regular,"0.2","0.0",lose,"07sz7jflmlrKXy3nQR/dhw=="
"2026-09-15T14:42:22.3623Z",treasuremap,playSWEEPSWinZone,ps,app,gold,regular,"1000.0","0.0",lose,"DWedFiLO4ztlSnJHyvuLfw=="
"2026-09-15T14:42:19.2404Z",treasuremap,playSWEEPSWinZone,ps,app,gold,regular,"1000.0","0.0",lose,"Pu62ZXmvY+cyAIk5aeydJQ=="
"2026-09-15T14:42:13.8641Z",treasuremap,playSWEEPSWinZone,ps,app,gold,regular,"1000.0","100.0",win,"lVroX/YyqjiyujNQkx8KwA=="
"2026-09-15T14:42:08.3748Z",treasuremap,playSWEEPSWinZone,ps,app,gold,regular,"1000.0","600.0",win,"zgEWyVfGSuilHPv6XbIpug=="
"2026-09-15T14:42:04.8281Z",treasuremap,playSWEEPSWinZone,ps,app,gold,regular,"1000.0","0.0",lose,"IgVayyIDNVhWNEcsc6sGfA=="
"2026-09-15T14:42:28.1668Z",treasuremap,playSWEEPSWinZone,ps,app,gold,regular,"1000.0","0.0",lose,"nRLLEDj09doMvu+KGxNzcg=="
"2026-09-15T14:42:01.5009Z",treasuremap,playSWEEPSWinZone,ps,app,gold,regular,"1000.0","0.0",lose,"7sVtqNuE2b8WJuEz62mLRg=="
"2026-09-17T05:27:06.8692Z",moneybolt,playSWEEPSWinZone,ps,web,gold,regular,"3000.0","0.0",lose,"MMTtV5XW9t2buF1fSXQI8Q=="
"2026-09-17T05:26:58.6134Z",moneybolt,playSWEEPSWinZone,ps,web,gold,regular,"3000.0","0.0",lose,"3/aZi9Qx37YbNU+Z1cYLig=="
"2026-09-17T05:22:31.1008Z",moneybolt,playSWEEPSWinZone,ps,web,gold,regular,"3000.0","600.0",win,"asRqULYK033t0C881QpL6Q=="
"2026-09-17T05:22:28.0472Z",moneybolt,playSWEEPSWinZone,ps,web,gold,regular,"3000.0","0.0",lose,"uY88Ks/E6Iudp9AcUOEtYA=="
"2026-09-17T05:22:08.6082Z",moneybolt,playSWEEPSWinZone,ps,web,gold,regular,"3000.0","0.0",lose,"3m5+daLUq3qTuHnQvfh5IA=="
"2026-09-17T05:22:05.6230Z",moneybolt,playSWEEPSWinZone,ps,web,gold,regular,"3000.0","0.0",lose,"xsOgQZBB5+raBqJ7oTk79w=="
"2026-09-17T05:21:47.8958Z",moneybolt,playSWEEPSWinZone,ps,web,gold,regular,"3000.0","0.0",lose,"OuPetAO0RaKjB6nVt+RiHg=="
"2026-09-17T05:21:44.8457Z",moneybolt,playSWEEPSWinZone,ps,web,gold,regular,"3000.0","0.0",lose,"cTcVYn9wW/WBRMqLPjrxQA=="
"2026-09-17T05:21:41.8958Z",moneybolt,playSWEEPSWinZone,ps,web,gold,regular,"3000.0","0.0",lose,"b5Is/N7JfC7yQdZc5EBB9g=="
"2026-09-17T05:21:38.7827Z",moneybolt,playSWEEPSWinZone,ps,web,gold,regular,"3000.0","0.0",lose,"BdR7zRxWkQglrUsme60wCA=="
"2026-09-17T05:21:35.7577Z",moneybolt,playSWEEPSWinZone,ps,web,gold,regular,"3000.0","0.0",lose,"SoAsM1469QsOxVe9T9kupg=="
"2026-09-17T05:21:32.8800Z",moneybolt,playSWEEPSWinZone,ps,web,gold,regular,"3000.0","0.0",lose,"tcicvwpx6/Ce3CtCmJuIXA=="
"2026-09-17T05:21:24.6657Z",moneybolt,playSWEEPSWinZone,ps,web,gold,regular,"3000.0","0.0",lose,"5s+pToHh/X7uH7m/K8Q4aA=="
"2026-09-17T05:21:21.5269Z",moneybolt,playSWEEPSWinZone,ps,web,gold,regular,"3000.0","0.0",lose,"SnNromzXeDeGurTomlIAMQ=="
"2026-09-17T05:21:04.2487Z",moneybolt,playSWEEPSWinZone,ps,web,gold,regular,"3000.0","0.0",lose,"Y7sYtYPCCSFfkC2S+bwcLQ=="
"2026-09-17T05:21:01.1480Z",moneybolt,playSWEEPSWinZone,ps,web,gold,regular,"3000.0","0.0",lose,"02h2rRBIcnB8tA1EnNHulQ=="
"2026-09-17T05:20:55.9227Z",moneybolt,playSWEEPSWinZone,ps,web,gold,regular,"3000.0","600.0",win,"Kltx8AKT833x6k3jpUfAZg=="
"2026-09-17T05:20:40.8496Z",moneybolt,playSWEEPSWinZone,ps,web,gold,regular,"3000.0","0.0",lose,"BSAPZjEZ3gVKMBWoekTMNg=="
"2026-09-17T05:20:30.9726Z",moneybolt,playSWEEPSWinZone,ps,web,gold,regular,"3000.0","0.0",lose,"gUXYX6O7eXTGabK6RiCY8w=="
"2026-09-17T05:20:27.7098Z",moneybolt,playSWEEPSWinZone,ps,web,gold,regular,"3000.0","0.0",lose,"9nal2gJI+sQzAGvE9zgxiw=="
"2026-09-17T05:20:17.8560Z",moneybolt,playSWEEPSWinZone,ps,web,gold,regular,"3000.0","0.0",lose,"/j3L9xWfRVMLdNkEm0AKRg=="
"2026-09-17T05:19:55.3658Z",moneybolt,playSWEEPSWinZone,ps,web,gold,regular,"3000.0","1500.0",win,"lnAFfFruUZOhxs/JgK7COw=="
"2026-09-17T05:19:52.3220Z",moneybolt,playSWEEPSWinZone,ps,web,gold,regular,"3000.0","0.0",lose,"xcNLFGTjMEO4NZZ0XN4IUw=="
"2026-09-17T05:20:24.4471Z",moneybolt,playSWEEPSWinZone,ps,web,gold,regular,"3000.0","0.0",lose,"Cf2lZW+GxLu3EZsesjiyiQ=="
"2026-09-17T05:20:21.1602Z",moneybolt,playSWEEPSWinZone,ps,web,gold,regular,"3000.0","0.0",lose,"gl7FpY/NzhvGf32XeOta+g=="
"2026-09-17T05:20:12.3227Z",moneybolt,playSWEEPSWinZone,ps,web,gold,regular,"3000.0","1200.0",win,"jUWY7KeJaMgGkGTVDSEz+A=="
"2026-09-17T05:19:49.3429Z",moneybolt,playSWEEPSWinZone,ps,web,gold,regular,"3000.0","0.0",lose,"zxuyqCRF/8TUPApzHtMcfw=="
"2026-09-17T05:19:41.3550Z",moneybolt,playSWEEPSWinZone,ps,web,gold,regular,"3000.0","0.0",lose,"6l9AIo2ykz0aLMva8Xfnsg=="
"2026-09-17T05:19:38.4687Z",moneybolt,playSWEEPSWinZone,ps,web,gold,regular,"3000.0","0.0",lose,"aluBFjnHauT9uzWY6Mnwkg=="
"2026-09-17T05:19:32.1703Z",moneybolt,playSWEEPSWinZone,ps,web,gold,regular,"3000.0","0.0",lose,"6sCDRThaE+QL0sVJ7RACUg=="
"2026-09-17T05:11:38.2978Z",moneybolt,playSWEEPSWinZone,ps,web,gold,regular,"3000.0","0.0",lose,"pfzsnWDa1nvk1LlLeubjqA=="
"2026-09-17T05:11:29.5742Z",moneybolt,playSWEEPSWinZone,ps,web,gold,regular,"3000.0","0.0",lose,"kHDIkqMe327wgobV1srlQg=="
"2026-09-17T05:11:26.6437Z",moneybolt,playSWEEPSWinZone,ps,web,gold,regular,"3000.0","0.0",lose,"7YW76KCMzUw8VotCzN9bDw=="
"2026-09-17T05:11:20.7699Z",moneybolt,playSWEEPSWinZone,ps,web,gold,regular,"3000.0","0.0",lose,"/r4nHTqd75PADYhJQ90TTA=="
"2026-09-17T05:11:11.1177Z",moneybolt,playSWEEPSWinZone,ps,web,gold,regular,"3000.0","0.0",lose,"nI79+Pfc2A1z9+7SMHoKCg=="
"2026-09-17T05:11:08.2722Z",moneybolt,playSWEEPSWinZone,ps,web,gold,regular,"3000.0","0.0",lose,"DEonyAW4ythofJhSm99AtQ=="
"2026-09-17T05:10:56.5494Z",moneybolt,playSWEEPSWinZone,ps,web,gold,regular,"3000.0","0.0",lose,"VURi+gDIUBz4AT++hpz+tA=="
"2026-09-17T05:02:19.9831Z",moneybolt,playSWEEPSWinZone,ps,web,gold,regular,"3000.0","0.0",lose,"IFRNu0YhtFmiC99qMWWqFg=="
"2026-09-17T05:02:14.7648Z",moneybolt,playSWEEPSWinZone,ps,web,gold,regular,"3000.0","10800.0",win,"CihW8hNhGs2KctUzY8EMJg=="
"2026-09-17T05:02:11.7354Z",moneybolt,playSWEEPSWinZone,ps,web,gold,regular,"3000.0","0.0",lose,"tF6/6A/Hv9q2YqJhn/4bdQ=="
"2026-09-17T05:01:56.8234Z",moneybolt,playSWEEPSWinZone,ps,web,gold,regular,"3000.0","0.0",lose,"eLrz4dTbYJEZE2hUXEhmkg=="
"2026-09-17T05:01:48.7883Z",moneybolt,playSWEEPSWinZone,ps,web,gold,regular,"3000.0","6000.0",win,"lKvr/Z4UykO71Qzxe+0rjw=="
"2026-09-17T05:01:39.9523Z",moneybolt,playSWEEPSWinZone,ps,web,gold,regular,"3000.0","300.0",win,"jY/4zFxW11D2LFbaRHA55g=="
"2026-09-17T05:01:30.5164Z",moneybolt,playSWEEPSWinZone,ps,web,gold,regular,"3000.0","0.0",lose,"S3LHYXn4IwUJq6G0cXG0IQ=="
"2026-09-17T04:56:26.6475Z",moneybolt,playSWEEPSWinZone,ps,web,gold,regular,"3000.0","14400.0",win,"UfnxMTMzbUITU+pavWxGBw=="
"2026-09-17T04:56:20.8776Z",moneybolt,playSWEEPSWinZone,ps,web,gold,regular,"3000.0","0.0",lose,"oOpA5FSFb2DVJvby6Gf1Bg=="
"2026-09-17T04:56:17.2485Z",moneybolt,playSWEEPSWinZone,ps,web,gold,regular,"3000.0","0.0",lose,"MT63OsA1jud9xHIvoetoQQ=="
"2026-09-17T04:56:10.5803Z",moneybolt,playSWEEPSWinZone,ps,web,gold,regular,"3000.0","0.0",lose,"dOQd6E3kVSFvJRR2qsgvEw=="
"2026-09-17T04:56:05.4156Z",moneybolt,playSWEEPSWinZone,ps,web,gold,regular,"3000.0","1500.0",win,"+pwF64/uaYkZ+dpsVcG4RQ=="
"2026-09-17T04:55:56.4600Z",moneybolt,playSWEEPSWinZone,ps,web,gold,regular,"3000.0","0.0",lose,"2Eam9OWK5FzQmxUIZgZtLA=="
"2026-09-17T04:55:47.8606Z",moneybolt,playSWEEPSWinZone,ps,web,gold,regular,"3000.0","0.0",lose,"MWalMvXTtyS5WSkE1IyjKw=="
"2026-09-17T04:55:41.6705Z",moneybolt,playSWEEPSWinZone,ps,web,gold,regular,"3000.0","0.0",lose,"1ImaN78BDRFJlZFsuDLE2Q=="
"2026-09-17T04:55:30.3230Z",moneybolt,playSWEEPSWinZone,ps,web,gold,regular,"3000.0","900.0",win,"lC21KihXkDJFzwcQZ5Pm4A=="
"2026-09-17T04:48:13.5683Z",moneybolt,playSWEEPSWinZone,ps,web,gold,"free_spin","0.0","56100.0",win,"bmOezxct1ugZGpysG+LesA=="
"2026-09-17T04:47:51.3654Z",moneybolt,playSWEEPSWinZone,ps,web,gold,regular,"3000.0","0.0",lose,"bmOezxct1ugZGpysG+LesA=="
"2026-09-17T04:47:23.2799Z",moneybolt,playSWEEPSWinZone,ps,web,gold,regular,"3000.0","600.0",win,"juUTMOX8B+E/qwJ4depg1A=="
"2026-09-17T04:47:20.3279Z",moneybolt,playSWEEPSWinZone,ps,web,gold,regular,"3000.0","0.0",lose,"jXfeRKab9oBehjlDowADxg=="
"2026-09-17T04:47:15.0557Z",moneybolt,playSWEEPSWinZone,ps,web,gold,regular,"3000.0","600.0",win,"20Fh2WahRfNSbzuUuZXXNw=="
"2026-09-17T04:47:10.1733Z",moneybolt,playSWEEPSWinZone,ps,web,gold,regular,"3000.0","600.0",win,"asZZJ6I9geU4IheU/VmwJA=="
"2026-09-17T04:47:01.3247Z",moneybolt,playSWEEPSWinZone,ps,web,gold,regular,"3000.0","300.0",win,"XVlSqMKniV95KITviCNYSg=="
"2026-09-17T04:46:58.2029Z",moneybolt,playSWEEPSWinZone,ps,web,gold,regular,"3000.0","0.0",lose,"Rlg4jOY7mfWfPJnlRBpc1Q=="
"2026-09-17T04:46:37.3292Z",moneybolt,playSWEEPSWinZone,ps,web,gold,regular,"3000.0","0.0",lose,"qIFc2p8L9utdXmwFXfZFrg=="
"2026-09-17T04:44:26.0846Z",moneybolt,playSWEEPSWinZone,ps,web,gold,regular,"3000.0","1500.0",win,"y5CZ15mLie5nYsC3uNgwwA=="
"2026-09-17T04:44:17.7412Z",moneybolt,playSWEEPSWinZone,ps,web,gold,regular,"3000.0","600.0",win,"QKr0TkeIp4Mok38cTBy+QQ=="
"2026-09-17T04:44:14.1581Z",moneybolt,playSWEEPSWinZone,ps,web,gold,regular,"3000.0","0.0",lose,"zRMnSx8bkOOjZ4+fiXZ9/g=="
"2026-09-17T04:44:10.4711Z",moneybolt,playSWEEPSWinZone,ps,web,gold,regular,"3000.0","0.0",lose,"nqjwQ/OLBJW75XG8DDY04Q=="
"2026-09-17T04:43:47.9835Z",moneybolt,playSWEEPSWinZone,ps,web,gold,regular,"3000.0","180000.0",win,"CKFeukWK0Y/63tkxr6R0Yw=="
"2026-09-17T04:42:17.7646Z",moneybolt,playSWEEPSWinZone,ps,web,gold,regular,"3000.0","0.0",lose,"E+BQmXRbHQYrsH3B/94IOA=="
"2026-09-17T04:42:14.6700Z",moneybolt,playSWEEPSWinZone,ps,web,gold,regular,"3000.0","0.0",lose,"bBmaK7jP29CcRc4S6Mo2yQ=="
"2026-09-17T04:41:57.1202Z",moneybolt,playSWEEPSWinZone,ps,web,gold,regular,"3000.0","1500.0",win,"BsyK7p8i7aM5aP+Eq9OtXQ=="
"2026-09-17T04:41:46.2640Z",moneybolt,playSWEEPSWinZone,ps,web,gold,regular,"3000.0","600.0",win,"i3zjWAA0GYPlhTGCh7g/kA=="
"2026-09-17T04:41:43.2726Z",moneybolt,playSWEEPSWinZone,ps,web,gold,regular,"3000.0","0.0",lose,"foCUKnNN5CEYtSlaI3sN6g=="
"2026-09-17T04:41:40.1263Z",moneybolt,playSWEEPSWinZone,ps,web,gold,regular,"3000.0","0.0",lose,"ggYRAskxpuyTjxUyHhMgWA=="
"2026-09-17T04:41:30.9902Z",moneybolt,playSWEEPSWinZone,ps,web,gold,regular,"3000.0","0.0",lose,"tXGnd8iJ0kcGFjLNarEIPQ=="
"2026-09-17T04:41:21.5365Z",moneybolt,playSWEEPSWinZone,ps,web,gold,regular,"3000.0","0.0",lose,"dbvZFtvNsryOiIeR+rKVhA=="
"2026-09-17T04:40:49.9439Z",moneybolt,playSWEEPSWinZone,ps,web,gold,regular,"3000.0","1200.0",win,"9YCYu3mhpHis1vfjO2tmHg=="
"2026-09-17T04:40:46.8715Z",moneybolt,playSWEEPSWinZone,ps,web,gold,regular,"3000.0","0.0",lose,"6dkMm5Lf4qz/5nhwmLdCfg=="
"2026-09-17T04:40:38.4382Z",moneybolt,playSWEEPSWinZone,ps,web,gold,regular,"3000.0","600.0",win,"jKbfMjE92oxrO1CWkMVEZQ=="
"2026-09-17T04:40:35.5570Z",moneybolt,playSWEEPSWinZone,ps,web,gold,regular,"3000.0","0.0",lose,"A8avGtBTKXCoGzt/gmGyPA=="
"2026-09-17T04:40:29.3278Z",moneybolt,playSWEEPSWinZone,ps,web,gold,regular,"3000.0","0.0",lose,"OR91k61jOMa28ZSFp/J9Ow=="
"2026-09-17T04:40:20.9758Z",moneybolt,playSWEEPSWinZone,ps,web,gold,regular,"3000.0","0.0",lose,"zXEex/j4nVrj9qGB2nOu4w=="
"2026-09-17T04:40:18.0516Z",moneybolt,playSWEEPSWinZone,ps,web,gold,regular,"3000.0","0.0",lose,"QvDgKzgtAkRJRbJWqHFD7A=="
"2026-09-17T04:40:11.8622Z",moneybolt,playSWEEPSWinZone,ps,web,gold,regular,"3000.0","0.0",lose,"OcSSJdf3dY3N1txY4/AUvw=="
"2026-09-17T04:39:54.2845Z",moneybolt,playSWEEPSWinZone,ps,web,gold,regular,"3000.0","0.0",lose,"sAuSFQuwPURAQciNbbKDvg=="
"2026-09-17T04:39:51.3613Z",moneybolt,playSWEEPSWinZone,ps,web,gold,regular,"3000.0","0.0",lose,"efrw0QzU/zT9ducP2NzDpQ=="
"2026-09-17T04:39:48.3000Z",moneybolt,playSWEEPSWinZone,ps,web,gold,regular,"3000.0","0.0",lose,"zM2rwwNehwLB99SNKqy7ag=="
"2026-09-17T04:39:45.3006Z",moneybolt,playSWEEPSWinZone,ps,web,gold,regular,"3000.0","0.0",lose,"r176wux3DQywCsmXepKhoA=="
"2026-09-17T04:39:31.6297Z",moneybolt,playSWEEPSWinZone,ps,web,gold,regular,"3000.0","0.0",lose,"Yf5iK3n7yIieptxaSamVng=="
"2026-09-17T04:39:23.5695Z",moneybolt,playSWEEPSWinZone,ps,web,gold,regular,"3000.0","0.0",lose,"qDiGPyFDWMyX5Mj/k/dsHQ=="
"2026-09-17T04:39:15.0513Z",moneybolt,playSWEEPSWinZone,ps,web,gold,regular,"3000.0","1200.0",win,"4Cehamgf03HSf0IR5QvtRA=="
"2026-09-17T04:39:07.2303Z",moneybolt,playSWEEPSWinZone,ps,web,gold,regular,"3000.0","600.0",win,"8f6kOZejvqz09uEbGGBy0A=="
"2026-09-17T04:39:02.0766Z",moneybolt,playSWEEPSWinZone,ps,web,gold,regular,"3000.0","5100.0",win,"WHqdsszW37ntXvbBNJjoHw=="
"2026-09-17T04:38:59.1385Z",moneybolt,playSWEEPSWinZone,ps,web,gold,regular,"3000.0","0.0",lose,"GLJnLMNg20N0dtHHOcKcnA=="
"2026-09-17T04:38:28.5169Z",moneybolt,playSWEEPSWinZone,ps,web,gold,regular,"3000.0","0.0",lose,"SoN82zQqyp6G904050VJ5w=="
"2026-09-17T04:38:25.6231Z",moneybolt,playSWEEPSWinZone,ps,web,gold,regular,"3000.0","0.0",lose,"NlRHy7mWiDD7yQQgm58Nng=="
"2026-09-17T04:38:22.4789Z",moneybolt,playSWEEPSWinZone,ps,web,gold,regular,"3000.0","0.0",lose,"FGXLll3akpJBi+037zejkw=="
"2026-09-17T04:38:16.8907Z",moneybolt,playSWEEPSWinZone,ps,web,gold,regular,"3000.0","1500.0",win,"xAGz6YHb+20W1P6GIm3NQQ=="
"2026-09-17T04:38:08.5331Z",moneybolt,playSWEEPSWinZone,ps,web,gold,regular,"3000.0","0.0",lose,"gIKaNic0RVrtdYxNTg/wyQ=="
"2026-09-17T04:36:56.3123Z",moneybolt,playSWEEPSWinZone,ps,web,gold,regular,"3000.0","0.0",lose,"t5BXGHah1ymEvLIoshRtTA=="
"2026-09-17T04:36:53.2969Z",moneybolt,playSWEEPSWinZone,ps,web,gold,regular,"3000.0","0.0",lose,"617mphP1doqr/38a6EBSQg=="
"2026-09-17T04:36:47.2199Z",moneybolt,playSWEEPSWinZone,ps,web,gold,regular,"3000.0","0.0",lose,"HWsGstG7MFC+Gl6lIb8Hsw=="
"2026-09-17T04:36:44.1067Z",moneybolt,playSWEEPSWinZone,ps,web,gold,regular,"3000.0","0.0",lose,"iBMJJl3+9FSSprBbI7al/Q=="
"2026-09-17T04:36:41.0368Z",moneybolt,playSWEEPSWinZone,ps,web,gold,regular,"3000.0","0.0",lose,"0uAMCfaPG+OvHpqtGFG44Q=="
"2026-09-17T04:36:34.9581Z",moneybolt,playSWEEPSWinZone,ps,web,gold,regular,"3000.0","0.0",lose,"WohQu2mpXGOq4aM6VHTfyw=="
"2026-09-17T04:36:32.0230Z",moneybolt,playSWEEPSWinZone,ps,web,gold,regular,"3000.0","0.0",lose,"bxUOJBZf1STUKk5ER6CRWA=="
"2026-09-17T04:36:59.1879Z",moneybolt,playSWEEPSWinZone,ps,web,gold,regular,"3000.0","0.0",lose,"ysPClx/XG2lb/zTMdlbYMw=="
"2026-09-17T04:36:50.3326Z",moneybolt,playSWEEPSWinZone,ps,web,gold,regular,"3000.0","0.0",lose,"eYAp5cAmjoJcGr6AmZKbiA=="
"2026-09-17T04:36:37.9419Z",moneybolt,playSWEEPSWinZone,ps,web,gold,regular,"3000.0","0.0",lose,"o5hi0MSOpqQjfaK4n3MNJg=="
"2026-09-17T04:36:28.8711Z",moneybolt,playSWEEPSWinZone,ps,web,gold,regular,"3000.0","0.0",lose,"qm7Kp2gQHoT+ClVNNCBAJQ=="
"2026-09-17T04:36:22.4202Z",moneybolt,playSWEEPSWinZone,ps,web,gold,regular,"3000.0","0.0",lose,"rzmV178pg/TBQF/wPXmk1Q=="
"2026-09-17T04:36:15.6861Z",moneybolt,playSWEEPSWinZone,ps,web,gold,regular,"3000.0","0.0",lose,"9auFJy8Le1hLVZBlzZbNTQ=="
"2026-09-17T04:36:09.1263Z",moneybolt,playSWEEPSWinZone,ps,web,gold,regular,"3000.0","0.0",lose,"Vi8c/MPd/kf0KLaXJdnCXw=="
"2026-09-17T04:35:53.3786Z",moneybolt,playSWEEPSWinZone,ps,web,gold,regular,"3000.0","600.0",win,"HRPoYshbDHC8vng6diKUFA=="
"2026-09-17T04:35:42.1403Z",moneybolt,playSWEEPSWinZone,ps,web,gold,regular,"3000.0","900.0",win,"vr7lGug9C4v/55s9KJwI9A=="
"2026-09-17T04:35:39.1426Z",moneybolt,playSWEEPSWinZone,ps,web,gold,regular,"3000.0","0.0",lose,"vUxO+F0q6XFrWPWnA38jUA=="
"2026-09-17T04:35:36.0156Z",moneybolt,playSWEEPSWinZone,ps,web,gold,regular,"3000.0","0.0",lose,"MW13z4tdQEx4RfJgFBTuEw=="
"2026-09-17T04:25:04.9088Z","wildbuccaneerstripletreasure_94",playSWEEPSWinZone,rgs,web,gold,regular,"2000.0","0.0",lose,10031191890
"2026-09-17T04:24:57.6965Z","wildbuccaneerstripletreasure_94",playSWEEPSWinZone,rgs,web,gold,regular,"2000.0","400.0",win,10031191301
"2026-09-17T04:24:48.0549Z","wildbuccaneerstripletreasure_94",playSWEEPSWinZone,rgs,web,gold,regular,"2000.0","0.0",lose,10031190976
"2026-09-17T04:24:44.5827Z","wildbuccaneerstripletreasure_94",playSWEEPSWinZone,rgs,web,gold,regular,"2000.0","0.0",lose,10031190804
"2026-09-17T04:24:38.2378Z","wildbuccaneerstripletreasure_94",playSWEEPSWinZone,rgs,web,gold,regular,"2000.0","400.0",win,10031190321
"2026-09-17T04:24:29.5820Z","wildbuccaneerstripletreasure_94",playSWEEPSWinZone,rgs,web,gold,regular,"2000.0","4000.0",win,10031189818
"2026-09-17T04:23:22.3944Z","wildbuccaneerstripletreasure_94",playSWEEPSWinZone,rgs,web,gold,regular,"2000.0","0.0",lose,10031186195
"2026-09-17T04:23:17.6057Z","wildbuccaneerstripletreasure_94",playSWEEPSWinZone,rgs,web,gold,regular,"2000.0","1600.0",win,10031185856
"2026-09-17T04:23:11.3454Z","wildbuccaneerstripletreasure_94",playSWEEPSWinZone,rgs,web,gold,regular,"2000.0","1200.0",win,10031185401
"2026-09-17T04:23:04.0710Z","wildbuccaneerstripletreasure_94",playSWEEPSWinZone,rgs,web,gold,regular,"2000.0","0.0",lose,10031185145
"2026-09-17T04:22:52.6064Z","wildbuccaneerstripletreasure_94",playSWEEPSWinZone,rgs,web,gold,regular,"2000.0","0.0",lose,10031184569
"2026-09-17T04:22:49.4043Z","wildbuccaneerstripletreasure_94",playSWEEPSWinZone,rgs,web,gold,regular,"2000.0","1000.0",win,10031184224
"2026-09-17T04:22:36.1555Z","wildbuccaneerstripletreasure_94",playSWEEPSWinZone,rgs,web,gold,regular,"2000.0","2800.0",win,10031183450
"2026-09-17T04:22:29.8604Z","wildbuccaneerstripletreasure_94",playSWEEPSWinZone,rgs,web,gold,regular,"2000.0","1200.0",win,10031183080
"2026-09-17T04:22:24.6033Z","wildbuccaneerstripletreasure_94",playSWEEPSWinZone,rgs,web,gold,regular,"2000.0","0.0",lose,10031182842
"2026-09-17T04:22:20.5849Z","wildbuccaneerstripletreasure_94",playSWEEPSWinZone,rgs,web,gold,regular,"2000.0","0.0",lose,10031182668
"2026-09-17T04:22:18.1108Z","wildbuccaneerstripletreasure_94",playSWEEPSWinZone,rgs,web,gold,regular,"2000.0","0.0",lose,10031182398
"2026-09-17T04:22:13.6951Z","wildbuccaneerstripletreasure_94",playSWEEPSWinZone,rgs,web,gold,regular,"2000.0","0.0",lose,10031182225
"2026-09-17T04:21:53.4740Z","wildbuccaneerstripletreasure_94",playSWEEPSWinZone,rgs,web,gold,regular,"2000.0","0.0",lose,10031181055
"2026-09-17T04:21:50.8985Z","wildbuccaneerstripletreasure_94",playSWEEPSWinZone,rgs,web,gold,regular,"2000.0","0.0",lose,10031180712
"2026-09-17T04:21:43.8430Z","wildbuccaneerstripletreasure_94",playSWEEPSWinZone,rgs,web,gold,regular,"2000.0","0.0",lose,10031180401
"2026-09-17T04:21:37.6157Z","wildbuccaneerstripletreasure_94",playSWEEPSWinZone,rgs,web,gold,regular,"2000.0","0.0",lose,10031180288
"2026-09-17T04:21:28.6408Z","wildbuccaneerstripletreasure_94",playSWEEPSWinZone,rgs,web,gold,regular,"2000.0","0.0",lose,10031179733
"2026-09-17T04:20:22.8092Z","wildbuccaneerstripletreasure_94",playSWEEPSWinZone,rgs,web,gold,regular,"2000.0","0.0",lose,10031176188
"2026-09-17T04:20:18.1394Z","wildbuccaneerstripletreasure_94",playSWEEPSWinZone,rgs,web,gold,regular,"2000.0","0.0",lose,10031175916
"2026-09-17T04:20:01.3236Z","wildbuccaneerstripletreasure_94",playSWEEPSWinZone,rgs,web,gold,regular,"2000.0","0.0",lose,10031174936
"2026-09-17T04:19:46.5230Z","wildbuccaneerstripletreasure_94",playSWEEPSWinZone,rgs,web,gold,regular,"2000.0","0.0",lose,10031174092
"2026-09-17T04:19:29.8091Z","wildbuccaneerstripletreasure_94",playSWEEPSWinZone,rgs,web,gold,regular,"2000.0","0.0",lose,10031173187
"2026-09-17T04:19:24.7534Z","wildbuccaneerstripletreasure_94",playSWEEPSWinZone,rgs,web,gold,regular,"2000.0","2800.0",win,10031172750
"2026-09-18T08:08:39.8849Z",cashpig2,playSWEEPSWinZone,"booming_games",app,gold,"free_spin","0.0","0.0",lose,6aacf186664629d3eae4262d
"2026-09-18T08:08:36.0368Z",cashpig2,playSWEEPSWinZone,"booming_games",app,gold,"free_spin","0.0","0.0",lose,6aacf183664629d3eae41cbe
"2026-09-18T08:08:31.8869Z",cashpig2,playSWEEPSWinZone,"booming_games",app,gold,"free_spin","0.0","0.0",lose,6aacf17e664629d3eae40f4b
"2026-09-18T08:07:34.9941Z",zeusrushfeverdeluxe94,playSWEEPSWinZone,"ruby_play",app,gold,regular,"1000.0","900.0",win,ac7f013b716a4a3abb0d4e9ad719a656
"2026-09-18T08:04:23.8094Z","5wildbuffalo2_94",playSWEEPSWinZone,rgs,app,gold,regular,"600.0","0.0",lose,10035558170
"2026-09-18T07:40:38.4941Z",moneybolt,playSWEEPSWinZone,ps,app,sweep,regular,"0.2","0.0",lose,"9dxdev3xzPIE8m8DibfQfA=="
"2026-09-18T07:40:28.6480Z",moneybolt,playSWEEPSWinZone,ps,app,sweep,regular,"0.2","0.0",lose,"v4iLQsoq4MIYMAffWSz4Wg=="
"2026-09-18T07:38:53.9067Z",moneybolt,playSWEEPSWinZone,ps,app,sweep,regular,"0.2","0.0",lose,"u5O3Nl+jkb3eyVLecLI7hg=="
"2026-09-18T07:38:31.4954Z",moneybolt,playSWEEPSWinZone,ps,app,sweep,regular,"0.2","0.02",win,"ftCSyhjDBRp6pUCnI2rz0g=="
"2026-09-18T07:38:20.2323Z",moneybolt,playSWEEPSWinZone,ps,app,sweep,regular,"0.2","0.0",lose,"J2UzPP3DUs+r8MYarOQ1xQ=="
"2026-09-18T07:39:13.7854Z",moneybolt,playSWEEPSWinZone,ps,app,sweep,regular,"0.2","0.0",lose,"Lr9Q17Ia+tp6HUEP/Aw+vw=="
"2026-09-18T07:38:56.9515Z",moneybolt,playSWEEPSWinZone,ps,app,sweep,regular,"0.2","0.3",win,"w1R+8V6K0eLzI2LoF+7w9g=="
"2026-09-18T07:38:37.0448Z",moneybolt,playSWEEPSWinZone,ps,app,sweep,regular,"0.2","0.2",win,"J+CeeW+B/zBGebRHVmpwXg=="
"2026-09-18T07:38:28.3817Z",moneybolt,playSWEEPSWinZone,ps,app,sweep,regular,"0.2","0.0",lose,"bw4RYOFuIKzT+wHtkODa8Q=="
"2026-09-18T07:38:23.2480Z",moneybolt,playSWEEPSWinZone,ps,app,sweep,regular,"0.2","0.08",win,"Yi7bhQq36tfEDW8lhhFKcw=="
"2026-09-17T08:51:10.0379Z",moneybolt,playSWEEPSWinZone,ps,web,gold,regular,"3000.0","0.0",lose,"oZCJzmD4wq7GH8L+ZRe5Ng=="
"2026-09-17T08:51:03.2513Z",moneybolt,playSWEEPSWinZone,ps,web,gold,regular,"3000.0","0.0",lose,"QAwfaKf9577o4PomgBFpqQ=="
"2026-09-17T08:50:39.4505Z",moneybolt,playSWEEPSWinZone,ps,web,gold,regular,"3000.0","67500.0",win,"FZbtYMWOILh1J6Uj6nAKDA=="
"2026-09-17T08:50:31.3360Z",moneybolt,playSWEEPSWinZone,ps,web,gold,regular,"3000.0","0.0",lose,"KIIcOWjrDj4XmAAGe4Arvg=="
"2026-09-17T08:50:34.1541Z",moneybolt,playSWEEPSWinZone,ps,web,gold,regular,"3000.0","300.0",win,"3ZtQ/uDHeaftTZhjoXzCTQ=="
"2026-09-17T08:50:25.6669Z",moneybolt,playSWEEPSWinZone,ps,web,gold,regular,"3000.0","600.0",win,"pJVQfeq3N/+inz7IK02JVg=="
"2026-09-17T08:50:11.3024Z",moneybolt,playSWEEPSWinZone,ps,web,gold,regular,"3000.0","2100.0",win,"O0WZstKqnucRO2ucP2ePaA=="
"2026-09-17T08:49:59.2266Z",moneybolt,playSWEEPSWinZone,ps,web,gold,regular,"3000.0","0.0",lose,"5y+ALn+I0AZsIyCxtZ6iHg=="
"2026-09-17T08:49:56.3505Z",moneybolt,playSWEEPSWinZone,ps,web,gold,regular,"3000.0","0.0",lose,"wRkJX46XEf2pMHI1z1/RnQ=="
"2026-09-17T08:49:53.5172Z",moneybolt,playSWEEPSWinZone,ps,web,gold,regular,"3000.0","0.0",lose,"4B6NlIV0/jueHn0iU59fPA=="
"2026-09-17T08:49:42.7975Z",moneybolt,playSWEEPSWinZone,ps,web,gold,regular,"3000.0","300.0",win,"Uz2i5O2/gJlc2DTAgzq8PA=="
"2026-09-17T08:45:18.6187Z",moneybolt,playSWEEPSWinZone,ps,web,gold,regular,"3000.0","13500.0",win,"G9LPO4eqv0cd2WpyYLwDiA=="
"2026-09-17T08:45:12.3232Z",moneybolt,playSWEEPSWinZone,ps,web,gold,regular,"3000.0","0.0",lose,"tn1uTI7m1tiJJ/Bg1+KgrA=="
"2026-09-17T08:45:09.2121Z",moneybolt,playSWEEPSWinZone,ps,web,gold,regular,"3000.0","0.0",lose,"ODldqq1W4pFYw2MpJL2QcQ=="
"2026-09-17T08:45:00.2492Z",moneybolt,playSWEEPSWinZone,ps,web,gold,regular,"3000.0","0.0",lose,"s5vd/UGMmH95NzZu7xOFuA=="
"2026-09-17T08:44:56.2200Z",moneybolt,playSWEEPSWinZone,ps,web,gold,regular,"3000.0","0.0",lose,"D2A0cg8azQELAKc5wo0FXA=="
"2026-09-17T08:44:53.1710Z",moneybolt,playSWEEPSWinZone,ps,web,gold,regular,"3000.0","0.0",lose,"NJN6syyB12r9cM/Ip7JrMg=="
"2026-09-17T08:44:40.8038Z",moneybolt,playSWEEPSWinZone,ps,web,gold,regular,"3000.0","0.0",lose,"qt7o4/imHICgsWz7a1GxGA=="
"2026-09-17T08:44:24.0143Z",moneybolt,playSWEEPSWinZone,ps,web,gold,regular,"3000.0","0.0",lose,"XnkIJDoP+f+qQ3nc0E0AQw=="
"2026-09-17T08:36:19.6963Z",moneybolt,playSWEEPSWinZone,ps,web,gold,regular,"3000.0","900.0",win,"qSDPw4NWl/1r8l/okIJy+A=="
"2026-09-17T08:36:08.4252Z",moneybolt,playSWEEPSWinZone,ps,web,gold,regular,"3000.0","600.0",win,"BPKjjhoBHuOmV+KHrpAq8Q=="
"2026-09-17T08:36:05.3824Z",moneybolt,playSWEEPSWinZone,ps,web,gold,regular,"3000.0","0.0",lose,"cXxyVFNGRjRZ5qwgW6ayyQ=="
"2026-09-17T08:35:54.7131Z",moneybolt,playSWEEPSWinZone,ps,web,gold,regular,"3000.0","0.0",lose,"ocrEE5Lic6Qgy1BSDK1rJQ=="
"2026-09-17T08:35:48.3752Z",moneybolt,playSWEEPSWinZone,ps,web,gold,regular,"3000.0","0.0",lose,"ekv+IGdjG+lbz5uRFRljUw=="
"2026-09-17T08:35:45.2707Z",moneybolt,playSWEEPSWinZone,ps,web,gold,regular,"3000.0","0.0",lose,"mlupyR37guLOKEXi7ljfWQ=="
"2026-09-17T08:35:42.2079Z",moneybolt,playSWEEPSWinZone,ps,web,gold,regular,"3000.0","0.0",lose,"K5OCSxje052qpQ2h1ZSxQA=="
"2026-09-17T08:35:36.1485Z",moneybolt,playSWEEPSWinZone,ps,web,gold,regular,"3000.0","0.0",lose,"tNg1+PPspOcjmug58TRUeA=="
"2026-09-17T08:35:33.2350Z",moneybolt,playSWEEPSWinZone,ps,web,gold,regular,"3000.0","0.0",lose,"q3NPEGAsGmjLR3fYe5zIPA=="
"2026-09-17T08:34:18.3416Z",moneybolt,playSWEEPSWinZone,ps,web,gold,regular,"3000.0","0.0",lose,"e/z1CLvQXnTV+MT2mtOnsw=="
"2026-09-17T08:34:13.3350Z",moneybolt,playSWEEPSWinZone,ps,web,gold,regular,"3000.0","2100.0",win,"gkUmdvrVM/+rFRV66DYUUQ=="
"2026-09-17T08:34:10.3298Z",moneybolt,playSWEEPSWinZone,ps,web,gold,regular,"3000.0","0.0",lose,"oDa/FgXn9blh8T/ul4gPEQ=="
"2026-09-17T08:34:07.1705Z",moneybolt,playSWEEPSWinZone,ps,web,gold,regular,"3000.0","0.0",lose,"UaNHC5bowLAWLsJkz+OMxw=="
"2026-09-17T08:34:01.9971Z",moneybolt,playSWEEPSWinZone,ps,web,gold,regular,"3000.0","900.0",win,"oOF/45C3DoG7Hv0T4QgqRg=="
"2026-09-17T08:33:59.0577Z",moneybolt,playSWEEPSWinZone,ps,web,gold,regular,"3000.0","0.0",lose,"uuy2SOMzG2i8K8Alt6vhMg=="
"2026-09-17T08:33:48.9164Z",moneybolt,playSWEEPSWinZone,ps,web,gold,regular,"3000.0","1500.0",win,"Ssbenr/y2TpqZgPUlNlt3g=="
"2026-09-17T08:33:43.7496Z",moneybolt,playSWEEPSWinZone,ps,web,gold,regular,"3000.0","300.0",win,"RItTlIh4kv7/l2SQd0C3NQ=="
"2026-09-17T08:33:37.7507Z",moneybolt,playSWEEPSWinZone,ps,web,gold,regular,"3000.0","0.0",lose,"DAEhmrSQGQcP+BKDM/myig=="
"2026-09-17T08:33:34.6276Z",moneybolt,playSWEEPSWinZone,ps,web,gold,regular,"3000.0","0.0",lose,"7vYFkchIqrp6bh99QGhGqQ=="
"2026-09-17T08:33:28.6095Z",moneybolt,playSWEEPSWinZone,ps,web,gold,regular,"3000.0","0.0",lose,"9chwiZTq0GbCXG5IyXJTQw=="
"2026-09-17T08:33:25.5898Z",moneybolt,playSWEEPSWinZone,ps,web,gold,regular,"3000.0","0.0",lose,"+xBgXJqEC+VHE7hTyd104g=="
"2026-09-17T08:33:22.2736Z",moneybolt,playSWEEPSWinZone,ps,web,gold,regular,"3000.0","0.0",lose,"oiLG7fP95qVou43k9vC3WQ=="
"2026-09-17T08:30:21.2268Z",moneybolt,playSWEEPSWinZone,ps,web,gold,regular,"3000.0","0.0",lose,"cuG3Qh7hkCOr6X6yO38+8g=="
"2026-09-17T08:30:14.4781Z",moneybolt,playSWEEPSWinZone,ps,web,gold,regular,"3000.0","0.0",lose,"HaXBIcB2spqTWKeiytRIqQ=="
"2026-09-17T08:30:08.1431Z",moneybolt,playSWEEPSWinZone,ps,web,gold,regular,"3000.0","0.0",lose,"QBrqUU23tYXp0dqNWH5Dyw=="
"2026-09-17T08:29:59.6519Z",moneybolt,playSWEEPSWinZone,ps,web,gold,regular,"3000.0","0.0",lose,"UCN8npsTQMnSsc5bkH18Kw=="
"2026-09-17T08:29:50.6223Z",moneybolt,playSWEEPSWinZone,ps,web,gold,regular,"3000.0","0.0",lose,"k+JID5V6uZ/HFkKntcM5pA=="
"2026-09-17T08:29:47.7578Z",moneybolt,playSWEEPSWinZone,ps,web,gold,regular,"3000.0","0.0",lose,"kdBgXoGZsMiOk9vLxBXITA=="
"2026-09-17T08:29:41.7078Z",moneybolt,playSWEEPSWinZone,ps,web,gold,regular,"3000.0","0.0",lose,"fSDeEBYLWkCbLtn3i7vYqw=="
"2026-09-17T08:29:38.6549Z",moneybolt,playSWEEPSWinZone,ps,web,gold,regular,"3000.0","0.0",lose,"JDNHQODhTGhXjEHGKUEFcQ=="
"2026-09-17T08:29:35.7087Z",moneybolt,playSWEEPSWinZone,ps,web,gold,regular,"3000.0","0.0",lose,"vRBsBrAkUGchx1gB/BHvQA=="
"2026-09-17T08:29:17.1395Z",moneybolt,playSWEEPSWinZone,ps,web,gold,regular,"3000.0","600.0",win,"LzcLQCpCRoIEchMP4Izv0A=="
"2026-09-17T08:29:13.9067Z",moneybolt,playSWEEPSWinZone,ps,web,gold,regular,"3000.0","0.0",lose,"ivMFuej12o0+1guEWaaYTg=="
"2026-09-17T08:29:08.2405Z",moneybolt,playSWEEPSWinZone,ps,web,gold,regular,"3000.0","0.0",lose,"f4NCDzUyE+wSpsFQewWk9w=="
"2026-09-17T08:28:55.2638Z",moneybolt,playSWEEPSWinZone,ps,web,gold,regular,"3000.0","0.0",lose,"BykOic3Jz9R5wumzLeMHsA=="
"2026-09-17T08:28:52.4728Z",moneybolt,playSWEEPSWinZone,ps,web,gold,regular,"3000.0","0.0",lose,"NF4x4yxMy7VL27/NxRWbmQ=="
"2026-09-17T08:28:46.4537Z",moneybolt,playSWEEPSWinZone,ps,web,gold,regular,"3000.0","0.0",lose,"Qi7H/VvQYKThmS0Nz3qHLw=="
"2026-09-17T08:28:29.0010Z",moneybolt,playSWEEPSWinZone,ps,web,gold,regular,"3000.0","2100.0",win,"iNH/CM1wk8Jf04Tsxpi96Q=="
"2026-09-17T08:28:26.2640Z",moneybolt,playSWEEPSWinZone,ps,web,gold,regular,"3000.0","0.0",lose,"4Kuelr04a4NCmrnKXpewVw=="
"2026-09-17T08:07:16.0610Z",moneybolt,playSWEEPSWinZone,ps,web,gold,regular,"3000.0","0.0",lose,"kXC+P7MCyFT7ZY/REH0PjQ=="
"2026-09-17T08:07:13.1556Z",moneybolt,playSWEEPSWinZone,ps,web,gold,regular,"3000.0","0.0",lose,"MpVgGiyeY+6uGAVHPuUelQ=="
"2026-09-17T08:07:07.3408Z",moneybolt,playSWEEPSWinZone,ps,web,gold,regular,"3000.0","0.0",lose,"QL0ruX9JEQXKxuP9psJbog=="
"2026-09-17T08:07:04.3998Z",moneybolt,playSWEEPSWinZone,ps,web,gold,regular,"3000.0","0.0",lose,"a2abz1NywNbfXiqKXj17Zw=="
"2026-09-17T08:07:01.1654Z",moneybolt,playSWEEPSWinZone,ps,web,gold,regular,"3000.0","0.0",lose,"iuvohhPbOBnkUMM8E7Gjwg=="
"2026-09-17T08:06:53.1842Z",moneybolt,playSWEEPSWinZone,ps,web,gold,regular,"3000.0","0.0",lose,"gEIcji83dOBHZuSHwUOn3Q=="
"2026-09-17T08:06:48.0989Z",moneybolt,playSWEEPSWinZone,ps,web,gold,regular,"3000.0","3000.0",win,"m/goWK/PNFJAytgSUcC1uw=="
"2026-09-17T08:06:45.2258Z",moneybolt,playSWEEPSWinZone,ps,web,gold,regular,"3000.0","0.0",lose,"v76Xem8+Ol1P8ggBdHDLbQ=="
"2026-09-17T08:06:42.2438Z",moneybolt,playSWEEPSWinZone,ps,web,gold,regular,"3000.0","0.0",lose,"Lff//EBcYuUNHGFSziyGzw=="
"2026-09-17T08:06:36.4324Z",moneybolt,playSWEEPSWinZone,ps,web,gold,regular,"3000.0","0.0",lose,"3sX2Mjkq7DjMIACEYhwAEg=="
"2026-09-17T08:05:17.9676Z",moneybolt,playSWEEPSWinZone,ps,web,gold,regular,"3000.0","600.0",win,"CFCB5LDTMc3O/cYQTLQiFg=="
"2026-09-17T08:05:07.6524Z",moneybolt,playSWEEPSWinZone,ps,web,gold,regular,"3000.0","0.0",lose,"+qPelw0TIUOFbLQdp+CrfA=="
"2026-09-17T08:04:52.7001Z",moneybolt,playSWEEPSWinZone,ps,web,gold,regular,"3000.0","0.0",lose,"cy+XiXuU52GkZWq3uZZerQ=="
"2026-09-17T08:04:46.4694Z",moneybolt,playSWEEPSWinZone,ps,web,gold,regular,"3000.0","0.0",lose,"GNczkYPbejtl+SkAqq7OpA=="
"2026-09-17T08:04:43.4248Z",moneybolt,playSWEEPSWinZone,ps,web,gold,regular,"3000.0","0.0",lose,"ThY/9NWuLOV7kSWttUX9Dg=="
"2026-09-17T08:04:40.3542Z",moneybolt,playSWEEPSWinZone,ps,web,gold,regular,"3000.0","0.0",lose,"+0OQFCpZvp5tqtB6Qs03gA=="
"2026-09-17T08:04:37.3146Z",moneybolt,playSWEEPSWinZone,ps,web,gold,regular,"3000.0","0.0",lose,"BF0aV6W/Nw4XT+TgXIBuUw=="
"2026-09-17T08:04:31.4999Z",moneybolt,playSWEEPSWinZone,ps,web,gold,regular,"3000.0","0.0",lose,"KQ+frQZ3S3YewODSyjkBqg=="
"2026-09-17T08:04:28.5172Z",moneybolt,playSWEEPSWinZone,ps,web,gold,regular,"3000.0","0.0",lose,"bSfsXzM3msaB9qIlr+L8lg=="
"2026-09-17T08:03:52.4788Z",moneybolt,playSWEEPSWinZone,ps,web,gold,regular,"3000.0","10500.0",win,"S86yAgFxYEd74VIQ+4CGnA=="
"2026-09-17T08:03:47.2952Z",moneybolt,playSWEEPSWinZone,ps,web,gold,regular,"3000.0","3300.0",win,"XBlQb/ct/2ubw8wVx14uFA=="
"2026-09-17T08:03:44.2519Z",moneybolt,playSWEEPSWinZone,ps,web,gold,regular,"3000.0","0.0",lose,"obBy1QuLLDuaaw7OZJn5Jg=="
"2026-09-17T08:03:41.3950Z",moneybolt,playSWEEPSWinZone,ps,web,gold,regular,"3000.0","0.0",lose,"3ep6oizAvv3sSzWlMT/YOw=="
"2026-09-17T08:03:38.3775Z",moneybolt,playSWEEPSWinZone,ps,web,gold,regular,"3000.0","0.0",lose,"okorIv8vrPBFoRI520S04g=="
"2026-09-17T08:03:18.8000Z",moneybolt,playSWEEPSWinZone,ps,web,gold,regular,"3000.0","0.0",lose,"mV9bIN5MxBuNhy0HXumS6A=="
"2026-09-17T07:58:16.7894Z",moneybolt,playSWEEPSWinZone,ps,web,gold,regular,"3000.0","0.0",lose,"et2K1BQcbdXMVBavmbc1YQ=="
"2026-09-17T07:57:59.5745Z",moneybolt,playSWEEPSWinZone,ps,web,gold,regular,"3000.0","0.0",lose,"3CWQQlSx9kppRzI0Qkyeow=="
"2026-09-17T07:57:46.2996Z",moneybolt,playSWEEPSWinZone,ps,web,gold,regular,"3000.0","0.0",lose,"r8Vjb9g555UTHLVSVJ1I2A=="
"2026-09-17T07:57:11.4431Z",moneybolt,playSWEEPSWinZone,ps,web,gold,regular,"3000.0","900.0",win,"S1FNyZiqQx7u+IS7wNbicw=="
"2026-09-17T07:57:08.3687Z",moneybolt,playSWEEPSWinZone,ps,web,gold,regular,"3000.0","0.0",lose,"WbMzQhRi0LVRHtl4Evwncg=="
"2026-09-17T07:57:02.1577Z",moneybolt,playSWEEPSWinZone,ps,web,gold,regular,"3000.0","0.0",lose,"RTVT4oBRA+uwycSuHJ4Bqw=="
"2026-09-17T07:56:55.2280Z",moneybolt,playSWEEPSWinZone,ps,web,gold,regular,"3000.0","0.0",lose,"By9XRga09ALlCJfWV7FRJQ=="
"2026-09-17T07:56:52.1227Z",moneybolt,playSWEEPSWinZone,ps,web,gold,regular,"3000.0","0.0",lose,"m/iPp0Oiduk3JFOGKXqWmA=="
"2026-09-17T07:56:45.2712Z",moneybolt,playSWEEPSWinZone,ps,web,gold,regular,"3000.0","0.0",lose,"cNyLAVB6ByVE76QtcN9Flw=="
"2026-09-17T07:56:42.2755Z",moneybolt,playSWEEPSWinZone,ps,web,gold,regular,"3000.0","0.0",lose,"dkt0ehsReKLjtR1nTQ24sA=="
"2026-09-17T07:56:31.1582Z",moneybolt,playSWEEPSWinZone,ps,web,gold,regular,"3000.0","900.0",win,"/a77yMkx5B9g1BPy54bRPA=="
"2026-09-17T07:56:04.5900Z",moneybolt,playSWEEPSWinZone,ps,web,gold,regular,"3000.0","0.0",lose,"bWYbyllZF2o9CBnH8E0/Yw=="
"2026-09-17T07:55:53.1067Z",moneybolt,playSWEEPSWinZone,ps,web,gold,regular,"3000.0","600.0",win,"o8sdHVSO1UUrZaTsfWvcKw=="
"2026-09-17T07:55:35.3741Z",moneybolt,playSWEEPSWinZone,ps,web,gold,regular,"3000.0","0.0",lose,"yqsJBvp9LWe/q0e0CBranA=="
"2026-09-17T07:55:26.1350Z",moneybolt,playSWEEPSWinZone,ps,web,gold,regular,"3000.0","0.0",lose,"UoENg0TwJVEvzh3dwWQemA=="
"2026-09-17T07:49:01.2941Z",moneybolt,playSWEEPSWinZone,ps,web,gold,regular,"3000.0","4200.0",win,"cN2tFSJp1MjLXDFc1FqPOQ=="
"2026-09-17T07:48:46.6501Z",moneybolt,playSWEEPSWinZone,ps,web,gold,regular,"3000.0","0.0",lose,"TlkOIWau8Kl/i7HTE546Kg=="
"2026-09-17T07:48:43.4339Z",moneybolt,playSWEEPSWinZone,ps,web,gold,regular,"3000.0","0.0",lose,"tR5XR7fhNWXwoMrXHbunvA=="
"2026-09-17T07:48:37.5154Z",moneybolt,playSWEEPSWinZone,ps,web,gold,regular,"3000.0","0.0",lose,"CyKHC6ibrbGBZAveFBVFQw=="
"2026-09-17T07:48:32.3307Z",moneybolt,playSWEEPSWinZone,ps,web,gold,regular,"3000.0","7200.0",win,"1sxrgCjNWM6DvwmebYEFYw=="
"2026-09-17T07:48:29.4771Z",moneybolt,playSWEEPSWinZone,ps,web,gold,regular,"3000.0","0.0",lose,"GsAgvDK4xFJZofstpmd2fw=="
"2026-09-17T07:45:09.3670Z",moneybolt,playSWEEPSWinZone,ps,web,gold,regular,"3000.0","0.0",lose,"51cispUkAs693NYKxoaqAQ=="
"2026-09-17T07:44:49.6000Z",moneybolt,playSWEEPSWinZone,ps,web,gold,regular,"3000.0","0.0",lose,"WaGO2AVxkaNQVVZA7oRNsw=="
"2026-09-17T07:44:46.5474Z",moneybolt,playSWEEPSWinZone,ps,web,gold,regular,"3000.0","0.0",lose,"Fq97VzRMkZhmg11iupSFUg=="
"2026-09-17T07:44:42.6561Z",moneybolt,playSWEEPSWinZone,ps,web,gold,regular,"3000.0","0.0",lose,"9Lm5lhuftiaM6aO2DuUptQ=="
"2026-09-17T04:52:22.3894Z",moneybolt,playSWEEPSWinZone,ps,web,gold,regular,"3000.0","0.0",lose,"ZEPHwP9l1SzfaSCiLyHy8Q=="
"2026-09-17T04:52:19.3082Z",moneybolt,playSWEEPSWinZone,ps,web,gold,regular,"3000.0","0.0",lose,"mBFUvfdlPDfg+GMTykCdKQ=="
"2026-09-17T04:52:01.5058Z",moneybolt,playSWEEPSWinZone,ps,web,gold,regular,"3000.0","900.0",win,"RhHoVNcB+AvvSJXfAYR+HA=="
"2026-09-17T04:51:34.1777Z",moneybolt,playSWEEPSWinZone,ps,web,gold,regular,"3000.0","9900.0",win,"tYvDAsWfsT8x5IIOUN1v7w=="
"2026-09-17T04:51:31.0465Z",moneybolt,playSWEEPSWinZone,ps,web,gold,regular,"3000.0","0.0",lose,"JpVJBtbuoEs6/y6R4DEeUg=="
"2026-09-17T04:46:08.3615Z",moneybolt,playSWEEPSWinZone,ps,web,gold,regular,"3000.0","2100.0",win,"xciabP6Uf4s1BD+X3RB8RQ=="
"2026-09-17T04:46:04.3274Z",moneybolt,playSWEEPSWinZone,ps,web,gold,regular,"3000.0","0.0",lose,"KxgUsrM+g+4GoPuQG2sYtg=="
"2026-09-17T04:45:47.7004Z",moneybolt,playSWEEPSWinZone,ps,web,gold,"free_spin","0.0","37500.0",win,"2blSKj0KhCJMDhuRXiL+/Q=="
"2026-09-17T04:46:25.2693Z",moneybolt,playSWEEPSWinZone,ps,web,gold,regular,"3000.0","2400.0",win,"++Cvv/Dmzmny3Efbte6LSw=="
"2026-09-17T04:46:22.1520Z",moneybolt,playSWEEPSWinZone,ps,web,gold,regular,"3000.0","0.0",lose,"oenDvepLoOcHBq0AMLJFhw=="
"2026-09-17T04:46:19.0948Z",moneybolt,playSWEEPSWinZone,ps,web,gold,regular,"3000.0","0.0",lose,"3TcjqHvbcxhCptBDCaDb6w=="
"2026-09-17T04:46:13.9148Z",moneybolt,playSWEEPSWinZone,ps,web,gold,regular,"3000.0","300.0",win,"yn2QEZc7I6oSTQ7Xsn67VQ=="
"2026-09-17T04:45:21.5902Z",moneybolt,playSWEEPSWinZone,ps,web,gold,regular,"3000.0","0.0",lose,"2blSKj0KhCJMDhuRXiL+/Q=="
"2026-09-17T04:45:18.1896Z",moneybolt,playSWEEPSWinZone,ps,web,gold,regular,"3000.0","0.0",lose,"iWozd5K5BOKuyT3T41tRgA=="
"2026-09-17T04:45:12.1517Z",moneybolt,playSWEEPSWinZone,ps,web,gold,regular,"3000.0","900.0",win,"Q4yN3H5RnZKz/gRVRz36OQ=="
"2026-09-17T04:45:06.4339Z",moneybolt,playSWEEPSWinZone,ps,web,gold,regular,"3000.0","600.0",win,"4AKGfo0rHwnMLAI4GYFA/g=="
"2026-09-17T04:44:37.5556Z",moneybolt,playSWEEPSWinZone,ps,web,gold,regular,"3000.0","300.0",win,"5BZg+M0UYRoc1Ew71pDn3A=="
"2026-09-17T04:43:19.9727Z",moneybolt,playSWEEPSWinZone,ps,web,gold,regular,"3000.0","0.0",lose,"Tvda9EthPCC9JJ87Xf0m3A=="
"2026-09-17T04:43:16.6163Z",moneybolt,playSWEEPSWinZone,ps,web,gold,regular,"3000.0","0.0",lose,"pOEqSe5j/Y4aUn893DktZw=="
"2026-09-17T04:43:10.4793Z",moneybolt,playSWEEPSWinZone,ps,web,gold,regular,"3000.0","0.0",lose,"bYakrtq4WotFOY2qZAax7A=="
"2026-09-17T04:42:47.3807Z",moneybolt,playSWEEPSWinZone,ps,web,gold,regular,"3000.0","0.0",lose,"UZmgdNAY8G/0nUBm6zfkkw=="
"2026-09-17T04:42:44.3645Z",moneybolt,playSWEEPSWinZone,ps,web,gold,regular,"3000.0","0.0",lose,"/mNPEZAWqM6776rc4+neFw=="
"2026-09-17T04:39:20.6279Z",moneybolt,playSWEEPSWinZone,ps,web,gold,regular,"3000.0","0.0",lose,"BcS8q2ictqR2VpH3VfOf5w=="
"2026-09-17T04:39:12.2578Z",moneybolt,playSWEEPSWinZone,ps,web,gold,regular,"3000.0","0.0",lose,"YgpcIGuC18XRKua4Vjwk3Q=="
"2026-09-17T04:38:54.0933Z",moneybolt,playSWEEPSWinZone,ps,web,gold,regular,"3000.0","600.0",win,"OaUkU5hX2r+3QZQF3CKsDQ=="
"2026-09-17T04:38:36.2871Z",moneybolt,playSWEEPSWinZone,ps,web,gold,regular,"3000.0","6000.0",win,"TnosFNnyIxGpFbIewc4GiA=="
"2026-09-17T04:38:31.2999Z",moneybolt,playSWEEPSWinZone,ps,web,gold,regular,"3000.0","900.0",win,"3sfLqvq5qcM86oBc5JJ0Tg=="
"2026-09-17T04:26:27.0331Z","wildbuccaneerstripletreasure_94",playSWEEPSWinZone,rgs,web,gold,regular,"2000.0","38000.0",win,10031193231
"2026-09-17T04:22:58.9645Z","wildbuccaneerstripletreasure_94",playSWEEPSWinZone,rgs,web,gold,regular,"2000.0","2000.0",win,10031184705
"2026-09-17T04:22:43.4321Z","wildbuccaneerstripletreasure_94",playSWEEPSWinZone,rgs,web,gold,regular,"2000.0","400.0",win,10031183790
"2026-09-17T04:22:10.3245Z","wildbuccaneerstripletreasure_94",playSWEEPSWinZone,rgs,web,gold,regular,"2000.0","6000.0",win,10031181846
"2026-09-17T04:22:04.7736Z","wildbuccaneerstripletreasure_94",playSWEEPSWinZone,rgs,web,gold,regular,"2000.0","0.0",lose,10031181455
"2026-09-17T04:21:58.0317Z","wildbuccaneerstripletreasure_94",playSWEEPSWinZone,rgs,web,gold,regular,"2000.0","0.0",lose,10031181208
"2026-09-17T04:21:34.5107Z","wildbuccaneerstripletreasure_94",playSWEEPSWinZone,rgs,web,gold,regular,"2000.0","1200.0",win,10031179938
"2026-09-17T04:14:22.5661Z",starburstgalaxy,playSWEEPSWinZone,evolution,web,gold,regular,"3000.0","11250.0",win,"72e462d4-0fad-4de2-b13d-6ab2d019ba9d"
"2026-09-17T04:13:57.1575Z",starburstgalaxy,playSWEEPSWinZone,evolution,web,gold,regular,"3000.0","0.0",lose,"2bdb5ce0-b679-4885-b277-17957ca42c9e"
"2026-09-17T04:13:55.7939Z",starburstgalaxy,playSWEEPSWinZone,evolution,web,gold,regular,"3000.0","0.0",lose,"70cba3b5-00c1-4a05-a553-8eb058b6e142"
"2026-09-17T04:13:54.1112Z",starburstgalaxy,playSWEEPSWinZone,evolution,web,gold,regular,"3000.0","0.0",lose,"05b677da-bdea-4976-88a1-f9bbf6c4dfde"
"2026-09-17T04:13:52.2738Z",starburstgalaxy,playSWEEPSWinZone,evolution,web,gold,regular,"3000.0","1500.0",win,"42344c09-a07b-4770-8b94-132b0c5ce656"
"2026-09-17T04:13:26.8082Z",starburstgalaxy,playSWEEPSWinZone,evolution,web,gold,regular,"3000.0","0.0",lose,"7f8637df-6ebe-44f9-9067-9dbaa2bf2f65"
"2026-09-17T04:10:17.1232Z",starburstgalaxy,playSWEEPSWinZone,evolution,web,gold,regular,"3000.0","0.0",lose,"56c4d998-7940-4781-b80e-edaf70a5093b"
"2026-09-17T04:10:15.2089Z",starburstgalaxy,playSWEEPSWinZone,evolution,web,gold,regular,"3000.0","0.0",lose,"80663697-970e-4210-9990-aaac118535cc"
"2026-09-17T04:09:47.9632Z",starburstgalaxy,playSWEEPSWinZone,evolution,web,gold,regular,"3000.0","0.0",lose,"b20d65a4-6a82-4efc-bf2a-19a50976f21f"
"2026-09-17T04:09:46.1166Z",starburstgalaxy,playSWEEPSWinZone,evolution,web,gold,regular,"3000.0","0.0",lose,"7e84c149-c980-499f-8a6b-49d4f5dc953f"
"2026-09-17T04:09:44.2989Z",starburstgalaxy,playSWEEPSWinZone,evolution,web,gold,regular,"3000.0","0.0",lose,"7cd5d989-1562-4279-9d6b-329e7242b86c"
"2026-09-17T04:09:42.9460Z",starburstgalaxy,playSWEEPSWinZone,evolution,web,gold,regular,"3000.0","0.0",lose,"a477eda2-35c2-445f-927e-b41cd1413a5a"
"2026-09-17T04:09:38.0701Z",starburstgalaxy,playSWEEPSWinZone,evolution,web,gold,regular,"3000.0","0.0",lose,"4b6cc847-c43f-4090-84a4-b6803f66170f"
"2026-09-17T03:58:07.5985Z",sherlock,playSWEEPSWinZone,ps,web,gold,regular,"1000.0","400.0",win,"vMQkSw/OMXt/VdmqWfyJsA=="
"2026-09-17T03:58:03.9934Z",sherlock,playSWEEPSWinZone,ps,web,gold,regular,"1000.0","0.0",lose,"e0fToLBapp9OOr1xwqaVXQ=="
"2026-09-17T03:57:49.0472Z",sherlock,playSWEEPSWinZone,ps,web,gold,regular,"1000.0","0.0",lose,"1TOtjJLXy1w8UfR5fsC7Fg=="
"2026-09-17T03:57:43.0647Z",sherlock,playSWEEPSWinZone,ps,web,gold,regular,"1000.0","200.0",win,"VhIYR8+Q66E3zF8HoFtb5w=="
"2026-09-17T03:57:19.6444Z",sherlock,playSWEEPSWinZone,ps,web,gold,regular,"1000.0","0.0",lose,"9S1kmGzPEvsEiLEMpgp9jw=="
"2026-09-17T03:57:16.4336Z",sherlock,playSWEEPSWinZone,ps,web,gold,regular,"1000.0","0.0",lose,"xGAjbQsc2nyeVRfZvHgTwQ=="
"2026-09-17T03:58:00.7353Z",sherlock,playSWEEPSWinZone,ps,web,gold,regular,"1000.0","0.0",lose,"TWyCSABOxfbDlLmNlBTLvw=="
"2026-09-17T03:57:57.5686Z",sherlock,playSWEEPSWinZone,ps,web,gold,regular,"1000.0","0.0",lose,"YWQOGEFcFoPSvkYz5NMPkg=="
"2026-09-17T03:57:52.2936Z",sherlock,playSWEEPSWinZone,ps,web,gold,regular,"1000.0","600.0",win,"05CbO4fA/yAqu4QKE45gVQ=="
"2026-09-17T03:57:37.7530Z",sherlock,playSWEEPSWinZone,ps,web,gold,regular,"1000.0","400.0",win,"RwZOdpFC3h+C2m2Eoz8O7Q=="
"2026-09-17T03:57:34.6190Z",sherlock,playSWEEPSWinZone,ps,web,gold,regular,"1000.0","0.0",lose,"xyH6uUl5NjkM1jS4JqWpNQ=="
"2026-09-17T03:57:31.5565Z",sherlock,playSWEEPSWinZone,ps,web,gold,regular,"1000.0","0.0",lose,"NFgF8K9jftsMRY/o9UvBoQ=="
"2026-09-17T03:57:28.2271Z",sherlock,playSWEEPSWinZone,ps,web,gold,regular,"1000.0","0.0",lose,"y21de160dCztN5F35TjFyg=="
"2026-09-17T03:57:22.8260Z",sherlock,playSWEEPSWinZone,ps,web,gold,regular,"1000.0","2400.0",win,"E5QOpjc3H0NKJIg9wgheXg=="
"2026-09-17T03:57:13.1049Z",sherlock,playSWEEPSWinZone,ps,web,gold,regular,"1000.0","0.0",lose,"x+5vUJO9LLpPBgvCNdHkYQ=="
"2026-09-17T03:52:56.1923Z",sherlock,playSWEEPSWinZone,ps,web,gold,"free_spin","0.0","18500.0",win,"utxCRnPe6uca6u61exQs/Q=="
"2026-09-17T03:50:01.4663Z",sherlock,playSWEEPSWinZone,ps,web,gold,regular,"1000.0","0.0",lose,"m/hVuiXSTshFlJgFQ19YzA=="
"2026-09-17T03:49:55.7339Z",sherlock,playSWEEPSWinZone,ps,web,gold,regular,"1000.0","200.0",win,"w/lSeFxBCZSm4KZGcvyZPw=="
"2026-09-17T03:49:40.0046Z",sherlock,playSWEEPSWinZone,ps,web,gold,regular,"1000.0","0.0",lose,"GidC7J7D6RNLa9rG4SyvnA=="
"2026-09-17T03:49:30.1893Z",sherlock,playSWEEPSWinZone,ps,web,gold,regular,"1000.0","0.0",lose,"l6L/CiPqvQQxXpeXnV1TQQ=="
"2026-09-17T03:49:24.7177Z",sherlock,playSWEEPSWinZone,ps,web,gold,regular,"1000.0","600.0",win,"+BzJeTSJuF4j+pN/t736Iw=="
"2026-09-17T03:49:19.3263Z",sherlock,playSWEEPSWinZone,ps,web,gold,regular,"1000.0","200.0",win,"4QFT1XtP6P4DRsNcZdG57Q=="
"2026-09-17T03:49:13.7650Z",sherlock,playSWEEPSWinZone,ps,web,gold,regular,"1000.0","2400.0",win,"o69UrQIOLmyTKed1GqBnQA=="
"2026-09-17T03:37:58.6898Z",sherlock,playSWEEPSWinZone,ps,web,gold,regular,"1000.0","0.0",lose,"hK2mCWjl8vL8U/G/2Wg4sw=="
"2026-09-17T03:37:46.6595Z",sherlock,playSWEEPSWinZone,ps,web,gold,regular,"1000.0","0.0",lose,"1vo0qZRWDKUdPqxsdzAKXA=="
"2026-09-17T03:37:38.1859Z",sherlock,playSWEEPSWinZone,ps,web,gold,regular,"1000.0","0.0",lose,"xu5bN799H4eSgSMO3rXpsg=="
"2026-09-17T03:37:34.9232Z",sherlock,playSWEEPSWinZone,ps,web,gold,regular,"1000.0","0.0",lose,"kBmFExvKe5UCl3hDW8vd0g=="
"2026-09-17T03:37:29.6935Z",sherlock,playSWEEPSWinZone,ps,web,gold,regular,"1000.0","0.0",lose,"iyndpNKZHWdrnGnba8qFLg=="
"2026-09-17T03:37:26.4624Z",sherlock,playSWEEPSWinZone,ps,web,gold,regular,"1000.0","0.0",lose,"hl2mLppalqOpoe7YYjglYQ=="
"2026-09-17T03:37:23.4749Z",sherlock,playSWEEPSWinZone,ps,web,gold,regular,"1000.0","0.0",lose,"RUZr4nri78bASyf4+J15gQ=="
"2026-09-17T03:37:09.1223Z",sherlock,playSWEEPSWinZone,ps,web,gold,regular,"1000.0","1500.0",win,"TIMhox7jS/GAOOoMYRow3w=="
"2026-09-17T03:37:05.9799Z",sherlock,playSWEEPSWinZone,ps,web,gold,regular,"1000.0","0.0",lose,"5UJl7uUzRPiS8+BjXK3BvA=="
"2026-09-16T08:19:49.3720Z",starburstgalaxy,playSWEEPSWinZone,evolution,app,gold,regular,"2000.0","1000.0",win,"805cbeca-fb88-4b44-90b2-f529e3b7127d"
"2026-09-16T08:19:44.2920Z",starburstgalaxy,playSWEEPSWinZone,evolution,app,gold,regular,"2000.0","0.0",lose,"f79d8c73-0b7c-4673-bb67-b7599e4a8ff7"
"2026-09-16T08:19:38.3239Z",starburstgalaxy,playSWEEPSWinZone,evolution,app,gold,regular,"2000.0","0.0",lose,"a73bd46b-913e-4263-af0d-8cac2018590e"
"2026-09-16T08:19:36.0406Z",starburstgalaxy,playSWEEPSWinZone,evolution,app,gold,regular,"2000.0","500.0",win,"f7864380-3a77-48ba-a8fc-c00e0b15c54d"
"2026-09-16T08:19:29.7193Z",starburstgalaxy,playSWEEPSWinZone,evolution,app,gold,regular,"2000.0","7500.0",win,"5e349b71-95a8-4c28-aeb9-8decd337ea44"
"2026-09-16T08:13:44.1840Z",starburstgalaxy,playSWEEPSWinZone,evolution,app,sweep,regular,"1.0","13.75",win,"162019db-3ca0-46f5-b37a-7751d428d9ab"
"2026-09-16T08:07:44.9354Z",starburstgalaxy,playSWEEPSWinZone,evolution,app,gold,regular,"1000.0","0.0",lose,"fa7c46a7-17f7-4727-a382-fe09af8c583d"
"2026-09-16T08:07:43.4076Z",starburstgalaxy,playSWEEPSWinZone,evolution,app,gold,regular,"1000.0","0.0",lose,"f5df01aa-71a0-4b34-97cc-35483bf53cc1"
"2026-09-16T08:07:34.2873Z",starburstgalaxy,playSWEEPSWinZone,evolution,app,gold,regular,"1000.0","0.0",lose,"40df7439-c5b8-4feb-b4df-00bbaf1866f5"
"2026-09-16T08:07:30.1074Z",starburstgalaxy,playSWEEPSWinZone,evolution,app,gold,regular,"1000.0","19250.0",win,"a03ba658-c6f2-4ed4-9c3e-3bd81c745b9e"
"2026-09-16T08:07:41.0709Z",starburstgalaxy,playSWEEPSWinZone,evolution,app,gold,regular,"1000.0","0.0",lose,"185b7c47-8a22-4900-aefc-2e015551bdb5"
"2026-09-16T08:07:36.2383Z",starburstgalaxy,playSWEEPSWinZone,evolution,app,gold,regular,"1000.0","0.0",lose,"a8ce9633-1439-412c-8e8d-29b324f3b02b"
"2026-09-16T08:07:32.4315Z",starburstgalaxy,playSWEEPSWinZone,evolution,app,gold,regular,"1000.0","0.0",lose,"c4d87b2a-9918-4d86-9d9b-11330860c2bb"
"2026-09-16T08:06:50.9209Z",starburstgalaxy,playSWEEPSWinZone,evolution,app,gold,regular,"1000.0","0.0",lose,"0af8c57d-6f7a-4c39-a907-e3265acf62c2"
"2026-09-16T08:06:49.0768Z",starburstgalaxy,playSWEEPSWinZone,evolution,app,gold,regular,"1000.0","0.0",lose,"a64af491-b74c-4744-826f-0d6af1b537f3"
"2026-09-16T08:06:47.1738Z",starburstgalaxy,playSWEEPSWinZone,evolution,app,gold,regular,"1000.0","500.0",win,"c955e73a-a23b-486b-8b6b-354487a3e090"
"2026-09-16T07:30:23.7163Z",treasuremap,playSWEEPSWinZone,ps,app,sweep,regular,"0.2","0.34",win,"lk+Bl7jhYwQ0XYXlD3QMPg=="
"2026-09-16T07:30:19.9213Z",treasuremap,playSWEEPSWinZone,ps,app,sweep,regular,"0.2","0.0",lose,"axlYW+geAmIPY6oW2fY5yQ=="
"2026-09-16T07:30:13.8299Z",treasuremap,playSWEEPSWinZone,ps,app,sweep,regular,"0.2","0.3",win,"wyKxUuiR0I+W8Z+N1TSHwA=="
"2026-09-16T07:29:27.2153Z",treasuremap,playSWEEPSWinZone,ps,app,sweep,regular,"0.2","1.6",win,"blZC2ZTQBgXUcTRnE21YEw=="
"2026-09-16T07:21:08.6458Z",treasuremap,playSWEEPSWinZone,ps,app,sweep,regular,"0.2","0.0",lose,"7MrnCbbEk70/1Ky/3aGiew=="
"2026-09-16T07:20:46.2919Z",treasuremap,playSWEEPSWinZone,ps,app,sweep,regular,"0.2","0.0",lose,"+q6h10pvwe3BArqZiTlpng=="
"2026-09-16T07:20:37.8485Z",treasuremap,playSWEEPSWinZone,ps,app,sweep,regular,"0.2","0.0",lose,"PAPuLoIKHwo0vnRVA/iiqg=="
"2026-09-16T07:20:28.6364Z",treasuremap,playSWEEPSWinZone,ps,app,sweep,regular,"0.2","0.0",lose,"gMPr74usOSQgv+9a3J7huw=="
"2026-09-16T07:20:24.1659Z",treasuremap,playSWEEPSWinZone,ps,app,sweep,regular,"0.2","0.0",lose,"SRKi9X/2uXkXUkL28XQqUA=="
"2026-09-16T08:10:23.4771Z",starburstgalaxy,playSWEEPSWinZone,evolution,app,gold,regular,"1000.0","0.0",lose,"608e9c13-135d-41b0-b40b-149a625f2931"
"2026-09-16T08:10:20.7767Z",starburstgalaxy,playSWEEPSWinZone,evolution,app,gold,regular,"1000.0","750.0",win,"1d60bc12-5c4a-49ff-a0c2-6dafdfd9c83f"
"2026-09-16T08:10:15.4460Z",starburstgalaxy,playSWEEPSWinZone,evolution,app,gold,regular,"1000.0","0.0",lose,"a1446af3-1ae0-4944-a964-46ce8b9eb277"
"2026-09-16T08:10:11.5414Z",starburstgalaxy,playSWEEPSWinZone,evolution,app,gold,regular,"1000.0","0.0",lose,"45c21d42-428a-4c63-9947-9f7aa0320319"
"2026-09-16T08:10:06.2679Z",starburstgalaxy,playSWEEPSWinZone,evolution,app,gold,regular,"1000.0","17500.0",win,"06d80c94-5737-43e1-b617-865af8d88c77"
"2026-09-16T07:26:22.2316Z",treasuremap,playSWEEPSWinZone,ps,app,sweep,regular,"0.2","0.34",win,"vciAIMH6V7bJ0qI3xQqgaA=="
"2026-09-16T07:26:18.4991Z",treasuremap,playSWEEPSWinZone,ps,app,sweep,regular,"0.2","0.0",lose,"rKXtPhHh2bwM5fNVwNIZYQ=="
"2026-09-16T07:26:01.9711Z",treasuremap,playSWEEPSWinZone,ps,app,sweep,regular,"0.2","0.0",lose,"4DJ+lFCblK1A2TWdbYJdhg=="
"2026-09-16T07:25:52.2367Z",treasuremap,playSWEEPSWinZone,ps,app,sweep,regular,"0.2","0.1",win,"bC4S6PxzpoHnad5FjnFyBg=="
"2026-09-16T07:25:48.9328Z",treasuremap,playSWEEPSWinZone,ps,app,sweep,regular,"0.2","0.0",lose,"EJL0msZbAq/qmIIvT62Gww=="
"2026-09-16T07:25:45.1221Z",treasuremap,playSWEEPSWinZone,ps,app,sweep,regular,"0.2","0.0",lose,"P3gYBVGMizPDp+HcH03PfA=="
"2026-09-16T07:25:38.3596Z",treasuremap,playSWEEPSWinZone,ps,app,sweep,regular,"0.2","0.0",lose,"KVES7/UjrBUP6QQpFFp0RQ=="
"2026-09-16T07:25:32.7773Z",treasuremap,playSWEEPSWinZone,ps,app,sweep,regular,"0.2","0.2",win,"N/e4/yL9Lbacp1rwhAc/uQ=="
"2026-09-16T07:25:29.4643Z",treasuremap,playSWEEPSWinZone,ps,app,sweep,regular,"0.2","0.0",lose,"JI+awws5OuzXoeacJCNLnw=="
"2026-09-16T08:16:06.4756Z",starburstgalaxy,playSWEEPSWinZone,evolution,app,gold,regular,"2000.0","0.0",lose,"5bec6b11-2463-4528-a6b4-3aa604526606"
"2026-09-16T08:15:49.7726Z",starburstgalaxy,playSWEEPSWinZone,evolution,app,gold,regular,"2000.0","0.0",lose,"3d1d403c-13c6-4466-96a3-47a09075ce16"
"2026-09-16T08:15:46.6401Z",starburstgalaxy,playSWEEPSWinZone,evolution,app,gold,regular,"2000.0","0.0",lose,"9d215ddc-eb54-4578-9266-f6c4d3f29e4e"
"2026-09-16T08:16:02.7475Z",starburstgalaxy,playSWEEPSWinZone,evolution,app,gold,regular,"2000.0","0.0",lose,"628ac3ae-d6bd-4457-b202-3c0fd6dff5b3"
"2026-09-16T08:15:47.9772Z",starburstgalaxy,playSWEEPSWinZone,evolution,app,gold,regular,"2000.0","0.0",lose,"181ca06d-dbf6-4954-8f88-802e0a5fdcb4"
"2026-09-16T08:15:38.6010Z",starburstgalaxy,playSWEEPSWinZone,evolution,app,gold,regular,"2000.0","0.0",lose,"5d175f92-d784-447d-bc41-27e16151ccd4"
"2026-09-16T08:15:32.3214Z",starburstgalaxy,playSWEEPSWinZone,evolution,app,gold,regular,"2000.0","1000.0",win,"17c306c2-d651-41f6-97ca-9212a21fb3e4"
"2026-09-16T08:11:47.3924Z",starburstgalaxy,playSWEEPSWinZone,evolution,app,gold,regular,"1000.0","0.0",lose,"cd9c6714-73c7-4083-8a24-9f37b5c4ca84"
"2026-09-16T08:11:39.5144Z",starburstgalaxy,playSWEEPSWinZone,evolution,app,gold,regular,"1000.0","0.0",lose,"ee380317-0080-4ff2-838a-f2f4485908ac"
"2026-09-16T08:11:37.0181Z",starburstgalaxy,playSWEEPSWinZone,evolution,app,gold,regular,"1000.0","8500.0",win,"0cd715ca-ec5f-42dd-afe2-76e8684c2e2d"
"2026-09-16T08:11:03.3316Z",starburstgalaxy,playSWEEPSWinZone,evolution,app,gold,regular,"1000.0","0.0",lose,"578c974b-b143-4bd3-bbed-4d14551934fb"
"2026-09-16T08:10:13.6624Z",starburstgalaxy,playSWEEPSWinZone,evolution,app,gold,regular,"1000.0","0.0",lose,"30745029-51ee-4762-b55c-48aef6aca8ac"
"2026-09-16T08:10:09.2608Z",starburstgalaxy,playSWEEPSWinZone,evolution,app,gold,regular,"1000.0","0.0",lose,"d341c280-0ef8-4635-945a-4cc54363e16b"
"2026-09-16T08:21:00.6241Z",starburstgalaxy,playSWEEPSWinZone,evolution,app,gold,regular,"2000.0","0.0",lose,"c0f9c5b2-4a54-43c4-a87c-304538d6601d"
"2026-09-16T08:20:58.7852Z",starburstgalaxy,playSWEEPSWinZone,evolution,app,gold,regular,"2000.0","0.0",lose,"da7d4db5-c825-4ab4-bd91-e2a555941243"
"2026-09-16T08:20:56.8823Z",starburstgalaxy,playSWEEPSWinZone,evolution,app,gold,regular,"2000.0","0.0",lose,"a70dacf2-6b5f-49da-84b7-0b30e0fa37af"
"2026-09-16T08:20:55.1113Z",starburstgalaxy,playSWEEPSWinZone,evolution,app,gold,regular,"2000.0","1000.0",win,"9f9ed9e4-5f55-4fce-89df-9acf4226ed53"
"2026-09-16T08:20:47.6857Z",starburstgalaxy,playSWEEPSWinZone,evolution,app,gold,regular,"2000.0","0.0",lose,"1948dea2-7f42-47e7-a957-a75b25ca793e"
"2026-09-16T08:20:43.3220Z",starburstgalaxy,playSWEEPSWinZone,evolution,app,gold,regular,"2000.0","0.0",lose,"9b5f76a8-c7f8-4c54-be4f-e9a9e00e60d5"
"2026-09-16T08:20:39.1145Z",starburstgalaxy,playSWEEPSWinZone,evolution,app,gold,regular,"2000.0","12500.0",win,"781cd189-46b5-4a34-a511-3265957adfda"
"2026-09-16T08:20:13.2194Z",starburstgalaxy,playSWEEPSWinZone,evolution,app,gold,regular,"2000.0","4000.0",win,"ee9a02b6-bea1-4f46-b85e-ebdcb5319a49"
"2026-09-16T08:17:00.7770Z",starburstgalaxy,playSWEEPSWinZone,evolution,app,gold,regular,"2000.0","0.0",lose,"463b5953-ce1e-40bf-8b51-4b04d62d63b0"
"2026-09-16T08:16:49.2233Z",starburstgalaxy,playSWEEPSWinZone,evolution,app,gold,regular,"2000.0","0.0",lose,"19daa41f-2a20-49b1-867d-af25c266be38"
"2026-09-16T08:16:47.5065Z",starburstgalaxy,playSWEEPSWinZone,evolution,app,gold,regular,"2000.0","0.0",lose,"b173ad7f-27ef-4dd2-951a-20355233db8f"
"2026-09-16T08:16:43.7293Z",starburstgalaxy,playSWEEPSWinZone,evolution,app,gold,regular,"2000.0","0.0",lose,"009dcdeb-5cb4-4a0f-9ac0-f8fbce8a914f"
"2026-09-16T08:16:35.0957Z",starburstgalaxy,playSWEEPSWinZone,evolution,app,gold,regular,"2000.0","0.0",lose,"973444ad-8321-4617-a9e0-5d88df27a590"
"2026-09-16T08:16:32.5931Z",starburstgalaxy,playSWEEPSWinZone,evolution,app,gold,regular,"2000.0","0.0",lose,"8722b3b6-80bc-4ad2-99a8-2ba229b4feac"
"2026-09-16T08:21:55.7626Z",starburstgalaxy,playSWEEPSWinZone,evolution,app,gold,regular,"2000.0","0.0",lose,"0563f395-7166-4ac9-b50d-25b394f566c6"
"2026-09-16T08:21:44.5876Z",starburstgalaxy,playSWEEPSWinZone,evolution,app,gold,regular,"2000.0","0.0",lose,"a2e9cdc7-6486-411a-8bfe-c35c7305c09e"
"2026-09-16T08:21:42.9769Z",starburstgalaxy,playSWEEPSWinZone,evolution,app,gold,regular,"2000.0","0.0",lose,"f927c9e4-9fd8-4ba4-aa5b-925fa8791b13"
"2026-09-16T08:21:41.1775Z",starburstgalaxy,playSWEEPSWinZone,evolution,app,gold,regular,"2000.0","0.0",lose,"a82056d8-4605-43d6-8914-90e6bf3fbade"
"2026-09-16T08:21:36.4029Z",starburstgalaxy,playSWEEPSWinZone,evolution,app,gold,regular,"2000.0","0.0",lose,"cddc064d-fd24-42d6-91f8-07add53303b4"
"2026-09-16T08:21:30.4285Z",starburstgalaxy,playSWEEPSWinZone,evolution,app,gold,regular,"2000.0","17000.0",win,"7c427aaa-c87c-4622-a264-0703402594e5"
"2026-09-16T08:21:15.8814Z",starburstgalaxy,playSWEEPSWinZone,evolution,app,gold,regular,"2000.0","0.0",lose,"f78e9f50-bc85-44c6-9018-5887dc9bb651"
"2026-09-16T08:21:13.9053Z",starburstgalaxy,playSWEEPSWinZone,evolution,app,gold,regular,"2000.0","0.0",lose,"98e9de3d-f738-4174-ac90-98e17ed2e786"
"2026-09-16T08:21:11.9903Z",starburstgalaxy,playSWEEPSWinZone,evolution,app,gold,regular,"2000.0","0.0",lose,"df72615c-1582-45ad-bb88-f924829ed234"
"2026-09-16T08:21:10.3322Z",starburstgalaxy,playSWEEPSWinZone,evolution,app,gold,regular,"2000.0","1500.0",win,"a297fc71-ba5b-44d1-9a7d-8f9a43fd6218"
"2026-09-17T06:13:39.1174Z",moneybolt,playSWEEPSWinZone,ps,web,gold,regular,"3000.0","4800.0",win,"esE4HHV1uMHjsMnWDQwgyg=="
"2026-09-17T06:13:19.2105Z",moneybolt,playSWEEPSWinZone,ps,web,gold,regular,"3000.0","0.0",lose,"eOHKXgNFsWMiSdd5X7IN3A=="
"2026-09-17T06:13:13.8130Z",moneybolt,playSWEEPSWinZone,ps,web,gold,regular,"3000.0","600.0",win,"kAUZ1ULevGQeuLcXeyHUxg=="
"2026-09-17T06:13:08.7183Z",moneybolt,playSWEEPSWinZone,ps,web,gold,regular,"3000.0","300.0",win,"yJtTfxo5lfy0dziLsE7hSg=="
"2026-09-17T05:58:53.8071Z",moneybolt,playSWEEPSWinZone,ps,web,gold,regular,"3000.0","0.0",lose,"dCPqtu7s7YuOY+EYtQjnVA=="
"2026-09-17T05:58:48.6014Z",moneybolt,playSWEEPSWinZone,ps,web,gold,regular,"3000.0","1200.0",win,"HAcwC+sM/+VqlOSzB/A/sQ=="
"2026-09-17T05:58:42.2109Z",moneybolt,playSWEEPSWinZone,ps,web,gold,regular,"3000.0","0.0",lose,"mYmPpLrwsV3j+uHMuSSn9Q=="
"2026-09-17T05:58:39.1705Z",moneybolt,playSWEEPSWinZone,ps,web,gold,regular,"3000.0","0.0",lose,"TF47hL/8gHPuQyUK2aZH4w=="
"2026-09-17T05:58:31.0381Z",moneybolt,playSWEEPSWinZone,ps,web,gold,regular,"3000.0","0.0",lose,"HpzwAmZSmo9seZJNxZHJAA=="
"2026-09-17T05:58:27.8971Z",moneybolt,playSWEEPSWinZone,ps,web,gold,regular,"3000.0","0.0",lose,"LnwpX0jFUPOB1KZT4VkHWg=="
"2026-09-17T05:57:04.7245Z",moneybolt,playSWEEPSWinZone,ps,web,gold,regular,"3000.0","0.0",lose,"8P2f76BjzmTIcn2dj0lyVA=="
"2026-09-17T05:57:44.4787Z",moneybolt,playSWEEPSWinZone,ps,web,gold,"free_spin","0.0","28200.0",win,"8P2f76BjzmTIcn2dj0lyVA=="
"2026-09-17T05:56:59.5146Z",moneybolt,playSWEEPSWinZone,ps,web,gold,regular,"3000.0","600.0",win,"Q2OXjOAfVPJQ/hMNB4mluA=="
"2026-09-17T05:55:29.5046Z",moneybolt,playSWEEPSWinZone,ps,web,gold,regular,"3000.0","0.0",lose,"FWA13UCe6JyX/1Z4pCAbuA=="
"2026-09-17T05:55:26.3854Z",moneybolt,playSWEEPSWinZone,ps,web,gold,regular,"3000.0","0.0",lose,"vQarRZTFoLh9lz+8U8gnpA=="
"2026-09-17T05:55:17.4596Z",moneybolt,playSWEEPSWinZone,ps,web,gold,regular,"3000.0","600.0",win,"Ru/gCORv+1pdDGfDtnlhrQ=="
"2026-09-17T05:54:58.2571Z",moneybolt,playSWEEPSWinZone,ps,web,gold,regular,"3000.0","0.0",lose,"6PoMTY/CFPw+UHDytBAWXg=="
"2026-09-17T05:53:55.8289Z",moneybolt,playSWEEPSWinZone,ps,web,gold,regular,"3000.0","0.0",lose,"hC/mTC/ERkfoIbCuYO5e1g=="
"2026-09-17T05:53:50.6504Z",moneybolt,playSWEEPSWinZone,ps,web,gold,regular,"3000.0","300.0",win,"oiBMs0eKSSMHn2K3yK16QA=="
"2026-09-17T05:53:47.5110Z",moneybolt,playSWEEPSWinZone,ps,web,gold,regular,"3000.0","0.0",lose,"d2vMVNCUsoA1nYsdAhb9sg=="
"2026-09-17T05:53:39.1026Z",moneybolt,playSWEEPSWinZone,ps,web,gold,regular,"3000.0","1800.0",win,"JPeofpCYtblDD4bovf/ngw=="
"2026-09-17T05:53:36.0498Z",moneybolt,playSWEEPSWinZone,ps,web,gold,regular,"3000.0","0.0",lose,"JXoAU55vSinkGPSUAWYwmQ=="
"2026-09-17T05:53:33.1400Z",moneybolt,playSWEEPSWinZone,ps,web,gold,regular,"3000.0","0.0",lose,"OYqde1KRIHdBViD9c2dzHw=="
"2026-09-17T05:53:26.5663Z",moneybolt,playSWEEPSWinZone,ps,web,gold,regular,"3000.0","0.0",lose,"o1H0dLqN+nOxxvbF6jj6LA=="
"2026-09-17T05:53:17.4369Z",moneybolt,playSWEEPSWinZone,ps,web,gold,regular,"3000.0","300.0",win,"pX9oymkhxwEIA1GlNeKbbw=="
"2026-09-17T05:53:14.3926Z",moneybolt,playSWEEPSWinZone,ps,web,gold,regular,"3000.0","0.0",lose,"E58RVnQ8pE9tPsJt8aSS2Q=="
"2026-09-17T05:53:05.4538Z",moneybolt,playSWEEPSWinZone,ps,web,gold,regular,"3000.0","0.0",lose,"VJycn9J6IAtywWzJ8/Ue7g=="
"2026-09-17T05:53:02.2563Z",moneybolt,playSWEEPSWinZone,ps,web,gold,regular,"3000.0","0.0",lose,"J9P08HEHqN23GnWrEeTo+A=="
"2026-09-17T05:52:46.8161Z",moneybolt,playSWEEPSWinZone,ps,web,gold,regular,"3000.0","0.0",lose,"rpospT1qSrUwTMql9/2vYA=="
"2026-09-17T05:52:59.0954Z",moneybolt,playSWEEPSWinZone,ps,web,gold,regular,"3000.0","0.0",lose,"2tXzQvLLsShUN4/Vem52cQ=="
"2026-09-17T05:52:53.2111Z",moneybolt,playSWEEPSWinZone,ps,web,gold,regular,"3000.0","0.0",lose,"dYnN3XP5KzGw/z3JZRyqZA=="
"2026-09-17T05:52:35.3840Z",moneybolt,playSWEEPSWinZone,ps,web,gold,regular,"3000.0","0.0",lose,"M96bBzuvGizZ8oknOX1nWw=="
"2026-09-17T05:51:34.6028Z",moneybolt,playSWEEPSWinZone,ps,web,gold,regular,"3000.0","9600.0",win,"PYy7/E1BUT0RkilJYDbm8A=="
"2026-09-17T05:51:31.7724Z",moneybolt,playSWEEPSWinZone,ps,web,gold,regular,"3000.0","0.0",lose,"7fnf8kKjEVskhYl9ymvZxw=="
"2026-09-17T05:51:21.3606Z",moneybolt,playSWEEPSWinZone,ps,web,gold,regular,"3000.0","600.0",win,"LR+r9fAYTBp0OlmU4a71yw=="
"2026-09-17T05:51:18.3950Z",moneybolt,playSWEEPSWinZone,ps,web,gold,regular,"3000.0","0.0",lose,"4IYR97IXEDxmy9izF8mbQQ=="
"2026-09-17T05:51:01.7240Z",moneybolt,playSWEEPSWinZone,ps,web,gold,regular,"3000.0","10500.0",win,"b2Q055aUIuuz3G/noHCF3Q=="
"2026-09-17T05:50:55.8305Z",moneybolt,playSWEEPSWinZone,ps,web,gold,regular,"3000.0","0.0",lose,"dAqzf2OwKyQOg9JwozGFVg=="
"2026-09-17T05:50:52.6491Z",moneybolt,playSWEEPSWinZone,ps,web,gold,regular,"3000.0","0.0",lose,"0404n70Q6P6noWTwKwqg6w=="
"2026-09-17T05:50:37.5935Z",moneybolt,playSWEEPSWinZone,ps,web,gold,regular,"3000.0","0.0",lose,"M/v5slpWZSboYFTCGyl2PA=="
"2026-09-17T05:46:32.5139Z",moneybolt,playSWEEPSWinZone,ps,web,gold,regular,"3000.0","0.0",lose,"iuHuA9sC9EhUPEvsMm/l4A=="
"2026-09-17T05:46:29.5952Z",moneybolt,playSWEEPSWinZone,ps,web,gold,regular,"3000.0","0.0",lose,"aVUNZZ14nXQKdzVqmOywpQ=="
"2026-09-17T05:46:20.9403Z",moneybolt,playSWEEPSWinZone,ps,web,gold,regular,"3000.0","0.0",lose,"cQu0Zx/LJ9H4keqTTL+avg=="
"2026-09-17T05:46:17.7663Z",moneybolt,playSWEEPSWinZone,ps,web,gold,regular,"3000.0","0.0",lose,"p5iClumV0lCGmJsSde3ZrA=="
"2026-09-17T05:46:05.3746Z",moneybolt,playSWEEPSWinZone,ps,web,gold,regular,"3000.0","0.0",lose,"VdDmL3o2iR7hoeetJlulcw=="
"2026-09-17T05:45:38.4455Z",moneybolt,playSWEEPSWinZone,ps,web,gold,regular,"3000.0","0.0",lose,"TJZM69RGHRV7pZHD4vDNlw=="
"2026-09-17T05:41:26.9340Z",moneybolt,playSWEEPSWinZone,ps,web,gold,regular,"3000.0","0.0",lose,"0vBnyqT1TgzPTuDzJFJyZw=="
"2026-09-17T05:41:23.7937Z",moneybolt,playSWEEPSWinZone,ps,web,gold,regular,"3000.0","0.0",lose,"o1Gmyr6ebYONCn7WUqH3vg=="
"2026-09-17T05:41:20.8733Z",moneybolt,playSWEEPSWinZone,ps,web,gold,regular,"3000.0","0.0",lose,"EeV0gIokHAkXwNyjoQbgLA=="
"2026-09-17T05:40:50.7057Z",moneybolt,playSWEEPSWinZone,ps,web,gold,regular,"3000.0","13200.0",win,"hoAhgBisz5jTG8yM279C3A=="
"2026-09-17T05:40:47.2010Z",moneybolt,playSWEEPSWinZone,ps,web,gold,regular,"3000.0","0.0",lose,"NrNmcu65F6tr5M0z8mYJug=="
"2026-09-17T05:37:47.7379Z",moneybolt,playSWEEPSWinZone,ps,web,gold,regular,"3000.0","0.0",lose,"SLKih+ftQCnByJSRgjXVpQ=="
"2026-09-17T05:37:41.6025Z",moneybolt,playSWEEPSWinZone,ps,web,gold,regular,"3000.0","0.0",lose,"HVx9bsSfDqfXS1OMIARM2w=="
"2026-09-17T05:37:38.5297Z",moneybolt,playSWEEPSWinZone,ps,web,gold,regular,"3000.0","0.0",lose,"ADwMbzxNbcVxrYsc32z5Wg=="
"2026-09-17T05:37:34.5962Z",moneybolt,playSWEEPSWinZone,ps,web,gold,regular,"3000.0","0.0",lose,"cKnQbSh1lNzNi+z/hw2cOw=="
"2026-09-17T05:37:31.5890Z",moneybolt,playSWEEPSWinZone,ps,web,gold,regular,"3000.0","0.0",lose,"aMHw+Fpc+JaakuiRY/7Dvw=="
"2026-09-17T05:37:28.2783Z",moneybolt,playSWEEPSWinZone,ps,web,gold,regular,"3000.0","0.0",lose,"2pENAZ3W9WMJfkVN9bBcoQ=="
"2026-09-17T05:37:25.3398Z",moneybolt,playSWEEPSWinZone,ps,web,gold,regular,"3000.0","0.0",lose,"8UYPu2FsUojqkDB30FG2Jg=="
"2026-09-17T05:37:22.2780Z",moneybolt,playSWEEPSWinZone,ps,web,gold,regular,"3000.0","0.0",lose,"ZSiPYTH7c3fv0YGUpNk4OA=="
"2026-09-17T05:36:59.3269Z",moneybolt,playSWEEPSWinZone,ps,web,gold,regular,"3000.0","5100.0",win,"pacQhZVtk0DEfDhFkAPVTQ=="
"2026-09-17T05:36:56.2941Z",moneybolt,playSWEEPSWinZone,ps,web,gold,regular,"3000.0","0.0",lose,"vBnRvvkRoerEvsj0jMQeVw=="
"2026-09-17T05:36:53.2523Z",moneybolt,playSWEEPSWinZone,ps,web,gold,regular,"3000.0","0.0",lose,"+HDILRV8S2+G9gpeeC9gag=="
"2026-09-17T05:36:50.4534Z",moneybolt,playSWEEPSWinZone,ps,web,gold,regular,"3000.0","0.0",lose,"1bQmcy+mCAGPpuF3FDn+kA=="
"2026-09-17T05:30:22.5791Z",moneybolt,playSWEEPSWinZone,ps,web,gold,regular,"3000.0","31500.0",win,"P940DqIWT7/khB6FTcx7wA=="
"2026-09-17T05:30:14.3961Z",moneybolt,playSWEEPSWinZone,ps,web,gold,regular,"3000.0","600.0",win,"QDH4c/p0TgchL4xta9y48A=="
"2026-09-17T05:29:52.7105Z",moneybolt,playSWEEPSWinZone,ps,web,gold,regular,"3000.0","0.0",lose,"cFCuirQODIhPSTAkIA9ZZw=="
"2026-09-17T05:29:49.7173Z",moneybolt,playSWEEPSWinZone,ps,web,gold,regular,"3000.0","0.0",lose,"n8I9/OaqMV4bYKLg7EclXA=="
"2026-09-17T05:24:39.9734Z",moneybolt,playSWEEPSWinZone,ps,web,gold,regular,"3000.0","5700.0",win,"UfRU8k10GGsHQjm+YLZYlA=="
"2026-09-17T05:24:31.7110Z",moneybolt,playSWEEPSWinZone,ps,web,gold,regular,"3000.0","0.0",lose,"lgsXOsF2P3f2zKpPbPrZgQ=="
"2026-09-17T05:24:11.3823Z",moneybolt,playSWEEPSWinZone,ps,web,gold,"free_spin","0.0","63000.0",win,"hRbFELH4w6P5n5sEqIEFcQ=="
"2026-09-17T05:22:11.4951Z",moneybolt,playSWEEPSWinZone,ps,web,gold,regular,"3000.0","1500.0",win,"1qXtpfuBKJ5grqVYOu9A/w=="
"2026-09-17T05:22:02.4630Z",moneybolt,playSWEEPSWinZone,ps,web,gold,regular,"3000.0","0.0",lose,"xj25aZtlhICUga3cnR9Jyw=="
"2026-09-17T05:21:59.6016Z",moneybolt,playSWEEPSWinZone,ps,web,gold,regular,"3000.0","0.0",lose,"INt09Fn/5qd8yVji6yd4AA=="
"2026-09-17T05:21:56.6917Z",moneybolt,playSWEEPSWinZone,ps,web,gold,regular,"3000.0","0.0",lose,"DIxzWLcdtUZmDYlMgFaxUA=="
"2026-09-17T05:21:53.8291Z",moneybolt,playSWEEPSWinZone,ps,web,gold,regular,"3000.0","0.0",lose,"M/T4RPWjgg69FlsmoXE5+w=="
"2026-09-17T05:21:50.7099Z",moneybolt,playSWEEPSWinZone,ps,web,gold,regular,"3000.0","0.0",lose,"HM6fF2r3kKfpUrk0VBWTmQ=="
"2026-09-17T05:14:55.3076Z",moneybolt,playSWEEPSWinZone,ps,web,gold,regular,"3000.0","0.0",lose,"LPEhKeijt+GSgppiNM57rQ=="
"2026-09-17T05:14:52.3237Z",moneybolt,playSWEEPSWinZone,ps,web,gold,regular,"3000.0","0.0",lose,"QQIbfXrsxc++AoaFKRFpSA=="
"2026-09-17T05:14:44.2798Z",moneybolt,playSWEEPSWinZone,ps,web,gold,regular,"3000.0","900.0",win,"zAl2E+AJPiuVlMbvklS74w=="
"2026-09-17T05:14:41.4158Z",moneybolt,playSWEEPSWinZone,ps,web,gold,regular,"3000.0","0.0",lose,"oMxXajgoQ1kYVRKII++pMw=="
"2026-09-17T05:07:25.7611Z",moneybolt,playSWEEPSWinZone,ps,web,gold,regular,"3000.0","0.0",lose,"Hh58e8O7m2Z/OljzU0YpjQ=="
"2026-09-17T05:07:22.7099Z",moneybolt,playSWEEPSWinZone,ps,web,gold,regular,"3000.0","0.0",lose,"XSWUu/3Ew1VyPIHuh+YcWg=="
"2026-09-17T05:07:19.5957Z",moneybolt,playSWEEPSWinZone,ps,web,gold,regular,"3000.0","0.0",lose,"oHqjwEcAjlUj0fWSZUWsDw=="
"2026-09-17T05:07:04.4907Z",moneybolt,playSWEEPSWinZone,ps,web,gold,regular,"3000.0","0.0",lose,"ngF82Vy3/trZ6LPN1dNoxg=="
"2026-09-17T05:06:30.8714Z",moneybolt,playSWEEPSWinZone,ps,web,gold,regular,"3000.0","0.0",lose,"Tc2dbocatMvcUqulfIPDgA=="
"2026-09-17T05:05:23.4809Z",moneybolt,playSWEEPSWinZone,ps,web,gold,regular,"3000.0","600.0",win,"GlZz1whVWuqUhZjJTB1Zeg=="
"2026-09-17T05:05:18.0687Z",moneybolt,playSWEEPSWinZone,ps,web,gold,regular,"3000.0","3000.0",win,"qiFyoTFEqD3C7cQw53zFCA=="
"2026-09-17T05:05:14.6082Z",moneybolt,playSWEEPSWinZone,ps,web,gold,regular,"3000.0","0.0",lose,"m4RZBSffvKGCHJFRXmnRoA=="
"2026-09-17T05:05:11.6012Z",moneybolt,playSWEEPSWinZone,ps,web,gold,regular,"3000.0","0.0",lose,"95Fkm/WDWEn+YjXcjfMI2g=="
"2026-09-17T05:04:49.7812Z",moneybolt,playSWEEPSWinZone,ps,web,gold,regular,"3000.0","0.0",lose,"bISVNfdgFhb/UKJ9KJMEPg=="
"2026-09-17T05:04:46.6512Z",moneybolt,playSWEEPSWinZone,ps,web,gold,regular,"3000.0","0.0",lose,"wQ+TJGCkpGnK+9Lca4+M4w=="
"2026-09-17T05:04:40.2936Z",moneybolt,playSWEEPSWinZone,ps,web,gold,regular,"3000.0","0.0",lose,"PoOobVk0zCLbkyy4i7cAYA=="
"2026-09-17T05:04:37.0791Z",moneybolt,playSWEEPSWinZone,ps,web,gold,regular,"3000.0","0.0",lose,"VlNe6IzNkajDbA93UWtZvg=="
"2026-09-17T05:04:34.0044Z",moneybolt,playSWEEPSWinZone,ps,web,gold,regular,"3000.0","0.0",lose,"6KGrH+YCVI27PV32ZijBlQ=="
"2026-09-17T05:04:31.0561Z",moneybolt,playSWEEPSWinZone,ps,web,gold,regular,"3000.0","0.0",lose,"dmdvgODr2n3lSk5bR85ImQ=="
"2026-09-17T04:56:23.7721Z",moneybolt,playSWEEPSWinZone,ps,web,gold,regular,"3000.0","0.0",lose,"eSvp0jTDe/EqtsHQ5NYMIA=="
"2026-09-17T04:56:13.5787Z",moneybolt,playSWEEPSWinZone,ps,web,gold,regular,"3000.0","0.0",lose,"LjyKjjxI9rSPk16PtJzsYw=="
"2026-09-17T04:56:02.4562Z",moneybolt,playSWEEPSWinZone,ps,web,gold,regular,"3000.0","0.0",lose,"dnkhXneqmUAbWGBjmqaayw=="
"2026-09-17T04:55:59.4983Z",moneybolt,playSWEEPSWinZone,ps,web,gold,regular,"3000.0","0.0",lose,"Urt9B5OdojRZWvEMuQHwwQ=="
"2026-09-17T04:55:53.6004Z",moneybolt,playSWEEPSWinZone,ps,web,gold,regular,"3000.0","0.0",lose,"A/rx2QrbvgAW6d5TGG2u5w=="
"2026-09-17T04:55:50.7267Z",moneybolt,playSWEEPSWinZone,ps,web,gold,regular,"3000.0","0.0",lose,"1JpD9Vbrvtf8AgwFmE+/6g=="
"2026-09-17T04:55:44.6773Z",moneybolt,playSWEEPSWinZone,ps,web,gold,regular,"3000.0","0.0",lose,"2YigvXsRETue+BPvK5AE3g=="
"2026-09-17T04:55:38.7815Z",moneybolt,playSWEEPSWinZone,ps,web,gold,regular,"3000.0","0.0",lose,"wtUakBvFdT1zxz3c9Zv8wQ=="
"2026-09-17T04:55:35.6033Z",moneybolt,playSWEEPSWinZone,ps,web,gold,regular,"3000.0","0.0",lose,"ZK2ZrUTdHUI80bo0sF8opA=="
"2026-09-17T07:49:29.3220Z",moneybolt,playSWEEPSWinZone,ps,web,gold,regular,"3000.0","0.0",lose,"awR2HywRDy+FAfhjmie99g=="
"2026-09-17T07:49:26.4025Z",moneybolt,playSWEEPSWinZone,ps,web,gold,regular,"3000.0","0.0",lose,"p2CRkFIM3obetumESbmqtQ=="
"2026-09-17T07:49:23.7475Z",moneybolt,playSWEEPSWinZone,ps,web,gold,regular,"3000.0","0.0",lose,"xPYhOH/KntsfqSRlGtOy4w=="
"2026-09-17T07:49:18.7507Z",moneybolt,playSWEEPSWinZone,ps,web,gold,regular,"3000.0","600.0",win,"y4Ik+2EcIexPVSzsc3Bh7Q=="
"2026-09-17T07:48:11.6831Z",moneybolt,playSWEEPSWinZone,ps,web,gold,regular,"3000.0","0.0",lose,"WOM1ie6GP0cWMx6lyW3obg=="
"2026-09-17T07:48:08.8241Z",moneybolt,playSWEEPSWinZone,ps,web,gold,regular,"3000.0","0.0",lose,"A+NNrTkmO0XI9mRBw5tzbg=="
"2026-09-17T07:48:05.9815Z",moneybolt,playSWEEPSWinZone,ps,web,gold,regular,"3000.0","0.0",lose,"9C55zJdodQqTQVvDT3jw8g=="
"2026-09-17T07:47:49.5392Z",moneybolt,playSWEEPSWinZone,ps,web,gold,regular,"3000.0","3000.0",win,"tGfzOKl4e3gVNSJ+VA2SBA=="
"2026-09-17T07:47:40.1749Z",moneybolt,playSWEEPSWinZone,ps,web,gold,regular,"3000.0","0.0",lose,"/FPp+52MciHp4juWGT/krQ=="
"2026-09-17T07:47:37.0324Z",moneybolt,playSWEEPSWinZone,ps,web,gold,regular,"3000.0","0.0",lose,"w+5DjpAbajlEb6UtMjKtHQ=="
"2026-09-17T07:47:28.8000Z",moneybolt,playSWEEPSWinZone,ps,web,gold,regular,"3000.0","12000.0",win,"ndkSD8XXD5Tbk6eP6xkcSw=="
"2026-09-17T07:47:17.8128Z",moneybolt,playSWEEPSWinZone,ps,web,gold,regular,"3000.0","300.0",win,"T51Q2d6wJ9sbyQty/YZFQw=="
"2026-09-17T07:44:09.6283Z",moneybolt,playSWEEPSWinZone,ps,web,gold,regular,"3000.0","0.0",lose,"rtZbw33b+aCFpJGiwPK5Kg=="
"2026-09-17T07:44:06.6638Z",moneybolt,playSWEEPSWinZone,ps,web,gold,regular,"3000.0","0.0",lose,"lmPkWNKyz/wvK25RKeKg7Q=="
"2026-09-17T07:44:01.5854Z",moneybolt,playSWEEPSWinZone,ps,web,gold,regular,"3000.0","600.0",win,"O9RGu73PcHoLK2rvPIJXOA=="
"2026-09-17T07:43:38.7683Z",moneybolt,playSWEEPSWinZone,ps,web,gold,"free_spin","0.0","41700.0",win,"d2U+lwAL7doHOmBCrCyE+Q=="
"2026-09-17T07:32:09.9126Z",moneybolt,playSWEEPSWinZone,ps,web,gold,regular,"3000.0","0.0",lose,"84M+DAZvdUkk3DpIhF6yqA=="
"2026-09-17T07:32:04.5205Z",moneybolt,playSWEEPSWinZone,ps,web,gold,regular,"3000.0","4800.0",win,"zlpA4oWolnS5KNpsQGsXXw=="
"2026-09-17T07:32:01.4709Z",moneybolt,playSWEEPSWinZone,ps,web,gold,regular,"3000.0","0.0",lose,"jAYNladNX9mvDJACvIAzTw=="
"2026-09-17T07:31:55.6365Z",moneybolt,playSWEEPSWinZone,ps,web,gold,regular,"3000.0","900.0",win,"8HlmMkzrnGcOCyctbqN6Eg=="
"2026-09-17T07:31:52.6470Z",moneybolt,playSWEEPSWinZone,ps,web,gold,regular,"3000.0","0.0",lose,"O/29RiCRuwzEMormVBmqvg=="
"2026-09-17T07:31:49.7972Z",moneybolt,playSWEEPSWinZone,ps,web,gold,regular,"3000.0","0.0",lose,"gCMFlPezcFLvf22EEBB8gQ=="
"2026-09-17T07:31:28.4770Z",moneybolt,playSWEEPSWinZone,ps,web,gold,regular,"3000.0","0.0",lose,"7gevxq+hYLLaLq9zmTyVsQ=="
"2026-09-17T07:31:22.4349Z",moneybolt,playSWEEPSWinZone,ps,web,gold,regular,"3000.0","0.0",lose,"GGe6LPO7exRHXMdVffOapg=="
"2026-09-17T07:31:16.2449Z",moneybolt,playSWEEPSWinZone,ps,web,gold,regular,"3000.0","0.0",lose,"BeOhpzKVx/JmCOdA5I85SA=="
"2026-09-17T07:30:07.7297Z",moneybolt,playSWEEPSWinZone,ps,web,gold,regular,"3000.0","0.0",lose,"8JebisRg0Wcg+P0xLzS1Xg=="
"2026-09-17T07:30:03.1443Z",moneybolt,playSWEEPSWinZone,ps,web,gold,regular,"3000.0","0.0",lose,"uKudEr22FEe7bcMJ/tzR5A=="
"2026-09-17T07:29:41.4241Z",moneybolt,playSWEEPSWinZone,ps,web,gold,regular,"3000.0","1500.0",win,"uU1MBjDix0Wm9OFIhNZ8/Q=="
"2026-09-17T07:29:38.3933Z",moneybolt,playSWEEPSWinZone,ps,web,gold,regular,"3000.0","0.0",lose,"RKL055SQbHN26r5s4by1ew=="
"2026-09-17T07:29:29.4603Z",moneybolt,playSWEEPSWinZone,ps,web,gold,regular,"3000.0","0.0",lose,"bP3PVGC0CfePUZ9lr1rhsA=="
"2026-09-17T07:29:26.7139Z",moneybolt,playSWEEPSWinZone,ps,web,gold,regular,"3000.0","0.0",lose,"1i0TsaYxwMIGl0F6gcyGFg=="
"2026-09-17T07:27:13.6517Z",moneybolt,playSWEEPSWinZone,ps,web,gold,regular,"3000.0","0.0",lose,"fDdG12F6FLX529HtMA8KKQ=="
"2026-09-17T07:27:10.8015Z",moneybolt,playSWEEPSWinZone,ps,web,gold,regular,"3000.0","0.0",lose,"R7/GoObOyeOHc6t3BttG/g=="
"2026-09-17T07:24:59.1481Z",moneybolt,playSWEEPSWinZone,ps,web,gold,regular,"3000.0","0.0",lose,"nSWVU6kKPLRW6xpsAHhqCQ=="
"2026-09-17T07:24:56.2803Z",moneybolt,playSWEEPSWinZone,ps,web,gold,regular,"3000.0","0.0",lose,"wl8++8QHAx/m88IuS2Mqog=="
"2026-09-17T07:24:53.5140Z",moneybolt,playSWEEPSWinZone,ps,web,gold,regular,"3000.0","0.0",lose,"ksoz5+lscuFqC2Ow7wQrYQ=="
"2026-09-17T07:24:44.6845Z",moneybolt,playSWEEPSWinZone,ps,web,gold,regular,"3000.0","0.0",lose,"7Go/++a8D1Dzj6L+4zMTbQ=="
"2026-09-17T07:24:25.5271Z",moneybolt,playSWEEPSWinZone,ps,web,gold,regular,"3000.0","3000.0",win,"HOyMPm6z5yst76BUKXT3Zg=="
"2026-09-17T07:24:22.5938Z",moneybolt,playSWEEPSWinZone,ps,web,gold,regular,"3000.0","0.0",lose,"DhpaVCnfWvRHr/S0+z1kow=="
"2026-09-17T07:24:19.6883Z",moneybolt,playSWEEPSWinZone,ps,web,gold,regular,"3000.0","0.0",lose,"bc0dDPy16eZ4yvoADDud3g=="
"2026-09-17T07:24:14.8226Z",moneybolt,playSWEEPSWinZone,ps,web,gold,regular,"3000.0","900.0",win,"bz1oCMrsjJhA9AVBjcW3JA=="
"2026-09-17T07:24:11.9578Z",moneybolt,playSWEEPSWinZone,ps,web,gold,regular,"3000.0","0.0",lose,"7vffCiWFRC8SzQwzMzbgxg=="
"2026-09-17T07:24:08.5698Z",moneybolt,playSWEEPSWinZone,ps,web,gold,regular,"3000.0","0.0",lose,"0JwTWlqfFmfkBmvkOXxOxQ=="
"2026-09-17T07:24:02.9132Z",moneybolt,playSWEEPSWinZone,ps,web,gold,regular,"3000.0","600.0",win,"RoOitQe8SB9UH+/PX46Mjw=="
"2026-09-17T07:23:46.0716Z",moneybolt,playSWEEPSWinZone,ps,web,gold,regular,"3000.0","1500.0",win,"d5wDPG+UUuPJtsqkL9oVcw=="
"2026-09-17T07:23:42.9811Z",moneybolt,playSWEEPSWinZone,ps,web,gold,regular,"3000.0","0.0",lose,"QhTUmh3FKiR/Fa/wmAWTnA=="
"2026-09-17T07:23:39.0300Z",moneybolt,playSWEEPSWinZone,ps,web,gold,regular,"3000.0","0.0",lose,"YcfxEm2wsihLXMZjlDyzAw=="
"2026-09-17T07:23:33.6431Z",moneybolt,playSWEEPSWinZone,ps,web,gold,regular,"3000.0","300.0",win,"pph5MRXhLmo1XJJpy9YREg=="
"2026-09-17T07:23:30.7728Z",moneybolt,playSWEEPSWinZone,ps,web,gold,regular,"3000.0","0.0",lose,"9Qf4CZG5v3AccULFF0SrSg=="
"2026-09-17T07:23:27.7502Z",moneybolt,playSWEEPSWinZone,ps,web,gold,regular,"3000.0","0.0",lose,"xIHwe3jd1DQX4WrNIViPKQ=="
"2026-09-17T07:23:19.5879Z",moneybolt,playSWEEPSWinZone,ps,web,gold,regular,"3000.0","0.0",lose,"v53G9Qp0YZjFGrEErYZrtQ=="
"2026-09-17T07:23:10.3544Z",moneybolt,playSWEEPSWinZone,ps,web,gold,regular,"3000.0","0.0",lose,"YU2I/hdILsN3PYza1aSFwg=="
"2026-09-17T07:23:07.3183Z",moneybolt,playSWEEPSWinZone,ps,web,gold,regular,"3000.0","0.0",lose,"U+aKL6gDEDxAMEJv9hyUCA=="
"2026-09-17T07:21:13.8589Z",moneybolt,playSWEEPSWinZone,ps,web,gold,regular,"3000.0","0.0",lose,"fOdLJ687Z6/VaVrWHmnboA=="
"2026-09-17T07:21:07.9914Z",moneybolt,playSWEEPSWinZone,ps,web,gold,regular,"3000.0","0.0",lose,"21UQbbVS56dozcK/d3KpyQ=="
"2026-09-17T07:21:04.9077Z",moneybolt,playSWEEPSWinZone,ps,web,gold,regular,"3000.0","0.0",lose,"mNtw464oKaoOmLpfkk8ntA=="
"2026-09-17T07:21:01.9288Z",moneybolt,playSWEEPSWinZone,ps,web,gold,regular,"3000.0","0.0",lose,"Jn3cbPJdGh2QJ01LTui1XA=="
"2026-09-17T07:20:59.0506Z",moneybolt,playSWEEPSWinZone,ps,web,gold,regular,"3000.0","0.0",lose,"DkCq9ON8k6ZtXmgiYbEPVg=="
"2026-09-17T07:20:34.5971Z",moneybolt,playSWEEPSWinZone,ps,web,gold,regular,"3000.0","0.0",lose,"C57SbXhfZpEBs+LVQoFe9A=="
"2026-09-17T07:20:31.6948Z",moneybolt,playSWEEPSWinZone,ps,web,gold,regular,"3000.0","0.0",lose,"PmVYF71HN4LjNa899wdaEg=="
"2026-09-17T07:20:25.4806Z",moneybolt,playSWEEPSWinZone,ps,web,gold,regular,"3000.0","0.0",lose,"crkKUysvd8YwCZAQn+CP5A=="
"2026-09-17T07:20:19.9275Z",moneybolt,playSWEEPSWinZone,ps,web,gold,regular,"3000.0","300.0",win,"eXBk9wAY4AY39WBKZ4CFcQ=="
"2026-09-17T06:32:53.8366Z",moneybolt,playSWEEPSWinZone,ps,web,gold,regular,"3000.0","300.0",win,"/YTsfzTWTt8JGTUsM7TWfg=="
"2026-09-17T06:29:54.6316Z",moneybolt,playSWEEPSWinZone,ps,web,gold,regular,"3000.0","0.0",lose,"HWBJWGFCSwRc0dOv+K09jQ=="
"2026-09-17T06:29:51.1558Z",moneybolt,playSWEEPSWinZone,ps,web,gold,regular,"3000.0","0.0",lose,"7PkDvmUlokPYhS5FFFXAMA=="
"2026-09-17T06:29:48.1939Z",moneybolt,playSWEEPSWinZone,ps,web,gold,regular,"3000.0","0.0",lose,"DcEPRY9ce3zgX/drUCQt6Q=="
"2026-09-17T06:29:44.7097Z",moneybolt,playSWEEPSWinZone,ps,web,gold,regular,"3000.0","0.0",lose,"Rmg1HVDyrh4bk+0R3bCmOA=="
"2026-09-17T06:29:21.2824Z",moneybolt,playSWEEPSWinZone,ps,web,gold,regular,"3000.0","13500.0",win,"e5iDtMbOV6NGLZw9IV/tGQ=="
"2026-09-17T06:29:57.7127Z",moneybolt,playSWEEPSWinZone,ps,web,gold,regular,"3000.0","0.0",lose,"E/I4Ny3k3QnmtO+nJo4Y9A=="
"2026-09-17T06:29:41.9127Z",moneybolt,playSWEEPSWinZone,ps,web,gold,regular,"3000.0","0.0",lose,"gZgIrAT+47iWfYGtqcm4aw=="
"2026-09-17T06:29:39.0971Z",moneybolt,playSWEEPSWinZone,ps,web,gold,regular,"3000.0","0.0",lose,"W+AonoCkStoJ7twqr7lilg=="
"2026-09-17T06:29:18.3483Z",moneybolt,playSWEEPSWinZone,ps,web,gold,regular,"3000.0","0.0",lose,"7iVoyBCNzyIyDibFKLq3Vw=="
"2026-09-17T06:29:13.1650Z",moneybolt,playSWEEPSWinZone,ps,web,gold,regular,"3000.0","1500.0",win,"+4eAoo/a0aSUbCc/8XdLRw=="
"2026-09-17T06:29:04.5709Z",moneybolt,playSWEEPSWinZone,ps,web,gold,regular,"3000.0","27600.0",win,"ZODDHceW4mo9uGIOExz0BQ=="
"2026-09-17T06:23:59.1382Z",moneybolt,playSWEEPSWinZone,ps,web,gold,regular,"3000.0","0.0",lose,"QVsnsG1hm9cKUrCgV3UoGw=="
"2026-09-17T06:23:56.4494Z",moneybolt,playSWEEPSWinZone,ps,web,gold,regular,"3000.0","0.0",lose,"yYAhEfNKHi1Q6m6g5KYzgw=="
"2026-09-17T06:23:50.7332Z",moneybolt,playSWEEPSWinZone,ps,web,gold,regular,"3000.0","0.0",lose,"yfviLYfHQL1KMYOE8zqO3g=="
"2026-09-17T06:23:41.6652Z",moneybolt,playSWEEPSWinZone,ps,web,gold,regular,"3000.0","0.0",lose,"Q4rqr2kvW8O7wMgAaRUpCQ=="
"2026-09-17T06:22:29.9241Z",moneybolt,playSWEEPSWinZone,ps,web,gold,regular,"3000.0","0.0",lose,"jNwuCEb8FQuqBAW/Fu6hBQ=="
"2026-09-17T06:22:26.1130Z",moneybolt,playSWEEPSWinZone,ps,web,gold,regular,"3000.0","0.0",lose,"csy0Vh9w84wRfvHp6CaYVA=="
"2026-09-17T06:22:11.9307Z",moneybolt,playSWEEPSWinZone,ps,web,gold,regular,"3000.0","0.0",lose,"0IzQw+ddgniu7BNZ/CHSUQ=="
"2026-09-17T06:22:08.9117Z",moneybolt,playSWEEPSWinZone,ps,web,gold,regular,"3000.0","0.0",lose,"C36gBdgu8mfFpdiT8Hns2w=="
"2026-09-17T06:22:03.6433Z",moneybolt,playSWEEPSWinZone,ps,web,gold,regular,"3000.0","900.0",win,"1iBFB1EiqWLqHDMNRV47lQ=="
"2026-09-17T06:19:43.2846Z",moneybolt,playSWEEPSWinZone,ps,web,gold,regular,"3000.0","300.0",win,"66ObY+q1oKE65CwEEnU93Q=="
"2026-09-17T06:19:36.9073Z",moneybolt,playSWEEPSWinZone,ps,web,gold,regular,"3000.0","0.0",lose,"OH2U3dueXWyw3G7Mcf0fRg=="
"2026-09-17T06:19:27.5534Z",moneybolt,playSWEEPSWinZone,ps,web,gold,regular,"3000.0","0.0",lose,"4bH9+vs+5y8LISbVbaVu6Q=="
"2026-09-17T06:19:07.6578Z",moneybolt,playSWEEPSWinZone,ps,web,gold,regular,"3000.0","15000.0",win,"HAVMZanH3EHNYlzXirXbUw=="
"2026-09-17T06:19:04.3722Z",moneybolt,playSWEEPSWinZone,ps,web,gold,regular,"3000.0","0.0",lose,"CQI5wmThXeNeHqgayGeY6w=="
"2026-09-17T06:19:01.3441Z",moneybolt,playSWEEPSWinZone,ps,web,gold,regular,"3000.0","0.0",lose,"uRlG7hKIAfPaydEnTi82eQ=="
"2026-09-17T06:15:57.1451Z",moneybolt,playSWEEPSWinZone,ps,web,gold,regular,"3000.0","0.0",lose,"F/W5XEdN7miYFSCTSh3obA=="
"2026-09-17T06:15:51.0646Z",moneybolt,playSWEEPSWinZone,ps,web,gold,regular,"3000.0","0.0",lose,"uXxKGduO5JETT/8PpPn6lQ=="
"2026-09-17T06:15:42.2778Z",moneybolt,playSWEEPSWinZone,ps,web,gold,regular,"3000.0","28800.0",win,"XEF5kmXeNZjHipdsmcIp1A=="
"2026-09-17T06:15:30.2687Z",moneybolt,playSWEEPSWinZone,ps,web,gold,regular,"3000.0","2100.0",win,"rHf3JzvtqS/NWzdBCpNgHw=="
"2026-09-17T06:15:21.7704Z",moneybolt,playSWEEPSWinZone,ps,web,gold,regular,"3000.0","2700.0",win,"c7q1X2pmwFqPIJNFegSHTA=="
"2026-09-17T06:14:58.9252Z",moneybolt,playSWEEPSWinZone,ps,web,gold,regular,"3000.0","0.0",lose,"4pESliNjYu7SuQmSI0U66Q=="
"2026-09-17T06:14:50.2357Z",moneybolt,playSWEEPSWinZone,ps,web,gold,regular,"3000.0","0.0",lose,"lhbrhazpUXUnguni1aQHew=="
"2026-09-17T06:14:47.1296Z",moneybolt,playSWEEPSWinZone,ps,web,gold,regular,"3000.0","0.0",lose,"8EIjPqt+3zo0CZOcnmZBrw=="
"2026-09-17T06:14:38.0793Z",moneybolt,playSWEEPSWinZone,ps,web,gold,regular,"3000.0","27600.0",win,"1WyLw39G0lJNbnnBcyuADQ=="
"2026-09-17T06:14:32.2998Z",moneybolt,playSWEEPSWinZone,ps,web,gold,regular,"3000.0","0.0",lose,"w1yTwmTjwmXevFm0zkJJ5g=="
"2026-09-17T06:14:29.4654Z",moneybolt,playSWEEPSWinZone,ps,web,gold,regular,"3000.0","0.0",lose,"BhN8cHqLk9AIQsNEn0l23w=="
"2026-09-17T06:14:21.4108Z",moneybolt,playSWEEPSWinZone,ps,web,gold,regular,"3000.0","4800.0",win,"c4AW5cgG3w58U4WhrKncwA=="
"2026-09-17T06:14:11.3706Z",moneybolt,playSWEEPSWinZone,ps,web,gold,regular,"3000.0","0.0",lose,"oNHH2N2Z0cUZlQLGy/b3hA=="
"2026-09-17T06:13:50.7119Z",moneybolt,playSWEEPSWinZone,ps,web,gold,regular,"3000.0","0.0",lose,"2Oyq0j03EHM+OEZWGpVfnA=="
"2026-09-17T06:13:44.2038Z",moneybolt,playSWEEPSWinZone,ps,web,gold,regular,"3000.0","0.0",lose,"1VqbzEkwU+a0S5/IQw1cdQ=="
"2026-09-17T09:16:45.8117Z",moneybolt,playSWEEPSWinZone,ps,web,gold,regular,"3000.0","0.0",lose,"quvBZmGfuRUQ+uVrj7ZM3Q=="
"2026-09-17T09:16:29.1301Z",moneybolt,playSWEEPSWinZone,ps,web,gold,"free_spin","0.0","13500.0",win,"DVIbQrN2X/4GUtkagzUuBg=="
"2026-09-17T09:16:05.3664Z",moneybolt,playSWEEPSWinZone,ps,web,gold,regular,"3000.0","0.0",lose,"DVIbQrN2X/4GUtkagzUuBg=="
"2026-09-17T09:14:32.1006Z",moneybolt,playSWEEPSWinZone,ps,web,gold,regular,"3000.0","2100.0",win,"vGdYJQNn6HF0WF7Pt/F52w=="
"2026-09-17T09:14:27.0691Z",moneybolt,playSWEEPSWinZone,ps,web,gold,regular,"3000.0","0.0",lose,"UMbk5wNGxjqYanZCPRznCQ=="
"2026-09-17T09:14:16.1175Z",moneybolt,playSWEEPSWinZone,ps,web,gold,regular,"3000.0","600.0",win,"rRdRLBPyt5gjLD85E6/w3w=="
"2026-09-17T09:14:00.0269Z",moneybolt,playSWEEPSWinZone,ps,web,gold,regular,"3000.0","0.0",lose,"xYj5El2QRorrrfV/fgeKGQ=="
"2026-09-17T09:13:56.0433Z",moneybolt,playSWEEPSWinZone,ps,web,gold,regular,"3000.0","0.0",lose,"k/Lzu5gyaBAjoPRWxT1/3g=="
"2026-09-17T09:14:22.5533Z",moneybolt,playSWEEPSWinZone,ps,web,gold,regular,"3000.0","0.0",lose,"wj/AmIpIqT+0udwifGW5YA=="
"2026-09-17T09:14:11.8837Z",moneybolt,playSWEEPSWinZone,ps,web,gold,regular,"3000.0","0.0",lose,"ztWPdONrcPy9za7jIdkjlQ=="
"2026-09-17T09:14:05.1004Z",moneybolt,playSWEEPSWinZone,ps,web,gold,regular,"3000.0","4500.0",win,"u0ViejDMRRIBYOrx82kzXg=="
"2026-09-17T09:13:52.1188Z",moneybolt,playSWEEPSWinZone,ps,web,gold,regular,"3000.0","0.0",lose,"gpbjkmUTvo1LsoEAec2XEQ=="
"2026-09-17T09:10:23.7992Z",moneybolt,playSWEEPSWinZone,ps,web,gold,regular,"3000.0","0.0",lose,"ooFjwAhAI93yBSxDyd2lBw=="
"2026-09-17T09:10:20.4308Z",moneybolt,playSWEEPSWinZone,ps,web,gold,regular,"3000.0","0.0",lose,"lR+N08/PXJsF+gX0MumAUA=="
"2026-09-17T09:10:17.0727Z",moneybolt,playSWEEPSWinZone,ps,web,gold,regular,"3000.0","0.0",lose,"MCl1ZCcZieEgCJEzV67xfg=="
"2026-09-17T09:10:00.6693Z",moneybolt,playSWEEPSWinZone,ps,web,gold,regular,"3000.0","0.0",lose,"9G++qJ4dONmMALpWRe8N1w=="
"2026-09-17T09:09:52.2506Z",moneybolt,playSWEEPSWinZone,ps,web,gold,regular,"3000.0","0.0",lose,"yPl61KKF0ntmHginp3tTKQ=="
"2026-09-17T09:08:46.5533Z",moneybolt,playSWEEPSWinZone,ps,web,gold,regular,"3000.0","0.0",lose,"MG4Be6xx9Gr6WQPfqxlCLg=="
"2026-09-17T09:08:27.7693Z",moneybolt,playSWEEPSWinZone,ps,web,gold,regular,"3000.0","0.0",lose,"7hO22fgp0tc8upaRftJEbQ=="
"2026-09-17T09:08:24.7675Z",moneybolt,playSWEEPSWinZone,ps,web,gold,regular,"3000.0","0.0",lose,"ZybS/P5rMtXsuBTpFvvxjQ=="
"2026-09-17T09:08:04.6013Z",moneybolt,playSWEEPSWinZone,ps,web,gold,regular,"3000.0","0.0",lose,"1zdL7Uu098W8m7aGRpr2hw=="
"2026-09-17T09:08:01.2175Z",moneybolt,playSWEEPSWinZone,ps,web,gold,regular,"3000.0","0.0",lose,"1h4sVlJR3jIAC1ecggFhIA=="
"2026-09-17T09:07:58.2764Z",moneybolt,playSWEEPSWinZone,ps,web,gold,regular,"3000.0","0.0",lose,"tjj6F8ugSPRLy0dGQKSfPg=="
"2026-09-17T09:07:54.9172Z",moneybolt,playSWEEPSWinZone,ps,web,gold,regular,"3000.0","0.0",lose,"Gi707puUZ62bhqUjDRFrrA=="
"2026-09-17T09:07:51.9346Z",moneybolt,playSWEEPSWinZone,ps,web,gold,regular,"3000.0","0.0",lose,"fVuEKLbpfMbIFzh6kDheyw=="
"2026-09-17T09:07:46.7070Z",moneybolt,playSWEEPSWinZone,ps,web,gold,regular,"3000.0","10200.0",win,"G/5fQeG9AhUG3ZP++gNmmQ=="
"2026-09-17T09:02:21.9557Z",moneybolt,playSWEEPSWinZone,ps,web,gold,regular,"3000.0","10500.0",win,"yqkbnlgaf0BpSIu1NiEKzg=="
"2026-09-17T09:02:18.9722Z",moneybolt,playSWEEPSWinZone,ps,web,gold,regular,"3000.0","0.0",lose,"H/Ez2PuwLOrpGbyb09wPvA=="
"2026-09-17T09:02:10.2329Z",moneybolt,playSWEEPSWinZone,ps,web,gold,regular,"3000.0","0.0",lose,"9nAiVrfNLDa+hXCJBCtxVw=="
"2026-09-17T09:01:49.1206Z",moneybolt,playSWEEPSWinZone,ps,web,gold,regular,"3000.0","0.0",lose,"WtKpgC976nuj5sl/ddWBRA=="
"2026-09-17T08:58:36.4124Z",moneybolt,playSWEEPSWinZone,ps,web,gold,regular,"3000.0","0.0",lose,"LDY0BWzooDw/qVeeoh73Mg=="
"2026-09-17T08:58:21.7087Z",moneybolt,playSWEEPSWinZone,ps,web,gold,regular,"3000.0","0.0",lose,"tRVITIFOYk5YOgVjJ9h5xg=="
"2026-09-17T08:58:18.6798Z",moneybolt,playSWEEPSWinZone,ps,web,gold,regular,"3000.0","0.0",lose,"H9X4wmcWoukm3Mp/U/vnDA=="
"2026-09-17T08:58:12.5379Z",moneybolt,playSWEEPSWinZone,ps,web,gold,regular,"3000.0","0.0",lose,"nXJc2AJFAsC99m4ngil4Sw=="
"2026-09-17T08:58:06.6669Z",moneybolt,playSWEEPSWinZone,ps,web,gold,regular,"3000.0","0.0",lose,"847hnq1CwoSGQrIsJJP4Wg=="
"2026-09-17T08:58:03.6049Z",moneybolt,playSWEEPSWinZone,ps,web,gold,regular,"3000.0","0.0",lose,"m7ESh7+MDMnwH6S1wzqC6Q=="
"2026-09-17T08:57:58.5070Z",moneybolt,playSWEEPSWinZone,ps,web,gold,regular,"3000.0","3600.0",win,"mjf/hosdbkUuOtLSgyuaxA=="
"2026-09-17T08:57:55.6720Z",moneybolt,playSWEEPSWinZone,ps,web,gold,regular,"3000.0","0.0",lose,"m/fIUs6nEi6P8EIZ6lShQA=="
"2026-09-17T08:52:21.4501Z",moneybolt,playSWEEPSWinZone,ps,web,gold,regular,"3000.0","45000.0",win,"Jz5F905PIB9KHkZvYpSPCQ=="
"2026-09-17T08:52:01.8151Z",moneybolt,playSWEEPSWinZone,ps,web,gold,regular,"3000.0","0.0",lose,"fH5heHYQ32rhWWxiU1po0w=="
"2026-09-17T08:51:45.1168Z",moneybolt,playSWEEPSWinZone,ps,web,gold,regular,"3000.0","6000.0",win,"/N91p1n5Bq33p6mZC33LEw=="
"2026-09-17T08:51:39.2135Z",moneybolt,playSWEEPSWinZone,ps,web,gold,regular,"3000.0","0.0",lose,"fx+WE2wzFZaCk1pNfZ2pRw=="
"2026-09-17T08:51:36.2873Z",moneybolt,playSWEEPSWinZone,ps,web,gold,regular,"3000.0","0.0",lose,"cLJfcy23J6Uu9Kcu5uqTzQ=="
"2026-09-17T08:35:29.7718Z",moneybolt,playSWEEPSWinZone,ps,web,gold,regular,"3000.0","0.0",lose,"WwcCnAp999xlL57FST3rKw=="
"2026-09-17T08:35:23.5174Z",moneybolt,playSWEEPSWinZone,ps,web,gold,regular,"3000.0","900.0",win,"voNwKX0WV87jx2RTTlIXcw=="
"2026-09-17T08:34:54.8152Z",moneybolt,playSWEEPSWinZone,ps,web,gold,regular,"3000.0","9000.0",win,"yzvS0i0rx8Mp+XsaFz+MyA=="
"2026-09-17T08:34:46.7698Z",moneybolt,playSWEEPSWinZone,ps,web,gold,regular,"3000.0","0.0",lose,"eRD++qpG2E2TEnwLdMgDvw=="
"2026-09-17T08:34:43.5757Z",moneybolt,playSWEEPSWinZone,ps,web,gold,regular,"3000.0","0.0",lose,"UDutlh2/dxxvOddsRaAmCg=="
"2026-09-17T08:34:32.5831Z",moneybolt,playSWEEPSWinZone,ps,web,gold,regular,"3000.0","0.0",lose,"QielBy3qpRBpKOIgbyD8iA=="
"2026-09-17T08:32:22.5967Z",moneybolt,playSWEEPSWinZone,ps,web,gold,regular,"3000.0","0.0",lose,"4LpFOW2+zF0GWsh55Fuh+g=="
"2026-09-17T08:32:19.6138Z",moneybolt,playSWEEPSWinZone,ps,web,gold,regular,"3000.0","0.0",lose,"XxesqpVfSGfVaujlaZCfeg=="
"2026-09-17T08:31:47.0741Z",moneybolt,playSWEEPSWinZone,ps,web,gold,regular,"3000.0","300.0",win,"3ewPiFoLuesldtc/zpbg+Q=="
"2026-09-17T08:31:40.7860Z",moneybolt,playSWEEPSWinZone,ps,web,gold,regular,"3000.0","0.0",lose,"S1a76+Bx/IOwptCTCSnHXQ=="
"2026-09-17T08:31:37.8527Z",moneybolt,playSWEEPSWinZone,ps,web,gold,regular,"3000.0","0.0",lose,"KGyyqr5uzeSL/PANqYYW2A=="
"2026-09-17T08:31:34.9666Z",moneybolt,playSWEEPSWinZone,ps,web,gold,regular,"3000.0","0.0",lose,"OsfBfl4yGuFwp/QS/9QsjQ=="
"2026-09-17T08:31:31.9258Z",moneybolt,playSWEEPSWinZone,ps,web,gold,regular,"3000.0","0.0",lose,"YXiObtzY7EEwA99NbpYETw=="
"2026-09-17T08:28:15.9278Z",moneybolt,playSWEEPSWinZone,ps,web,gold,regular,"3000.0","2400.0",win,"5f2yrWcE+wVb+GIFmmnVkQ=="
"2026-09-17T08:28:09.7911Z",moneybolt,playSWEEPSWinZone,ps,web,gold,regular,"3000.0","0.0",lose,"QX24uV7P3M15dz54mhIxCg=="
"2026-09-17T08:28:06.8540Z",moneybolt,playSWEEPSWinZone,ps,web,gold,regular,"3000.0","0.0",lose,"D9bm0aq+zJgh4wr72hUWqQ=="
"2026-09-17T08:28:00.7021Z",moneybolt,playSWEEPSWinZone,ps,web,gold,regular,"3000.0","0.0",lose,"tnlAmMCRa3jrWV5baFVdYQ=="
"2026-09-17T08:27:57.8716Z",moneybolt,playSWEEPSWinZone,ps,web,gold,regular,"3000.0","0.0",lose,"RXZwpOoJ74tWsXtUVW6fnQ=="
"2026-09-17T08:27:54.8519Z",moneybolt,playSWEEPSWinZone,ps,web,gold,regular,"3000.0","0.0",lose,"5AWjGDSaT3RE/mCbM48SZw=="
"2026-09-17T08:27:51.7236Z",moneybolt,playSWEEPSWinZone,ps,web,gold,regular,"3000.0","0.0",lose,"uoDsI7hyzG2jsslm2Y/FbA=="
"2026-09-17T08:27:48.5428Z",moneybolt,playSWEEPSWinZone,ps,web,gold,regular,"3000.0","0.0",lose,"GfLyK4U3GH4HvMsX8kVifQ=="
"2026-09-17T08:27:40.4112Z",moneybolt,playSWEEPSWinZone,ps,web,gold,regular,"3000.0","300.0",win,"sR7SmhPzOfuHcDleeo3mLg=="
"2026-09-17T08:27:37.3639Z",moneybolt,playSWEEPSWinZone,ps,web,gold,regular,"3000.0","0.0",lose,"Ze0bsF/dtZgNvaHu24kCFQ=="
"2026-09-17T08:27:31.4420Z",moneybolt,playSWEEPSWinZone,ps,web,gold,regular,"3000.0","0.0",lose,"a62YmGbqECRAJ22qh4eSDQ=="
"2026-09-17T08:27:16.8084Z",moneybolt,playSWEEPSWinZone,ps,web,gold,regular,"3000.0","0.0",lose,"rg0WO9NGpF/xyMXYXPve5A=="
"2026-09-17T08:27:13.4398Z",moneybolt,playSWEEPSWinZone,ps,web,gold,regular,"3000.0","0.0",lose,"CRasfaML46rXo95u2p5NtA=="
"2026-09-17T08:27:04.9985Z",moneybolt,playSWEEPSWinZone,ps,web,gold,regular,"3000.0","3900.0",win,"J38yRLBQPjU2MsXDJC9HZQ=="
"2026-09-17T08:27:01.8550Z",moneybolt,playSWEEPSWinZone,ps,web,gold,regular,"3000.0","0.0",lose,"aSphv8dZc/4djlicrdcJfQ=="
"2026-09-17T08:26:55.7299Z",moneybolt,playSWEEPSWinZone,ps,web,gold,regular,"3000.0","0.0",lose,"BbL6BrnQLNuAWdF8obBSDw=="
"2026-09-17T08:26:52.6665Z",moneybolt,playSWEEPSWinZone,ps,web,gold,regular,"3000.0","0.0",lose,"zX9gVhU0rcSHHAzYX7O4Cg=="
"2026-09-17T08:26:43.4743Z",moneybolt,playSWEEPSWinZone,ps,web,gold,regular,"3000.0","0.0",lose,"J55tTAdeznMCvKAOavFslQ=="
"2026-09-17T08:26:34.0449Z",moneybolt,playSWEEPSWinZone,ps,web,gold,regular,"3000.0","0.0",lose,"OS1V7ne9Z+lD4BEyjSANZA=="
"2026-09-17T08:04:20.6212Z",moneybolt,playSWEEPSWinZone,ps,web,gold,regular,"3000.0","0.0",lose,"hwLSkGAfaoJEnZXjIzOIUg=="
"2026-09-17T08:04:17.6728Z",moneybolt,playSWEEPSWinZone,ps,web,gold,regular,"3000.0","0.0",lose,"cTnHTpsSPJFOT5SJYwSKtw=="
"2026-09-17T08:04:13.4586Z",moneybolt,playSWEEPSWinZone,ps,web,gold,regular,"3000.0","0.0",lose,"8nWJtkekyXhnPcn4lW+wBA=="
"2026-09-17T08:04:10.1696Z",moneybolt,playSWEEPSWinZone,ps,web,gold,regular,"3000.0","0.0",lose,"ZwZ7oe7oo9gikibG/zSIBA=="
"2026-09-17T08:03:07.2856Z",moneybolt,playSWEEPSWinZone,ps,web,gold,regular,"3000.0","20400.0",win,"JWIDnAkkKM0fhWAAFoSGCA=="
"2026-09-17T08:02:58.9116Z",moneybolt,playSWEEPSWinZone,ps,web,gold,regular,"3000.0","0.0",lose,"UZeHSf6y5QiNllOq8Zl0cw=="
"2026-09-17T08:02:56.1351Z",moneybolt,playSWEEPSWinZone,ps,web,gold,regular,"3000.0","0.0",lose,"Be56ltAkeZLvdzjflLUy8Q=="
"2026-09-17T08:02:53.3839Z",moneybolt,playSWEEPSWinZone,ps,web,gold,regular,"3000.0","0.0",lose,"7bnWqwbfqsXcPMPfYo3izQ=="
"2026-09-17T08:02:47.6801Z",moneybolt,playSWEEPSWinZone,ps,web,gold,regular,"3000.0","0.0",lose,"IjpcRdJlLSQqpIlLCSx63A=="
"2026-09-17T08:02:39.4805Z",moneybolt,playSWEEPSWinZone,ps,web,gold,regular,"3000.0","300.0",win,"RuJLRyX7w4lDYrw71vHUOQ=="
"2026-09-17T08:02:36.4734Z",moneybolt,playSWEEPSWinZone,ps,web,gold,regular,"3000.0","0.0",lose,"D4LlTJkeT07SH5z8K+2+pw=="
"2026-09-17T08:02:30.5753Z",moneybolt,playSWEEPSWinZone,ps,web,gold,regular,"3000.0","0.0",lose,"hfq+nq0j5shQNs3Z7b95EA=="
"2026-09-17T08:02:25.4841Z",moneybolt,playSWEEPSWinZone,ps,web,gold,regular,"3000.0","3600.0",win,"gJePP24CHMaWqqlghjwmgg=="
"2026-09-17T07:59:10.4503Z",moneybolt,playSWEEPSWinZone,ps,web,gold,regular,"3000.0","0.0",lose,"5Mkfj2buM1Lp6EMIwMd02Q=="
"2026-09-17T07:59:07.4056Z",moneybolt,playSWEEPSWinZone,ps,web,gold,regular,"3000.0","0.0",lose,"0ygjepb7JzH8Xcv/fiN9Lg=="
"2026-09-17T07:58:53.0579Z",moneybolt,playSWEEPSWinZone,ps,web,gold,regular,"3000.0","0.0",lose,"3u1knIsj6QOtNG42GFCQ9g=="
"2026-09-17T07:58:50.2906Z",moneybolt,playSWEEPSWinZone,ps,web,gold,regular,"3000.0","0.0",lose,"bb4JC1wTOUYFO6a4KM17qA=="
"2026-09-17T07:58:25.9770Z",moneybolt,playSWEEPSWinZone,ps,web,gold,regular,"3000.0","19500.0",win,"NJLlpx+y8dNmpuVLUM71lQ=="
"2026-09-17T07:58:19.6751Z",moneybolt,playSWEEPSWinZone,ps,web,gold,regular,"3000.0","0.0",lose,"kSwZ9/kOef49lb8s8XSRRw=="
"2026-09-17T07:50:13.8556Z",moneybolt,playSWEEPSWinZone,ps,web,gold,regular,"3000.0","4800.0",win,"qjNC8LkfN1Fqg0qEga8Wcw=="
"2026-09-17T07:50:10.0554Z",moneybolt,playSWEEPSWinZone,ps,web,gold,regular,"3000.0","0.0",lose,"NtbyLZPj8YXEBRwcRkDFAQ=="
"2026-09-17T07:49:55.3142Z",moneybolt,playSWEEPSWinZone,ps,web,gold,regular,"3000.0","300.0",win,"K+S0zSAGO2Et4Ow1GI1E0Q=="
"2026-09-17T07:49:52.4000Z",moneybolt,playSWEEPSWinZone,ps,web,gold,regular,"3000.0","0.0",lose,"/a89z3ZyJxHSwW/P0IDLBw=="
"2026-09-17T07:49:49.5653Z",moneybolt,playSWEEPSWinZone,ps,web,gold,regular,"3000.0","0.0",lose,"sxctXEAnKLYYoxCYgSFsvQ=="
"2026-09-17T07:49:40.1269Z",moneybolt,playSWEEPSWinZone,ps,web,gold,regular,"3000.0","0.0",lose,"MbZ7XLLajUShU+6bdrH2WA=="
"2026-09-17T07:49:36.9887Z",moneybolt,playSWEEPSWinZone,ps,web,gold,regular,"3000.0","0.0",lose,"bNCZO/vy8cJRTHhOcnTDBw=="
"2026-09-16T08:05:38.1901Z",starburstgalaxy,playSWEEPSWinZone,evolution,app,gold,regular,"1000.0","500.0",win,"04f3369a-3640-4b7d-a4cf-6a59bc15de94"
"2026-09-16T08:05:31.1089Z",starburstgalaxy,playSWEEPSWinZone,evolution,app,gold,regular,"1000.0","0.0",lose,"f08412c4-1c1f-46bb-925c-1e2360d250a6"
"2026-09-16T07:29:23.9335Z",treasuremap,playSWEEPSWinZone,ps,app,sweep,regular,"0.2","0.0",lose,"5sCNtjx/AUsqgn6WNGvfqQ=="
"2026-09-16T07:29:09.5926Z",treasuremap,playSWEEPSWinZone,ps,app,sweep,regular,"0.2","0.28",win,"FPUkG8dsF8qtZ1NUFWIzzA=="
"2026-09-16T07:28:50.4551Z",treasuremap,playSWEEPSWinZone,ps,app,sweep,regular,"0.2","0.0",lose,"IH4kAtQNDTsoFF4+N0qing=="
"2026-09-16T07:28:34.9207Z",treasuremap,playSWEEPSWinZone,ps,app,sweep,regular,"0.2","0.08",win,"EppZ3oCDOzk//rn3XAHhMg=="
"2026-09-16T07:28:31.6037Z",treasuremap,playSWEEPSWinZone,ps,app,sweep,regular,"0.2","0.0",lose,"KOZAttObmw0+sFaFHrIdew=="
"2026-09-16T07:28:20.5458Z",treasuremap,playSWEEPSWinZone,ps,app,sweep,regular,"0.2","0.0",lose,"daL+h+SMFl0yxbYhopqvrA=="
"2026-09-16T07:28:09.9969Z",treasuremap,playSWEEPSWinZone,ps,app,sweep,regular,"0.2","0.0",lose,"Xwzdj0ms8HUYOqAl77Kjqg=="
"2026-09-16T07:28:01.0144Z",treasuremap,playSWEEPSWinZone,ps,app,sweep,regular,"0.2","0.12",win,"xpZs4vDyovSJr9SqIx72KQ=="
"2026-09-16T07:27:57.7333Z",treasuremap,playSWEEPSWinZone,ps,app,sweep,regular,"0.2","0.0",lose,"g6JX6r/UJgopr7e6qPdRRA=="
"2026-09-16T07:27:27.2313Z",treasuremap,playSWEEPSWinZone,ps,app,sweep,regular,"0.2","0.0",lose,"Ej1MR1q+cm7u4yR8GxpNUg=="
"2026-09-17T07:51:56.8600Z",moneybolt,playSWEEPSWinZone,ps,web,gold,regular,"3000.0","0.0",lose,"G+mFe8nt9YwiRD6w9QfNcA=="
"2026-09-17T07:52:02.5882Z",moneybolt,playSWEEPSWinZone,ps,web,gold,regular,"3000.0","13200.0",win,"63SpRKa/l2NEV24kna+X2Q=="
"2026-09-17T07:51:51.1167Z",moneybolt,playSWEEPSWinZone,ps,web,gold,regular,"3000.0","0.0",lose,"Jx8y45vT08KNBFDkjxLfzA=="
"2026-09-17T07:51:40.3215Z",moneybolt,playSWEEPSWinZone,ps,web,gold,regular,"3000.0","300.0",win,"2MaVp0cx0hLBvAtJzw3eCw=="
"2026-09-17T07:51:32.1701Z",moneybolt,playSWEEPSWinZone,ps,web,gold,regular,"3000.0","0.0",lose,"OVX/yWX3Oz/zQD+2GivUlQ=="
"2026-09-17T07:51:29.2492Z",moneybolt,playSWEEPSWinZone,ps,web,gold,regular,"3000.0","0.0",lose,"ldZsd9vJCPeioDewWD3TFg=="
"2026-09-17T07:51:21.0763Z",moneybolt,playSWEEPSWinZone,ps,web,gold,regular,"3000.0","300.0",win,"LtDWa3Dzu0sXX+KXQVjJNQ=="
"2026-09-17T07:47:14.6932Z",moneybolt,playSWEEPSWinZone,ps,web,gold,regular,"3000.0","0.0",lose,"37FMusWEHKbAqFgDVSFL6A=="
"2026-09-17T07:47:11.7679Z",moneybolt,playSWEEPSWinZone,ps,web,gold,regular,"3000.0","0.0",lose,"Z/O3dfhpIZU47JgXTHrQxA=="
"2026-09-17T07:47:08.9970Z",moneybolt,playSWEEPSWinZone,ps,web,gold,regular,"3000.0","0.0",lose,"oeSwyAuHn0pUl7yXoru8ig=="
"2026-09-17T07:46:45.5327Z",moneybolt,playSWEEPSWinZone,ps,web,gold,regular,"3000.0","0.0",lose,"0srKPALfKhSEpVEMSkA4BA=="
"2026-09-17T07:46:42.6308Z",moneybolt,playSWEEPSWinZone,ps,web,gold,regular,"3000.0","0.0",lose,"x3vMbPs3rcVKLPKx9lHh6g=="
"2026-09-17T07:46:23.0797Z",moneybolt,playSWEEPSWinZone,ps,web,gold,regular,"3000.0","0.0",lose,"y92QuHhF3Qg6tKQj2bse3w=="
"2026-09-17T07:46:20.0387Z",moneybolt,playSWEEPSWinZone,ps,web,gold,regular,"3000.0","0.0",lose,"2hjgOV/CehRQGz+AU9oMNA=="
"2026-09-17T07:45:05.4115Z",moneybolt,playSWEEPSWinZone,ps,web,gold,regular,"3000.0","0.0",lose,"CWbDFa6rUuMcEyYvqZHCSg=="
"2026-09-17T07:45:01.5192Z",moneybolt,playSWEEPSWinZone,ps,web,gold,regular,"3000.0","0.0",lose,"WLBCIqZ0C8rwgg+mDhzrBQ=="
"2026-09-17T07:44:57.1995Z",moneybolt,playSWEEPSWinZone,ps,web,gold,regular,"3000.0","0.0",lose,"BGOUjBwV2sr2CJ81wSu1ZQ=="
"2026-09-17T07:44:52.4481Z",moneybolt,playSWEEPSWinZone,ps,web,gold,regular,"3000.0","9000.0",win,"sDceIEaAjg5ViN7zmFOGeQ=="
"2026-09-17T07:44:37.6963Z",moneybolt,playSWEEPSWinZone,ps,web,gold,regular,"3000.0","1500.0",win,"ykBf/hS43oVNk34I9HxVSg=="
"2026-09-17T07:44:16.5266Z",moneybolt,playSWEEPSWinZone,ps,web,gold,regular,"3000.0","27000.0",win,"f0Nhs1hNOwVEDkSPXSj21A=="
"2026-09-17T07:44:12.6310Z",moneybolt,playSWEEPSWinZone,ps,web,gold,regular,"3000.0","0.0",lose,"uQk7L6zytzAuGLnfYSBH5A=="
"2026-09-17T07:43:58.4609Z",moneybolt,playSWEEPSWinZone,ps,web,gold,regular,"3000.0","0.0",lose,"q6abzXolaW1dnESdsxJ8GA=="
"2026-09-17T07:43:55.5777Z",moneybolt,playSWEEPSWinZone,ps,web,gold,regular,"3000.0","0.0",lose,"sAHdAKJQSpBq3Q4oh/rXdg=="
"2026-09-17T07:39:10.3512Z",moneybolt,playSWEEPSWinZone,ps,web,gold,regular,"3000.0","0.0",lose,"r5OTLZczyips3cxWzH7NEQ=="
"2026-09-17T07:39:01.3283Z",moneybolt,playSWEEPSWinZone,ps,web,gold,regular,"3000.0","0.0",lose,"VE+DbipcP7hUS9fJned+lg=="
"2026-09-17T07:38:49.9838Z",moneybolt,playSWEEPSWinZone,ps,web,gold,regular,"3000.0","0.0",lose,"WvMyiQfgQFzzi348cXgTTw=="
"2026-09-17T07:38:46.6754Z",moneybolt,playSWEEPSWinZone,ps,web,gold,regular,"3000.0","0.0",lose,"26UdRpHB5c5XKy81PA9vuQ=="
"2026-09-17T07:38:34.2177Z",moneybolt,playSWEEPSWinZone,ps,web,gold,regular,"3000.0","0.0",lose,"0g7qWjpIGDmju2hhRga45g=="
"2026-09-17T07:38:11.9634Z",moneybolt,playSWEEPSWinZone,ps,web,gold,regular,"3000.0","0.0",lose,"c3AtMqJ+wA01EcphCM83yg=="
"2026-09-17T07:38:02.0579Z",moneybolt,playSWEEPSWinZone,ps,web,gold,regular,"3000.0","0.0",lose,"sp4nRDe8lLafviEw+zo1FA=="
"2026-09-17T07:37:40.6642Z",moneybolt,playSWEEPSWinZone,ps,web,gold,regular,"3000.0","3600.0",win,"JD1mY6vw1GxQObwC6+opKg=="
"2026-09-17T07:37:23.0148Z",moneybolt,playSWEEPSWinZone,ps,web,gold,regular,"3000.0","4200.0",win,"S5NOWzxT9rssTHAkkyvroA=="
"2026-09-17T07:33:44.2562Z",moneybolt,playSWEEPSWinZone,ps,web,gold,regular,"3000.0","7500.0",win,"TGcVeRjA/vkSHCf4saBNHQ=="
"2026-09-17T07:33:41.3456Z",moneybolt,playSWEEPSWinZone,ps,web,gold,regular,"3000.0","0.0",lose,"hDRUtoIAZphtbHPxFrYY/g=="
"2026-09-17T07:33:27.3104Z",moneybolt,playSWEEPSWinZone,ps,web,gold,regular,"3000.0","600.0",win,"L1mdOAX8sid9tX7+hCp1vw=="
"2026-09-17T07:33:19.2717Z",moneybolt,playSWEEPSWinZone,ps,web,gold,regular,"3000.0","0.0",lose,"M59uubYCaXBZDVYp2c4ejw=="
"2026-09-17T07:33:16.1971Z",moneybolt,playSWEEPSWinZone,ps,web,gold,regular,"3000.0","0.0",lose,"1kjlrNSdZaFWNdzgISXxgA=="
"2026-09-17T07:33:13.1859Z",moneybolt,playSWEEPSWinZone,ps,web,gold,regular,"3000.0","0.0",lose,"Fd8tU7YcmxMx24OQKyZ3Sw=="
"2026-09-17T07:33:09.9919Z",moneybolt,playSWEEPSWinZone,ps,web,gold,regular,"3000.0","0.0",lose,"UcDs8ZyBFtsJfMoAobQwAg=="
"2026-09-17T07:33:03.7071Z",moneybolt,playSWEEPSWinZone,ps,web,gold,regular,"3000.0","0.0",lose,"7FMgoJDqQf858ca0MNeIIA=="
"2026-09-17T07:32:58.4422Z",moneybolt,playSWEEPSWinZone,ps,web,gold,regular,"3000.0","900.0",win,"XvJDNQnDjdrJs93+MyJXBA=="
"2026-09-17T07:32:50.5021Z",moneybolt,playSWEEPSWinZone,ps,web,gold,regular,"3000.0","0.0",lose,"W7Sy9vDns/B1HIwEyxT7Dg=="
"2026-09-17T07:32:29.3022Z",moneybolt,playSWEEPSWinZone,ps,web,gold,regular,"3000.0","24000.0",win,"8DRe0ey5scss1zLpKjvvPg=="
"2026-09-17T07:32:26.4112Z",moneybolt,playSWEEPSWinZone,ps,web,gold,regular,"3000.0","0.0",lose,"fMXI6GKvartE7nBlY/j+Jg=="
"2026-09-17T07:32:23.5857Z",moneybolt,playSWEEPSWinZone,ps,web,gold,regular,"3000.0","0.0",lose,"pztIs76kgIdjgzGlQvxvZQ=="
"2026-09-17T07:32:20.7004Z",moneybolt,playSWEEPSWinZone,ps,web,gold,regular,"3000.0","0.0",lose,"1mHY6MeF+3sPPDOp7UFjFQ=="
"2026-09-17T07:26:53.5501Z",moneybolt,playSWEEPSWinZone,ps,web,gold,"free_spin","0.0","197100.0",win,"IeZXsofmxP6IgX9DF7BenQ=="
"2026-09-17T07:25:05.9297Z",moneybolt,playSWEEPSWinZone,ps,web,gold,regular,"3000.0","0.0",lose,"bHXA/TZXWkI29sSLM4LTuQ=="
"2026-09-17T07:25:02.3378Z",moneybolt,playSWEEPSWinZone,ps,web,gold,regular,"3000.0","0.0",lose,"UxaguTij0Kbcdws949o67A=="
"2026-09-17T07:24:50.6400Z",moneybolt,playSWEEPSWinZone,ps,web,gold,regular,"3000.0","0.0",lose,"a0jx62pxxXB7Gdi0zETXow=="
"2026-09-17T07:24:47.8007Z",moneybolt,playSWEEPSWinZone,ps,web,gold,regular,"3000.0","0.0",lose,"85XrQCVrcEvZbTVgAXZe5Q=="
"2026-09-17T07:24:41.9188Z",moneybolt,playSWEEPSWinZone,ps,web,gold,regular,"3000.0","0.0",lose,"oInQ4LQW363pXCMEzRh5sw=="
"2026-09-17T06:37:01.8057Z",moneybolt,playSWEEPSWinZone,ps,web,gold,regular,"3000.0","0.0",lose,"gaIFz2jJwA0H/tDnwcgyIg=="
"2026-09-17T06:36:58.7411Z",moneybolt,playSWEEPSWinZone,ps,web,gold,regular,"3000.0","0.0",lose,"e08xESpAYhI4bBfyVCeBvg=="
"2026-09-17T06:36:55.7737Z",moneybolt,playSWEEPSWinZone,ps,web,gold,regular,"3000.0","0.0",lose,"ZVfL/QX17XjtgwRA17K7gw=="
"2026-09-17T06:36:43.1226Z",moneybolt,playSWEEPSWinZone,ps,web,gold,regular,"3000.0","0.0",lose,"vAVHNXI/QRCj83W9ZwbNQw=="
"2026-09-17T06:36:34.2749Z",moneybolt,playSWEEPSWinZone,ps,web,gold,regular,"3000.0","0.0",lose,"WX1n4BTxaMolEnHLBOvmLw=="
"2026-09-17T06:36:30.8765Z",moneybolt,playSWEEPSWinZone,ps,web,gold,regular,"3000.0","0.0",lose,"UGQsAG3g/+a2pGxut1203A=="
"2026-09-17T06:36:19.4208Z",moneybolt,playSWEEPSWinZone,ps,web,gold,regular,"3000.0","3600.0",win,"QxI8nL/c86D+UtXeKWuCGA=="
"2026-09-17T06:36:16.3698Z",moneybolt,playSWEEPSWinZone,ps,web,gold,regular,"3000.0","0.0",lose,"w/mF6ST05WiV1QIDycVZsw=="
"2026-09-17T06:36:12.2209Z",moneybolt,playSWEEPSWinZone,ps,web,gold,regular,"3000.0","0.0",lose,"ggFpBCRiLqd/8IifDqexTg=="
"2026-09-17T06:36:06.4761Z",moneybolt,playSWEEPSWinZone,ps,web,gold,regular,"3000.0","600.0",win,"ms5tyckoMndrtnYXwV0nmA=="
"2026-09-17T06:34:54.3697Z",moneybolt,playSWEEPSWinZone,ps,web,gold,"free_spin","0.0","74400.0",win,"AiAj2STjlMIzCNRz8s8QEw=="
"2026-09-17T06:24:44.8273Z",moneybolt,playSWEEPSWinZone,ps,web,gold,regular,"3000.0","1500.0",win,"306Q1wNdiHAl3DhPbCCdAg=="
"2026-09-17T06:24:42.0111Z",moneybolt,playSWEEPSWinZone,ps,web,gold,regular,"3000.0","0.0",lose,"F7VCukOK+/VffTxgaQQuYw=="
"2026-09-17T06:24:39.0741Z",moneybolt,playSWEEPSWinZone,ps,web,gold,regular,"3000.0","0.0",lose,"wkvie89FV6/i2I2h4nMxQA=="
"2026-09-17T06:24:13.3195Z",moneybolt,playSWEEPSWinZone,ps,web,gold,regular,"3000.0","9600.0",win,"L1rLPLRyIrQY82XSYHt3JA=="
"2026-09-17T06:23:53.5836Z",moneybolt,playSWEEPSWinZone,ps,web,gold,regular,"3000.0","0.0",lose,"Kzo9wDBEnJpmTynoP+LZdQ=="
"2026-09-17T06:23:47.7640Z",moneybolt,playSWEEPSWinZone,ps,web,gold,regular,"3000.0","0.0",lose,"1hCTeV4uaJFclkDDfudnfw=="
"2026-09-17T06:23:44.6194Z",moneybolt,playSWEEPSWinZone,ps,web,gold,regular,"3000.0","0.0",lose,"qbJmTZxGaHGNk7RJ9JFWkg=="
"2026-09-17T06:23:38.7525Z",moneybolt,playSWEEPSWinZone,ps,web,gold,regular,"3000.0","0.0",lose,"AfKq9hZapmKJLTgLXOiXzw=="
"2026-09-17T06:23:35.7422Z",moneybolt,playSWEEPSWinZone,ps,web,gold,regular,"3000.0","0.0",lose,"DhquyEoVY2y2PEwxxvqQQw=="
"2026-09-17T06:23:17.4486Z",moneybolt,playSWEEPSWinZone,ps,web,gold,"free_spin","0.0","91500.0",win,"zOtDhuSeaJAHWXKUaIqGFA=="
"2026-09-17T06:07:57.0629Z",moneybolt,playSWEEPSWinZone,ps,web,gold,regular,"3000.0","0.0",lose,"hWgm9QYhpoJmD8ReuEQwFQ=="
"2026-09-17T06:06:43.2203Z",moneybolt,playSWEEPSWinZone,ps,web,gold,regular,"3000.0","0.0",lose,"PwcRi3joMbr1vB2H36NOVQ=="
"2026-09-17T06:06:40.2036Z",moneybolt,playSWEEPSWinZone,ps,web,gold,regular,"3000.0","0.0",lose,"YxtvTPbglwrIwX9qDKGEqg=="
"2026-09-17T06:06:13.9912Z",moneybolt,playSWEEPSWinZone,ps,web,gold,regular,"3000.0","0.0",lose,"1+VaIIUcz9o+U8K0d9RooQ=="
"2026-09-17T06:06:07.8882Z",moneybolt,playSWEEPSWinZone,ps,web,gold,regular,"3000.0","0.0",lose,"TpN3b1Z14kdRF3sDOzLdPQ=="
"2026-09-17T06:06:02.8627Z",moneybolt,playSWEEPSWinZone,ps,web,gold,regular,"3000.0","600.0",win,"Ts9Vw+HHd6SffYVsUGQgaw=="
"2026-09-17T06:05:59.8375Z",moneybolt,playSWEEPSWinZone,ps,web,gold,regular,"3000.0","0.0",lose,"VcHOxGnf5eG23r/SaUxO9g=="
"2026-09-17T06:03:54.2106Z",moneybolt,playSWEEPSWinZone,ps,web,gold,"free_spin","0.0","83700.0",win,"Xs0XWVBXk97f75N2OGaANg=="
"2026-09-17T06:01:55.6780Z",moneybolt,playSWEEPSWinZone,ps,web,gold,regular,"3000.0","0.0",lose,"CzksMN1eAQDcWwzRPIlJeA=="
"2026-09-17T06:01:48.2247Z",moneybolt,playSWEEPSWinZone,ps,web,gold,regular,"3000.0","0.0",lose,"NKQBu1Nl5hTmnJcvnuM03A=="
"2026-09-17T06:01:44.2651Z",moneybolt,playSWEEPSWinZone,ps,web,gold,regular,"3000.0","0.0",lose,"9qEjA66MlET4+8G84aYNaA=="
"2026-09-17T06:01:40.3868Z",moneybolt,playSWEEPSWinZone,ps,web,gold,regular,"3000.0","0.0",lose,"ZcJjra7dUut6MWcxVSfXkQ=="
"2026-09-17T06:01:23.7642Z",moneybolt,playSWEEPSWinZone,ps,web,gold,regular,"3000.0","300.0",win,"r/cPFrdHqO/aGe7Nr6N1rg=="
"2026-09-17T06:01:06.1343Z",moneybolt,playSWEEPSWinZone,ps,web,gold,"free_spin","0.0","127500.0",win,"/2/hNUDd0VJoOVGCGQ60tg=="
"2026-09-17T05:58:56.6034Z",moneybolt,playSWEEPSWinZone,ps,web,gold,regular,"3000.0","300.0",win,"8X52dsnAm+txda+8Yde+lA=="
"2026-09-17T05:58:45.0305Z",moneybolt,playSWEEPSWinZone,ps,web,gold,regular,"3000.0","0.0",lose,"YPBe9Tl6NbmtV0U9HIcgfw=="
"2026-09-17T05:58:34.1684Z",moneybolt,playSWEEPSWinZone,ps,web,gold,regular,"3000.0","600.0",win,"48zvmN8PUbjaZ11jTi+chg=="
"2026-09-17T05:58:07.7590Z",moneybolt,playSWEEPSWinZone,ps,web,gold,regular,"3000.0","15000.0",win,"L5cuBiLnxNIXrM427yorxw=="
"2026-09-17T05:58:04.6204Z",moneybolt,playSWEEPSWinZone,ps,web,gold,regular,"3000.0","0.0",lose,"OmpCSDxcVxpRspfzMeLjkQ=="
"2026-09-17T05:57:59.4155Z",moneybolt,playSWEEPSWinZone,ps,web,gold,regular,"3000.0","600.0",win,"wd/7jh1gUGAGcfNae813Kg=="
"2026-09-17T05:51:49.5124Z",moneybolt,playSWEEPSWinZone,ps,web,gold,regular,"3000.0","2400.0",win,"WYf0V6wSAJSstSOZTSrTQQ=="
"2026-09-17T05:51:43.2876Z",moneybolt,playSWEEPSWinZone,ps,web,gold,regular,"3000.0","0.0",lose,"VONmegWimLKp2djokPhYXQ=="
"2026-09-17T05:51:39.6998Z",moneybolt,playSWEEPSWinZone,ps,web,gold,regular,"3000.0","0.0",lose,"4iTzknBt2PQAJ63NcmcfYg=="
"2026-09-17T05:51:26.6207Z",moneybolt,playSWEEPSWinZone,ps,web,gold,regular,"3000.0","600.0",win,"neh5eqljjn0PucaI58YuNg=="
"2026-09-17T05:50:59.0037Z",moneybolt,playSWEEPSWinZone,ps,web,gold,regular,"3000.0","0.0",lose,"Vw1x+9OwJNvSM7OI+r1UJw=="
"2026-09-17T05:43:49.3145Z",moneybolt,playSWEEPSWinZone,ps,web,gold,regular,"3000.0","0.0",lose,"XZr8JOhX3k1r38J1qjvLaA=="
"2026-09-17T05:43:33.0842Z",moneybolt,playSWEEPSWinZone,ps,web,gold,regular,"3000.0","7800.0",win,"kCbuzrgwt0zNd4bqkMYonQ=="
"2026-09-17T05:43:25.2495Z",moneybolt,playSWEEPSWinZone,ps,web,gold,regular,"3000.0","900.0",win,"E74OMBY+UZ6J5Y2RDoyqRA=="
"2026-09-17T05:43:15.8545Z",moneybolt,playSWEEPSWinZone,ps,web,gold,regular,"3000.0","0.0",lose,"jMTGjO4wZmiu5uU+zC4gQA=="
"2026-09-17T05:43:09.2777Z",moneybolt,playSWEEPSWinZone,ps,web,gold,regular,"3000.0","0.0",lose,"egawvu1E7oIsXRAc+X5d3A=="
"2026-09-17T05:42:59.5447Z",moneybolt,playSWEEPSWinZone,ps,web,gold,regular,"3000.0","0.0",lose,"wjxgAXp/Y9wn4wQa/je7Vg=="
"2026-09-17T05:39:31.2551Z",moneybolt,playSWEEPSWinZone,ps,web,gold,regular,"3000.0","0.0",lose,"addjTH8naif5IMHJFQx1Bw=="
"2026-09-17T05:39:13.6205Z",moneybolt,playSWEEPSWinZone,ps,web,gold,regular,"3000.0","0.0",lose,"SYIkppmMFIEpCpMkiitfzw=="
"2026-09-17T05:39:10.5672Z",moneybolt,playSWEEPSWinZone,ps,web,gold,regular,"3000.0","0.0",lose,"JqUnM/++yI05TXlqEbbxoQ=="
"2026-09-17T05:39:07.3800Z",moneybolt,playSWEEPSWinZone,ps,web,gold,regular,"3000.0","0.0",lose,"SHLei6z/sWcV1M/DRO2FQA=="
"2026-09-17T05:38:43.3038Z",moneybolt,playSWEEPSWinZone,ps,web,gold,regular,"3000.0","0.0",lose,"T3ukZag+P15ezMgUY5rcmg=="
"2026-09-17T05:38:37.4186Z",moneybolt,playSWEEPSWinZone,ps,web,gold,regular,"3000.0","0.0",lose,"uv7dnc5m9IJ6p//ro6xG7Q=="
"2026-09-17T05:36:47.5135Z",moneybolt,playSWEEPSWinZone,ps,web,gold,regular,"3000.0","0.0",lose,"ftAMgsckRpgGJXsTnCPMMw=="
"2026-09-17T05:36:44.4826Z",moneybolt,playSWEEPSWinZone,ps,web,gold,regular,"3000.0","0.0",lose,"Fd+oNOGvRyBu38xsORaqhQ=="
"2026-09-17T05:36:33.8899Z",moneybolt,playSWEEPSWinZone,ps,web,gold,regular,"3000.0","13200.0",win,"8Umnl8PhhbxrAsM3YYvgyw=="
"2026-09-17T05:36:30.7927Z",moneybolt,playSWEEPSWinZone,ps,web,gold,regular,"3000.0","0.0",lose,"MvCgkASU0rAki5AqghOxXQ=="
"2026-09-17T05:36:22.6511Z",moneybolt,playSWEEPSWinZone,ps,web,gold,regular,"3000.0","600.0",win,"wxU0UbJNJ2SpamcCx7uMpA=="
"2026-09-17T05:36:13.1398Z",moneybolt,playSWEEPSWinZone,ps,web,gold,regular,"3000.0","0.0",lose,"lMGL+yxzBLq/cwulgG9I+w=="
"2026-09-17T05:35:31.0100Z",moneybolt,playSWEEPSWinZone,ps,web,gold,regular,"3000.0","7200.0",win,"wWpji8jlulscYUWA5vMDJw=="
"2026-09-17T05:35:27.7478Z",moneybolt,playSWEEPSWinZone,ps,web,gold,regular,"3000.0","0.0",lose,"V0Vv/F+RbssObKRMLRTpRg=="
"2026-09-17T05:35:19.1368Z",moneybolt,playSWEEPSWinZone,ps,web,gold,regular,"3000.0","0.0",lose,"bCt9Q3JyDdddiIW8eIO2Jg=="
"2026-09-17T05:35:12.2568Z",moneybolt,playSWEEPSWinZone,ps,web,gold,regular,"3000.0","0.0",lose,"NHu4kH6Kaz5p2YdWuQaJvA=="
"2026-09-17T05:35:09.3201Z",moneybolt,playSWEEPSWinZone,ps,web,gold,regular,"3000.0","0.0",lose,"1MeJBKRgrJWYkUBwTZv+wQ=="
"2026-09-17T05:34:58.8566Z",moneybolt,playSWEEPSWinZone,ps,web,gold,regular,"3000.0","0.0",lose,"GpgsLH8TLodSRy3z1OwWZA=="
"2026-09-17T05:34:39.1504Z",moneybolt,playSWEEPSWinZone,ps,web,gold,regular,"3000.0","7500.0",win,"Skr4Nyg46m5zrgeluCieCw=="
"2026-09-17T05:34:36.1829Z",moneybolt,playSWEEPSWinZone,ps,web,gold,regular,"3000.0","0.0",lose,"1p5ZXXNm0+bu2ZNu/lWjMQ=="
"2026-09-17T05:34:27.6480Z",moneybolt,playSWEEPSWinZone,ps,web,gold,regular,"3000.0","0.0",lose,"YprdCs4FXN4Gw59y80Cn0w=="
"2026-09-17T05:34:19.2949Z",moneybolt,playSWEEPSWinZone,ps,web,gold,regular,"3000.0","0.0",lose,"ViF4640Zgupz+O+QwuV6+Q=="
"2026-09-17T05:33:53.5867Z",moneybolt,playSWEEPSWinZone,ps,web,gold,regular,"3000.0","0.0",lose,"WtvCpprzA10ZeKRC/frP4g=="
"2026-09-17T05:33:50.4163Z",moneybolt,playSWEEPSWinZone,ps,web,gold,regular,"3000.0","0.0",lose,"3FNJh9j9GL9azR1CReOA0w=="
"2026-09-17T05:29:46.6290Z",moneybolt,playSWEEPSWinZone,ps,web,gold,regular,"3000.0","0.0",lose,"C5RcWJnc8HsB1CntR6QEgw=="
"2026-09-17T05:29:35.1227Z",moneybolt,playSWEEPSWinZone,ps,web,gold,regular,"3000.0","0.0",lose,"Fvq51LK2S6T61wOnR3sf1A=="
"2026-09-17T05:29:32.1629Z",moneybolt,playSWEEPSWinZone,ps,web,gold,regular,"3000.0","0.0",lose,"xIUz7QFeDl0jvy8EprhxTg=="
"2026-09-17T05:29:21.4280Z",moneybolt,playSWEEPSWinZone,ps,web,gold,regular,"3000.0","0.0",lose,"B8rfy2rfR9yGloUMXj52Mw=="
"2026-09-17T05:29:12.3163Z",moneybolt,playSWEEPSWinZone,ps,web,gold,regular,"3000.0","0.0",lose,"T/SMVPUa7a5kXFWAUDPuiw=="
"2026-09-17T05:28:57.7838Z",moneybolt,playSWEEPSWinZone,ps,web,gold,regular,"3000.0","0.0",lose,"+xtJR5QL/Ke8HqB6KVNLOw=="
"2026-09-17T05:28:49.0986Z",moneybolt,playSWEEPSWinZone,ps,web,gold,regular,"3000.0","0.0",lose,"BJu0LqoxKciUF1bYaV8EYA=="
"2026-09-17T05:28:23.4174Z",moneybolt,playSWEEPSWinZone,ps,web,gold,regular,"3000.0","10500.0",win,"ixhkBj88+sTdk2ncvTKwBQ=="
"2026-09-17T05:28:10.2695Z",moneybolt,playSWEEPSWinZone,ps,web,gold,regular,"3000.0","5100.0",win,"uKL7znTOXfeTmtTmWAgkJg=="
"2026-09-17T05:28:07.2279Z",moneybolt,playSWEEPSWinZone,ps,web,gold,regular,"3000.0","0.0",lose,"NDHhaizOy58+7RgNgvuMbA=="
"2026-09-17T05:27:42.5170Z",moneybolt,playSWEEPSWinZone,ps,web,gold,regular,"3000.0","4500.0",win,"T5Lfbwda2IoJteaKwM74Jw=="
"2026-09-17T05:27:33.7808Z",moneybolt,playSWEEPSWinZone,ps,web,gold,regular,"3000.0","600.0",win,"8gpL6VXZdX50Yx5gZ9M11A=="
"2026-09-17T05:27:28.5528Z",moneybolt,playSWEEPSWinZone,ps,web,gold,regular,"3000.0","300.0",win,"ynXLrtofiJ1cjc3nHt+6IA=="
"2026-09-17T05:27:18.8824Z",moneybolt,playSWEEPSWinZone,ps,web,gold,regular,"3000.0","0.0",lose,"O5oI9TzwOAh1E4yEfrziTg=="
"2026-09-17T05:27:13.7232Z",moneybolt,playSWEEPSWinZone,ps,web,gold,regular,"3000.0","1500.0",win,"lYQXZGmqyz+SvhriyIU1uA=="
"2026-09-17T05:27:10.6773Z",moneybolt,playSWEEPSWinZone,ps,web,gold,regular,"3000.0","0.0",lose,"DqmgXaTOQtk4Vftz3I4jVA=="
"2026-09-17T09:21:04.1476Z",moneybolt,playSWEEPSWinZone,ps,web,gold,regular,"3000.0","1500.0",win,"XFcQeT1NrGMG6JDjqtjLSA=="
"2026-09-17T09:21:00.9309Z",moneybolt,playSWEEPSWinZone,ps,web,gold,regular,"3000.0","0.0",lose,"7opE1IhkZ6AvzrrUJsUV0g=="
"2026-09-17T09:20:41.9348Z",moneybolt,playSWEEPSWinZone,ps,web,gold,"free_spin","0.0","16200.0",win,"DMXYUyGZADCb+5p0glqQag=="
"2026-09-17T09:16:01.3108Z",moneybolt,playSWEEPSWinZone,ps,web,gold,regular,"3000.0","0.0",lose,"sjDH0n9nRUKAhYjI7FtteA=="
"2026-09-17T09:15:56.8601Z",moneybolt,playSWEEPSWinZone,ps,web,gold,regular,"3000.0","0.0",lose,"+J+Fq1ntI9w4eTy7E64V1w=="
"2026-09-17T09:15:52.0989Z",moneybolt,playSWEEPSWinZone,ps,web,gold,regular,"3000.0","0.0",lose,"uzgiJQuF2s0/59z7OSeYdQ=="
"2026-09-17T09:10:26.7551Z",moneybolt,playSWEEPSWinZone,ps,web,gold,regular,"3000.0","63000.0",win,"hFfQZELWXAWMaF8Q6DPaZg=="
"2026-09-17T09:10:13.3929Z",moneybolt,playSWEEPSWinZone,ps,web,gold,regular,"3000.0","0.0",lose,"P3nAGb/08bNz2YbCF3Sy9A=="
"2026-09-17T09:10:08.8633Z",moneybolt,playSWEEPSWinZone,ps,web,gold,regular,"3000.0","0.0",lose,"tySq57bSiQ7xgbGORM3NNQ=="
"2026-09-17T09:10:05.4034Z",moneybolt,playSWEEPSWinZone,ps,web,gold,regular,"3000.0","0.0",lose,"KN/2mufL8t3auhDpqOifyg=="
"2026-09-17T09:09:55.3692Z",moneybolt,playSWEEPSWinZone,ps,web,gold,regular,"3000.0","900.0",win,"R8Pp6zHOVKwll19c2HUYOQ=="
"2026-09-17T09:09:49.2513Z",moneybolt,playSWEEPSWinZone,ps,web,gold,regular,"3000.0","0.0",lose,"KixZK9VeTBsVTEioEgxnIA=="
"2026-09-17T09:07:40.7082Z",moneybolt,playSWEEPSWinZone,ps,web,gold,regular,"3000.0","0.0",lose,"zc3eJx7iY5ls1Q1968XcmA=="
"2026-09-17T09:07:37.9501Z",moneybolt,playSWEEPSWinZone,ps,web,gold,regular,"3000.0","0.0",lose,"TY1X1Tu+DtUNUcTkXxA0Ig=="
"2026-09-17T09:07:34.9027Z",moneybolt,playSWEEPSWinZone,ps,web,gold,regular,"3000.0","0.0",lose,"ZiMEJ2CW11GB6ZWERoc/iQ=="
"2026-09-17T09:07:31.8605Z",moneybolt,playSWEEPSWinZone,ps,web,gold,regular,"3000.0","0.0",lose,"Gdg6+Sn9bbt1Ebc7O+RYCw=="
"2026-09-17T09:07:25.6681Z",moneybolt,playSWEEPSWinZone,ps,web,gold,regular,"3000.0","0.0",lose,"qXIOkjGVyCXGita1xUfXsw=="
"2026-09-17T09:07:19.9194Z",moneybolt,playSWEEPSWinZone,ps,web,gold,regular,"3000.0","0.0",lose,"vwx02Ct2JDhWjxc4Fix0ZA=="
"2026-09-17T09:07:13.7479Z",moneybolt,playSWEEPSWinZone,ps,web,gold,regular,"3000.0","0.0",lose,"U/mdcVNPePASOIrMbEoQ9Q=="
"2026-09-17T09:07:10.7155Z",moneybolt,playSWEEPSWinZone,ps,web,gold,regular,"3000.0","0.0",lose,"2y47ggQ1nPqVzRgvU9nK4g=="
"2026-09-17T09:07:07.5837Z",moneybolt,playSWEEPSWinZone,ps,web,gold,regular,"3000.0","0.0",lose,"z9uXLAugARNDtMuMJP/TxA=="
"2026-09-17T09:07:04.6270Z",moneybolt,playSWEEPSWinZone,ps,web,gold,regular,"3000.0","0.0",lose,"IhKh1xMmrZhQWAmdAGzmIg=="
"2026-09-17T09:06:55.2898Z",moneybolt,playSWEEPSWinZone,ps,web,gold,regular,"3000.0","0.0",lose,"fp+mjyqx3qC1UegtN1WDDg=="
"2026-09-17T09:06:28.8339Z",moneybolt,playSWEEPSWinZone,ps,web,gold,regular,"3000.0","300.0",win,"xW1TSt9tKj0w7pI6UT2t/w=="
"2026-09-17T09:05:51.6541Z",moneybolt,playSWEEPSWinZone,ps,web,gold,regular,"3000.0","300000.0",win,"RM69pAkKirS4qXxtWjfEDg=="
"2026-09-17T09:05:42.3915Z",moneybolt,playSWEEPSWinZone,ps,web,gold,regular,"3000.0","0.0",lose,"V1DqMhJqMXTYrAWVElJupg=="
"2026-09-17T09:05:38.7755Z",moneybolt,playSWEEPSWinZone,ps,web,gold,regular,"3000.0","0.0",lose,"pf8EljnLr9B1jm2FEEMkGg=="
"2026-09-17T09:05:21.8628Z",moneybolt,playSWEEPSWinZone,ps,web,gold,regular,"3000.0","4500.0",win,"8XW1xdtbz+zSdfgA7IOx3g=="
"2026-09-17T09:05:16.1742Z",moneybolt,playSWEEPSWinZone,ps,web,gold,regular,"3000.0","1500.0",win,"jwnEGvWDE/Yz+LsYaGFUrQ=="
"2026-09-17T09:05:11.8697Z",moneybolt,playSWEEPSWinZone,ps,web,gold,regular,"3000.0","0.0",lose,"wrTWUW63UTLOes+JzhohUw=="
"2026-09-17T09:05:08.6183Z",moneybolt,playSWEEPSWinZone,ps,web,gold,regular,"3000.0","0.0",lose,"Rb7mOa1JQC0VoD7FZ5RDrA=="
"2026-09-17T09:05:45.6476Z",moneybolt,playSWEEPSWinZone,ps,web,gold,regular,"3000.0","0.0",lose,"Mh35uJKfoxbFcJH88ZY+sA=="
"2026-09-17T09:05:05.4434Z",moneybolt,playSWEEPSWinZone,ps,web,gold,regular,"3000.0","0.0",lose,"joXueu8O1c1jHUjXKNXNZw=="
"2026-09-17T09:04:59.4930Z",moneybolt,playSWEEPSWinZone,ps,web,gold,regular,"3000.0","1500.0",win,"DdEZqxAfIqvFl0RME11YEQ=="
"2026-09-17T09:04:56.5030Z",moneybolt,playSWEEPSWinZone,ps,web,gold,regular,"3000.0","0.0",lose,"o5plhM9BsJ9zU1jM5KyvqA=="
"2026-09-17T09:01:43.6445Z",moneybolt,playSWEEPSWinZone,ps,web,gold,regular,"3000.0","3600.0",win,"5wr8bocYvOAPsEkCl3fy7w=="
"2026-09-17T09:01:35.6044Z",moneybolt,playSWEEPSWinZone,ps,web,gold,regular,"3000.0","0.0",lose,"5PPIs2EEia6bE1Pz8bbBcw=="
"2026-09-17T09:01:32.6778Z",moneybolt,playSWEEPSWinZone,ps,web,gold,regular,"3000.0","0.0",lose,"Mw7AhElsjgLrc2qWqTr8hw=="
"2026-09-17T09:01:15.0068Z",moneybolt,playSWEEPSWinZone,ps,web,gold,regular,"3000.0","0.0",lose,"8IAB1buNlJa96529FvxH5w=="
"2026-09-17T09:01:09.9765Z",moneybolt,playSWEEPSWinZone,ps,web,gold,regular,"3000.0","300.0",win,"TXQDV6cXqX09RKW1Vur9EA=="
"2026-09-17T09:01:07.0200Z",moneybolt,playSWEEPSWinZone,ps,web,gold,regular,"3000.0","0.0",lose,"sm0QzK5leKT+QDn9Xl+RHQ=="
"2026-09-17T09:01:01.7482Z",moneybolt,playSWEEPSWinZone,ps,web,gold,regular,"3000.0","300.0",win,"8d+tjNPlgmbwVsoCoPbMqQ=="
"2026-09-17T09:00:58.0210Z",moneybolt,playSWEEPSWinZone,ps,web,gold,regular,"3000.0","0.0",lose,"a2wFdGcO3z2+EcLkwWxl4g=="
"2026-09-17T08:57:41.9810Z",moneybolt,playSWEEPSWinZone,ps,web,gold,regular,"3000.0","0.0",lose,"t3RrGTIeLFLz6xXReNuXnw=="
"2026-09-17T08:57:28.2011Z",moneybolt,playSWEEPSWinZone,ps,web,gold,regular,"3000.0","900.0",win,"XRhtTwJw8kRVocso2PlCsw=="
"2026-09-17T08:57:25.2773Z",moneybolt,playSWEEPSWinZone,ps,web,gold,regular,"3000.0","0.0",lose,"tatN9/GDjhJxzs9tv1i6SQ=="
"2026-09-17T08:57:21.9271Z",moneybolt,playSWEEPSWinZone,ps,web,gold,regular,"3000.0","0.0",lose,"lYIRaJEQ7mioQ6BXYEazcw=="
"2026-09-17T08:57:16.1636Z",moneybolt,playSWEEPSWinZone,ps,web,gold,regular,"3000.0","0.0",lose,"VHdEXQtYetESaEXy3Zi7Ew=="
"2026-09-17T08:57:09.7582Z",moneybolt,playSWEEPSWinZone,ps,web,gold,regular,"3000.0","0.0",lose,"GUbPqzTQw0mJ/9ejouNqpw=="
"2026-09-17T08:57:04.5903Z",moneybolt,playSWEEPSWinZone,ps,web,gold,regular,"3000.0","2700.0",win,"8GEnuZgmF/0hfc/pVCehTQ=="
"2026-09-17T08:53:34.9464Z",moneybolt,playSWEEPSWinZone,ps,web,gold,regular,"3000.0","0.0",lose,"Ys4mLD6VhHxdnaxKDc09jA=="
"2026-09-17T08:53:29.2580Z",moneybolt,playSWEEPSWinZone,ps,web,gold,regular,"3000.0","0.0",lose,"Qc+nfXI0s3VqIAxNL5RyvA=="
"2026-09-17T08:53:20.5238Z",moneybolt,playSWEEPSWinZone,ps,web,gold,regular,"3000.0","0.0",lose,"s+BC86K+h4mXxAUyTWDZRQ=="
"2026-09-17T08:53:17.6929Z",moneybolt,playSWEEPSWinZone,ps,web,gold,regular,"3000.0","0.0",lose,"l2rRlstsB742yGphXQKhgw=="
"2026-09-17T08:53:08.7976Z",moneybolt,playSWEEPSWinZone,ps,web,gold,regular,"3000.0","0.0",lose,"RhlJdIK10J1quBVAwLq5Qw=="
"2026-09-17T08:53:05.3106Z",moneybolt,playSWEEPSWinZone,ps,web,gold,regular,"3000.0","0.0",lose,"kx9XiDMYqocz3Cyck6Hmew=="
"2026-09-17T08:53:02.5544Z",moneybolt,playSWEEPSWinZone,ps,web,gold,regular,"3000.0","0.0",lose,"ZVU15XNTE2OXfw+p7pY67Q=="
"2026-09-17T08:52:59.0447Z",moneybolt,playSWEEPSWinZone,ps,web,gold,regular,"3000.0","0.0",lose,"g0UnTZRVCwA4nXqBfv4A2g=="
"2026-09-17T08:52:56.1617Z",moneybolt,playSWEEPSWinZone,ps,web,gold,regular,"3000.0","0.0",lose,"2crYaFCGj1xsDjM3joXQ+Q=="
"2026-09-17T08:52:52.7511Z",moneybolt,playSWEEPSWinZone,ps,web,gold,regular,"3000.0","0.0",lose,"WEMQuhpA1VCxuuSfzBzKJw=="
"2026-09-17T08:53:23.4732Z",moneybolt,playSWEEPSWinZone,ps,web,gold,regular,"3000.0","0.0",lose,"uyl2dkJ97TFODzhwqqAtWQ=="
"2026-09-17T08:53:14.5992Z",moneybolt,playSWEEPSWinZone,ps,web,gold,regular,"3000.0","0.0",lose,"uCl9OqVBvmQJ9Tl9RF1bjA=="
"2026-09-17T08:53:11.7584Z",moneybolt,playSWEEPSWinZone,ps,web,gold,regular,"3000.0","0.0",lose,"xUanQSXtKEO3ojL8wSEpDA=="
"2026-09-17T08:52:49.8160Z",moneybolt,playSWEEPSWinZone,ps,web,gold,regular,"3000.0","0.0",lose,"qMclCwPPVHYjtxoeq9P7nw=="
"2026-09-17T08:52:44.7974Z",moneybolt,playSWEEPSWinZone,ps,web,gold,regular,"3000.0","900.0",win,"3nPTy85CmQp/eqfhuqH+Mw=="
"2026-09-17T08:51:28.3834Z",moneybolt,playSWEEPSWinZone,ps,web,gold,regular,"3000.0","600.0",win,"fHdox204Zbjn6M1UMEbfGg=="
"2026-09-17T08:51:22.3027Z",moneybolt,playSWEEPSWinZone,ps,web,gold,regular,"3000.0","0.0",lose,"9+V4OSgo5lqbvefe9/6Khg=="
"2026-09-17T08:51:17.0531Z",moneybolt,playSWEEPSWinZone,ps,web,gold,regular,"3000.0","300.0",win,"HSZb48HR0j0cOIaXt/PkvQ=="
"2026-09-17T08:51:13.2205Z",moneybolt,playSWEEPSWinZone,ps,web,gold,regular,"3000.0","0.0",lose,"DXZMMGB9p6KtfqH7u9kzkQ=="
"2026-09-17T08:51:07.0237Z",moneybolt,playSWEEPSWinZone,ps,web,gold,regular,"3000.0","0.0",lose,"SGjx3kswLK28Y/U4fjM9Ew=="
"2026-09-17T08:46:13.8017Z",moneybolt,playSWEEPSWinZone,ps,web,gold,regular,"3000.0","1500.0",win,"Q4I5IMhiT3D4olCwhHeGDg=="
"2026-09-17T08:46:10.8744Z",moneybolt,playSWEEPSWinZone,ps,web,gold,regular,"3000.0","0.0",lose,"5hO5DeapKXQ491YYC5P3/w=="
"2026-09-17T08:46:08.0133Z",moneybolt,playSWEEPSWinZone,ps,web,gold,regular,"3000.0","0.0",lose,"4omP2dfofloai7lS1waVfg=="
"2026-09-17T08:45:39.9486Z",moneybolt,playSWEEPSWinZone,ps,web,gold,regular,"3000.0","4500.0",win,"b0S6PtPMhBBsHd1MFZPG+w=="
"2026-09-17T08:45:36.6471Z",moneybolt,playSWEEPSWinZone,ps,web,gold,regular,"3000.0","0.0",lose,"pvpwTfIZMAD3BDbpsLOf/Q=="
"2026-09-17T08:45:15.5463Z",moneybolt,playSWEEPSWinZone,ps,web,gold,regular,"3000.0","0.0",lose,"MnBdFp6/Oggy0nVIhhT+qA=="
"2026-09-17T08:45:05.7606Z",moneybolt,playSWEEPSWinZone,ps,web,gold,regular,"3000.0","0.0",lose,"716s6RG6aJf9T8NJObBYgA=="
"2026-09-17T08:44:50.2352Z",moneybolt,playSWEEPSWinZone,ps,web,gold,regular,"3000.0","0.0",lose,"5m+MxYECWvigWUxeqPL7Nw=="
"2026-09-17T08:44:47.1563Z",moneybolt,playSWEEPSWinZone,ps,web,gold,regular,"3000.0","0.0",lose,"VadA4ZDALcpxwF0cg6Gw5w=="
"2026-09-17T08:44:43.7747Z",moneybolt,playSWEEPSWinZone,ps,web,gold,regular,"3000.0","0.0",lose,"TdVqLnXx8TJ/ofawd3tYNA=="
"2026-09-17T08:44:37.7758Z",moneybolt,playSWEEPSWinZone,ps,web,gold,regular,"3000.0","0.0",lose,"e8OFCldv5AZkDtI/I9daow=="
"2026-09-17T08:44:34.8891Z",moneybolt,playSWEEPSWinZone,ps,web,gold,regular,"3000.0","0.0",lose,"WsK2ZvbmKX2s1TCngnhi6Q=="
"2026-09-17T08:44:31.9494Z",moneybolt,playSWEEPSWinZone,ps,web,gold,regular,"3000.0","0.0",lose,"zeS23t0XDDA+QPQbWVXPgw=="
"2026-09-17T08:41:22.3866Z",moneybolt,playSWEEPSWinZone,ps,web,gold,regular,"3000.0","3600.0",win,"8KHwPfzos/H3N466JlkgwA=="
"2026-09-17T08:41:17.0773Z",moneybolt,playSWEEPSWinZone,ps,web,gold,regular,"3000.0","600.0",win,"CXUhjPVKBxlTAi0aneL7Kw=="
"2026-09-17T08:40:52.6326Z",moneybolt,playSWEEPSWinZone,ps,web,gold,regular,"3000.0","0.0",lose,"nGlMI/Kzng7vbcN4nqRvKA=="
"2026-09-17T08:40:49.6673Z",moneybolt,playSWEEPSWinZone,ps,web,gold,regular,"3000.0","0.0",lose,"a7iJrfuepi0YxyDW6PTB9Q=="
"2026-09-17T08:40:46.6813Z",moneybolt,playSWEEPSWinZone,ps,web,gold,regular,"3000.0","0.0",lose,"bCXxq+Tljmtws6+ghgFI5g=="
"2026-09-17T08:40:43.3066Z",moneybolt,playSWEEPSWinZone,ps,web,gold,regular,"3000.0","0.0",lose,"IQnOzHC+6D5h0c9S/qOs4w=="
"2026-09-17T08:40:39.1628Z",moneybolt,playSWEEPSWinZone,ps,web,gold,regular,"3000.0","0.0",lose,"xbvXSxYImsPh2JemXaTCzA=="
"2026-09-17T08:40:32.6827Z",moneybolt,playSWEEPSWinZone,ps,web,gold,regular,"3000.0","0.0",lose,"f6uP4DYRITJlg6lrrD2dvA=="
"2026-09-17T08:40:20.8551Z",moneybolt,playSWEEPSWinZone,ps,web,gold,regular,"3000.0","0.0",lose,"cotuiuWwQto1u6qLU1hkMQ=="
"2026-09-17T08:40:17.8946Z",moneybolt,playSWEEPSWinZone,ps,web,gold,regular,"3000.0","0.0",lose,"SPWTIn1nhEzM5IT68QYVYQ=="
"2026-09-17T08:40:14.7877Z",moneybolt,playSWEEPSWinZone,ps,web,gold,regular,"3000.0","0.0",lose,"pYPsJzzlDIJifzJKB96Y8g=="
"2026-09-17T08:40:11.1481Z",moneybolt,playSWEEPSWinZone,ps,web,gold,regular,"3000.0","0.0",lose,"nPEvlhU/nmXzqIkW2g3xsQ=="
"2026-09-17T08:39:52.7040Z",moneybolt,playSWEEPSWinZone,ps,web,gold,regular,"3000.0","0.0",lose,"IFK8y+U2QICdZT7cw5doOA=="
"2026-09-17T08:39:46.6760Z",moneybolt,playSWEEPSWinZone,ps,web,gold,regular,"3000.0","0.0",lose,"2S9FW/t3Jn7xWyqa8iVKfw=="
"2026-09-17T08:39:43.2149Z",moneybolt,playSWEEPSWinZone,ps,web,gold,regular,"3000.0","0.0",lose,"cFdWXICEkF+eZmDVBg1STg=="
"2026-09-17T08:39:36.8709Z",moneybolt,playSWEEPSWinZone,ps,web,gold,regular,"3000.0","0.0",lose,"hvyFwGbhcPaQuX7gx2nKSw=="
"2026-09-17T08:35:19.8740Z",moneybolt,playSWEEPSWinZone,ps,web,gold,regular,"3000.0","0.0",lose,"XiHjLxtPDVl0N4JFkM9VpA=="
"2026-09-17T08:35:14.8558Z",moneybolt,playSWEEPSWinZone,ps,web,gold,regular,"3000.0","2400.0",win,"SDiQuC1Xc58dZPFx0nNcng=="
"2026-09-17T08:35:11.8107Z",moneybolt,playSWEEPSWinZone,ps,web,gold,regular,"3000.0","0.0",lose,"YlKMlBBHfIP8qh599DqoUA=="
"2026-09-17T08:34:49.7782Z",moneybolt,playSWEEPSWinZone,ps,web,gold,regular,"3000.0","600.0",win,"h9l0vLJNPjrtGdkHjNQ4NA=="
"2026-09-17T08:34:40.5847Z",moneybolt,playSWEEPSWinZone,ps,web,gold,regular,"3000.0","0.0",lose,"0bD+Ivns8GqgiMCWwF+wTQ=="
"2026-09-17T08:34:35.5131Z",moneybolt,playSWEEPSWinZone,ps,web,gold,regular,"3000.0","900.0",win,"fsMcIWmaKZbl/XbBKY8+cw=="
"2026-09-17T08:34:26.8192Z",moneybolt,playSWEEPSWinZone,ps,web,gold,regular,"3000.0","0.0",lose,"LqcTJ7JzNRzWounxjOYeFw=="
"2026-09-17T08:28:20.8862Z",moneybolt,playSWEEPSWinZone,ps,web,gold,regular,"3000.0","1500.0",win,"4XcMUMdrlV7Pi/X87H6M8Q=="
"2026-09-17T08:28:12.7624Z",moneybolt,playSWEEPSWinZone,ps,web,gold,regular,"3000.0","0.0",lose,"FPKcZSfmAymoYwxbykpEow=="
"2026-09-17T08:28:03.6348Z",moneybolt,playSWEEPSWinZone,ps,web,gold,regular,"3000.0","0.0",lose,"EneQIGWwUpLb2WWgtoXGjg=="
"2026-09-17T08:27:45.3583Z",moneybolt,playSWEEPSWinZone,ps,web,gold,regular,"3000.0","0.0",lose,"lioJcYWQyyiLx+igvj3UEA=="
"2026-09-17T08:27:34.4544Z",moneybolt,playSWEEPSWinZone,ps,web,gold,regular,"3000.0","0.0",lose,"XIblZSn/eKIK5p9/L2JRRA=="
"2026-09-17T08:27:28.5453Z",moneybolt,playSWEEPSWinZone,ps,web,gold,regular,"3000.0","0.0",lose,"Ezbd3FMmVLUVo4sW4q0fTg=="
"2026-09-17T08:10:07.9094Z",moneybolt,playSWEEPSWinZone,ps,web,gold,regular,"3000.0","0.0",lose,"7R3FRdJHwrxSIpT7nR9zXQ=="
"2026-09-17T08:09:52.5795Z",moneybolt,playSWEEPSWinZone,ps,web,gold,regular,"3000.0","0.0",lose,"fV0GDZ3TiGpHQ0CnvzkZ9A=="
"2026-09-17T08:09:49.7760Z",moneybolt,playSWEEPSWinZone,ps,web,gold,regular,"3000.0","0.0",lose,"My25tTjKJwI/QprslRkJ6A=="
"2026-09-17T08:09:43.8755Z",moneybolt,playSWEEPSWinZone,ps,web,gold,regular,"3000.0","0.0",lose,"QumDYPlqJEt6RwKsmHeEjg=="
"2026-09-17T08:09:35.3633Z",moneybolt,playSWEEPSWinZone,ps,web,gold,regular,"3000.0","300.0",win,"bjJWRDd2oEzcb+rlankM1w=="
"2026-09-17T08:09:23.2779Z",moneybolt,playSWEEPSWinZone,ps,web,gold,regular,"3000.0","0.0",lose,"xyq8e+wyBwueKw4rc7pCLA=="
"2026-09-17T08:03:21.6878Z",moneybolt,playSWEEPSWinZone,ps,web,gold,regular,"3000.0","4500.0",win,"YUzQt6mRdwq4NW6uX2LTSA=="
"2026-09-17T08:03:15.8889Z",moneybolt,playSWEEPSWinZone,ps,web,gold,regular,"3000.0","0.0",lose,"xR7pcFmG9zyfM5fMkol8rw=="
"2026-09-17T08:03:02.0503Z",moneybolt,playSWEEPSWinZone,ps,web,gold,regular,"3000.0","300.0",win,"/+82v0mvb0RYelAKQzeGtg=="
"2026-09-17T08:02:50.5429Z",moneybolt,playSWEEPSWinZone,ps,web,gold,regular,"3000.0","0.0",lose,"xibm+V/QUTEBV5TcDjAGmA=="
"2026-09-17T08:02:44.7064Z",moneybolt,playSWEEPSWinZone,ps,web,gold,regular,"3000.0","0.0",lose,"hYZjIEwlOhA6d2nal8CQNA=="
"2026-09-17T08:02:33.6016Z",moneybolt,playSWEEPSWinZone,ps,web,gold,regular,"3000.0","0.0",lose,"k52eAJnttq+noXEmhCLCHg=="
"2026-09-17T07:59:18.9413Z",moneybolt,playSWEEPSWinZone,ps,web,gold,regular,"3000.0","600.0",win,"MNe7/Q75v59y4DiIzLTQNw=="
"2026-09-17T07:59:13.4820Z",moneybolt,playSWEEPSWinZone,ps,web,gold,regular,"3000.0","300.0",win,"NRAcgfpsbFeTCoMs/OP1fw=="
"2026-09-17T07:59:04.5191Z",moneybolt,playSWEEPSWinZone,ps,web,gold,regular,"3000.0","0.0",lose,"hWdj4dKe7YvcKw1MUgu50Q=="
"2026-09-17T07:58:58.8108Z",moneybolt,playSWEEPSWinZone,ps,web,gold,regular,"3000.0","1800.0",win,"UnenUxwUUwHt+c/cYkhbMQ=="
"2026-09-17T07:58:55.8666Z",moneybolt,playSWEEPSWinZone,ps,web,gold,regular,"3000.0","0.0",lose,"hgJBHVdyWEUEQ48smqG4ZQ=="
"2026-09-17T07:58:47.3601Z",moneybolt,playSWEEPSWinZone,ps,web,gold,regular,"3000.0","0.0",lose,"f0syVlOr2LKTpftcdnJkbg=="
"2026-09-17T07:58:22.6293Z",moneybolt,playSWEEPSWinZone,ps,web,gold,regular,"3000.0","0.0",lose,"cMqtuWCyZQqYwJlc131isA=="
"2026-09-17T07:58:13.9223Z",moneybolt,playSWEEPSWinZone,ps,web,gold,regular,"3000.0","0.0",lose,"UxNd4Nnd6e3KWxgrVfcPTQ=="
"2026-09-17T07:58:11.0771Z",moneybolt,playSWEEPSWinZone,ps,web,gold,regular,"3000.0","0.0",lose,"in3EQWc4VYMcnoV2ENOpBA=="
"2026-09-17T07:58:07.6262Z",moneybolt,playSWEEPSWinZone,ps,web,gold,regular,"3000.0","0.0",lose,"iWLKWaF53V0slrIsdaQVxg=="
"2026-09-17T07:58:02.5490Z",moneybolt,playSWEEPSWinZone,ps,web,gold,regular,"3000.0","4500.0",win,"ukhfo0D27HxOD0EarVK0Jw=="
"2026-09-17T07:57:54.4392Z",moneybolt,playSWEEPSWinZone,ps,web,gold,regular,"3000.0","1200.0",win,"Y/Oh014Bjpma6lESxVRHng=="
"2026-09-17T07:57:49.3899Z",moneybolt,playSWEEPSWinZone,ps,web,gold,regular,"3000.0","1500.0",win,"O0+mi6xZgsnPNmkk5PkMhw=="
"2026-09-17T07:57:42.3291Z",moneybolt,playSWEEPSWinZone,ps,web,gold,regular,"3000.0","0.0",lose,"4sxzCfmiy0Lc8EsAlYURIw=="
"2026-09-17T07:57:25.6750Z",moneybolt,playSWEEPSWinZone,ps,web,gold,regular,"3000.0","1500.0",win,"Hu00jauQ6jDGySWXnmcWCQ=="
"2026-09-17T07:57:22.6593Z",moneybolt,playSWEEPSWinZone,ps,web,gold,regular,"3000.0","0.0",lose,"rhB1xwPtIUFWYSvQ4qmycg=="
"2026-09-17T07:57:19.6706Z",moneybolt,playSWEEPSWinZone,ps,web,gold,regular,"3000.0","0.0",lose,"6UUBCjI2XjLC9/VqK0yNXg=="
"2026-09-17T07:52:10.4977Z",moneybolt,playSWEEPSWinZone,ps,web,gold,regular,"3000.0","0.0",lose,"Ifa+GZ6ZTEH39Hk5rSoqug=="
"2026-09-16T08:12:36.8789Z",starburstgalaxy,playSWEEPSWinZone,evolution,app,sweep,regular,"1.0","0.0",lose,"67a9db2a-00a3-48f3-8193-ab3be4cc50d4"
"2026-09-16T08:09:07.2013Z",starburstgalaxy,playSWEEPSWinZone,evolution,app,gold,regular,"1000.0","6500.0",win,"bc27678e-93bc-4578-8838-ce4079acec1e"
"2026-09-16T08:06:41.2561Z",starburstgalaxy,playSWEEPSWinZone,evolution,app,gold,regular,"1000.0","1500.0",win,"7b4b54e6-11e8-429e-8c65-f1a6e97dd8af"
"2026-09-16T08:06:35.4369Z",starburstgalaxy,playSWEEPSWinZone,evolution,app,gold,regular,"1000.0","0.0",lose,"eca987f5-75a6-4cff-b57b-ac3c439dced4"
"2026-09-16T08:06:33.9374Z",starburstgalaxy,playSWEEPSWinZone,evolution,app,gold,regular,"1000.0","0.0",lose,"c477ac71-4918-4113-a155-4fd9e18c801b"
"2026-09-16T08:06:26.1842Z",starburstgalaxy,playSWEEPSWinZone,evolution,app,gold,regular,"1000.0","0.0",lose,"8565e5f5-ce1b-4518-99df-8663435bc08e"
"2026-09-16T08:06:22.3713Z",starburstgalaxy,playSWEEPSWinZone,evolution,app,gold,regular,"1000.0","0.0",lose,"a49e30e2-c3c3-4b28-886a-968b481b7180"
"2026-09-16T08:06:18.8032Z",starburstgalaxy,playSWEEPSWinZone,evolution,app,gold,regular,"1000.0","500.0",win,"7898b544-8972-4dca-8f4a-fd2b4e70d87c"
"2026-09-16T08:06:12.9595Z",starburstgalaxy,playSWEEPSWinZone,evolution,app,gold,regular,"1000.0","0.0",lose,"ebc7bf92-3983-44dd-9797-7f31b7fae69d"
"2026-09-16T08:06:07.1660Z",starburstgalaxy,playSWEEPSWinZone,evolution,app,gold,regular,"1000.0","4250.0",win,"6e545525-39da-4508-a202-cb93bfeac03e"
"2026-09-16T08:05:32.6556Z",starburstgalaxy,playSWEEPSWinZone,evolution,app,gold,regular,"1000.0","0.0",lose,"a962db4c-fcfa-4aee-aa3f-9d20dce39db4"
"2026-09-16T08:18:58.4479Z",starburstgalaxy,playSWEEPSWinZone,evolution,app,gold,regular,"2000.0","0.0",lose,"f151b6a9-2a6f-41e0-975a-8cf7a52b17dd"
"2026-09-16T08:18:56.5738Z",starburstgalaxy,playSWEEPSWinZone,evolution,app,gold,regular,"2000.0","0.0",lose,"fd001eb5-e6b4-4a70-935d-a725121f07a9"
"2026-09-16T08:18:50.3151Z",starburstgalaxy,playSWEEPSWinZone,evolution,app,gold,regular,"2000.0","26500.0",win,"4417ceca-10e7-4a30-9579-7dabd6c7cfc8"
"2026-09-16T08:15:27.0746Z",starburstgalaxy,playSWEEPSWinZone,evolution,app,gold,regular,"2000.0","0.0",lose,"2e6368d7-d961-4ea2-bc81-afd14139c94c"
"2026-09-16T08:15:25.6748Z",starburstgalaxy,playSWEEPSWinZone,evolution,app,gold,regular,"2000.0","0.0",lose,"8ddec07a-01ff-45ec-862f-e4edcd876ca7"
"2026-09-16T08:15:23.1020Z",starburstgalaxy,playSWEEPSWinZone,evolution,app,gold,regular,"2000.0","0.0",lose,"fe34c376-182f-4f76-b899-8929c28b7630"
"2026-09-16T08:15:21.3066Z",starburstgalaxy,playSWEEPSWinZone,evolution,app,gold,regular,"2000.0","0.0",lose,"0aeb33a9-e45f-472d-b464-76ec9c053a7b"
"2026-09-16T08:15:19.6022Z",starburstgalaxy,playSWEEPSWinZone,evolution,app,gold,regular,"2000.0","0.0",lose,"5982859b-b158-49cd-bef7-926faeb976af"
"2026-09-16T08:13:48.4174Z",starburstgalaxy,playSWEEPSWinZone,evolution,app,sweep,regular,"1.0","0.0",lose,"12802183-b311-45f8-8792-3e9a1709e4e6"
